time,open,high,low,close
2023-09-23 00:00:00+00:00,37.29,37.83,36.25,37.64
2023-09-24 00:00:00+00:00,37.64,39.92,36.61,38.6
2023-09-25 00:00:00+00:00,38.6,40.34,38.0,39.25
2023-09-26 00:00:00+00:00,39.25,40.45,38.51,38.67
2023-09-27 00:00:00+00:00,38.67,39.64,35.54,36.06
2023-09-28 00:00:00+00:00,36.06,40.38,35.39,38.63
2023-09-29 00:00:00+00:00,38.63,38.85,33.04,33.04
2023-09-30 00:00:00+00:00,33.04,35.93,32.33,35.89
2023-10-01 00:00:00+00:00,35.89,37.59,35.48,37.5
2023-10-02 00:00:00+00:00,37.49,40.8,36.2,38.17
2023-10-03 00:00:00+00:00,37.53,38.35,36.94,37.96
2023-10-04 00:00:00+00:00,37.96,38.19,37.04,37.28
2023-10-05 00:00:00+00:00,37.28,38.35,36.65,36.75
2023-10-06 00:00:00+00:00,36.75,36.8,34.47,35.06
2023-10-07 00:00:00+00:00,35.06,37.87,34.79,37.61
2023-10-08 00:00:00+00:00,37.61,38.01,36.29,37.85
2023-10-09 00:00:00+00:00,37.85,39.05,36.76,36.81
2023-10-10 00:00:00+00:00,36.81,39.06,36.67,38.53
2023-10-11 00:00:00+00:00,38.53,38.64,36.09,36.88
2023-10-12 00:00:00+00:00,36.88,37.82,35.16,35.19
2023-10-13 00:00:00+00:00,35.19,36.86,34.97,35.37
2023-10-14 00:00:00+00:00,35.37,36.57,34.82,36.53
2023-10-15 00:00:00+00:00,36.53,38.19,36.44,38.16
2023-10-16 00:00:00+00:00,38.17,45.18,36.27,42.63
2023-10-17 00:00:00+00:00,42.63,42.68,40.81,41.08
2023-10-18 00:00:00+00:00,41.08,41.09,39.21,39.24
2023-10-19 00:00:00+00:00,39.24,40.58,39.04,39.18
2023-10-20 00:00:00+00:00,39.18,46.59,39.08,44.26
2023-10-21 00:00:00+00:00,44.26,46.45,42.74,45.9
2023-10-22 00:00:00+00:00,45.9,48.92,45.14,48.81
2023-10-23 00:00:00+00:00,48.81,64.06,47.91,55.37
2023-10-24 00:00:00+00:00,55.37,63.84,53.06,54.19
2023-10-25 00:00:00+00:00,54.19,60.04,53.32,58.36
2023-10-26 00:00:00+00:00,58.36,60.82,54.75,55.02
2023-10-27 00:00:00+00:00,55.02,55.02,47.19,47.19
2023-10-28 00:00:00+00:00,47.19,50.41,47.16,50.23
2023-10-29 00:00:00+00:00,50.23,55.16,49.94,54.21
2023-10-30 00:00:00+00:00,54.21,57.29,53.07,53.89
2023-10-31 00:00:00+00:00,53.89,54.76,53.32,54.76
2023-11-01 00:00:00+00:00,54.76,60.03,54.57,59.78
2023-11-02 00:00:00+00:00,59.78,61.94,58.84,60.0
2023-11-03 00:00:00+00:00,60.0,60.62,57.33,57.89
2023-11-04 00:00:00+00:00,57.89,62.57,57.88,62.46
2023-11-05 00:00:00+00:00,62.46,62.77,59.36,60.1
2023-11-06 00:00:00+00:00,60.1,60.97,57.32,57.36
2023-11-07 00:00:00+00:00,55.68,57.02,52.02,55.48
2023-11-08 00:00:00+00:00,55.48,58.03,54.31,57.58
2023-11-09 00:00:00+00:00,57.58,65.12,57.53,58.87
2023-11-10 00:00:00+00:00,58.87,59.33,55.91,56.84
2023-11-11 00:00:00+00:00,56.84,58.09,56.41,58.09
2023-11-12 00:00:00+00:00,58.09,58.44,56.39,58.33
2023-11-13 00:00:00+00:00,58.33,59.04,56.12,56.26
2023-11-14 00:00:00+00:00,56.26,57.45,55.64,56.24
2023-11-15 00:00:00+00:00,56.24,60.51,54.0,60.51
2023-11-16 00:00:00+00:00,60.51,61.88,55.07,55.35
2023-11-17 00:00:00+00:00,55.35,56.53,54.48,55.4
2023-11-18 00:00:00+00:00,55.4,55.49,53.19,54.38
2023-11-19 00:00:00+00:00,54.38,57.04,53.5,56.54
2023-11-20 00:00:00+00:00,56.54,58.15,54.37,57.94
2023-11-21 00:00:00+00:00,57.94,59.34,55.34,55.72
2023-11-22 00:00:00+00:00,55.72,56.92,53.49,55.5
2023-11-23 00:00:00+00:00,55.5,55.91,53.59,53.87
2023-11-24 00:00:00+00:00,53.87,55.28,50.94,53.65
2023-11-25 00:00:00+00:00,53.65,53.68,51.51,52.13
2023-11-26 00:00:00+00:00,52.13,53.71,52.09,53.19
2023-11-27 00:00:00+00:00,53.19,53.28,50.39,50.62
2023-11-28 00:00:00+00:00,50.62,51.88,49.67,50.58
2023-11-29 00:00:00+00:00,50.58,52.37,50.33,51.9
2023-11-30 00:00:00+00:00,51.9,52.79,49.64,49.8
2023-12-01 00:00:00+00:00,49.8,52.41,49.61,51.46
2023-12-02 00:00:00+00:00,51.46,54.21,50.61,52.35
2023-12-03 00:00:00+00:00,52.35,56.16,52.12,54.72
2023-12-04 00:00:00+00:00,54.72,55.85,53.55,55.09
2023-12-05 00:00:00+00:00,55.09,55.72,53.08,55.71
2023-12-06 00:00:00+00:00,55.71,57.1,53.51,53.71
2023-12-07 00:00:00+00:00,53.71,54.02,52.29,52.4
2023-12-08 00:00:00+00:00,52.4,53.83,51.89,53.72
2023-12-09 00:00:00+00:00,53.72,54.33,52.75,53.98
2023-12-10 00:00:00+00:00,53.98,55.03,53.62,55.03
2023-12-11 00:00:00+00:00,55.03,58.92,54.25,55.59
2023-12-12 00:00:00+00:00,53.83,54.73,53.46,53.87
2023-12-13 00:00:00+00:00,53.87,54.77,52.95,53.46
2023-12-14 00:00:00+00:00,53.46,54.07,52.32,53.13
2023-12-15 00:00:00+00:00,53.13,54.9,52.53,54.15
2023-12-16 00:00:00+00:00,54.15,54.15,53.07,53.81
2023-12-17 00:00:00+00:00,53.81,54.89,53.31,54.6
2023-12-18 00:00:00+00:00,54.6,56.22,54.17,56.02
2023-12-19 00:00:00+00:00,56.02,57.67,56.02,57.62
2023-12-20 00:00:00+00:00,57.62,58.86,56.99,58.1
2023-12-21 00:00:00+00:00,57.24,59.09,57.24,58.63
2023-12-22 00:00:00+00:00,58.63,59.04,56.86,57.24
2023-12-23 00:00:00+00:00,57.24,57.31,56.39,56.97
2023-12-24 00:00:00+00:00,56.97,59.63,56.57,58.73
2023-12-25 00:00:00+00:00,58.73,59.4,56.57,58.26
2023-12-26 00:00:00+00:00,58.26,60.13,57.62,59.98
2023-12-27 00:00:00+00:00,59.98,64.6,59.69,64.35
2023-12-28 00:00:00+00:00,64.35,64.94,62.5,63.75
2023-12-29 00:00:00+00:00,63.75,64.26,61.38,62.5
2023-12-30 00:00:00+00:00,62.5,64.68,62.01,63.11
2023-12-31 00:00:00+00:00,63.11,64.98,62.61,64.71
2024-01-01 00:00:00+00:00,64.71,66.89,63.88,66.81
2024-01-02 00:00:00+00:00,66.81,68.04,63.73,63.75
2024-01-03 00:00:00+00:00,63.75,67.12,62.13,65.17
2024-01-04 00:00:00+00:00,65.17,66.59,63.74,65.34
2024-01-05 00:00:00+00:00,65.34,68.25,65.27,67.64
2024-01-06 00:00:00+00:00,67.64,72.33,66.75,71.39
2024-01-07 00:00:00+00:00,71.39,73.48,70.85,71.81
2024-01-08 00:00:00+00:00,71.81,73.59,67.15,67.16
2024-01-09 00:00:00+00:00,67.16,67.48,63.68,64.17
2024-01-10 00:00:00+00:00,64.17,68.04,61.79,62.7
2024-01-11 00:00:00+00:00,62.7,63.25,57.3,57.3
2024-01-12 00:00:00+00:00,57.3,58.36,54.8,57.42
2024-01-13 00:00:00+00:00,57.42,57.54,54.41,55.07
2024-01-14 00:00:00+00:00,55.07,56.91,54.7,56.87
2024-01-15 00:00:00+00:00,56.87,57.66,55.37,55.96
2024-01-16 00:00:00+00:00,56.2,56.5,54.0,55.16
2024-01-17 00:00:00+00:00,55.16,55.19,50.79,50.79
2024-01-18 00:00:00+00:00,50.79,50.79,46.81,48.31
2024-01-19 00:00:00+00:00,48.3,48.7,45.9,48.04
2024-01-20 00:00:00+00:00,48.05,48.21,45.64,47.96
2024-01-21 00:00:00+00:00,47.96,48.14,46.51,47.82
2024-01-22 00:00:00+00:00,47.82,49.04,47.24,48.98
2024-01-23 00:00:00+00:00,48.98,53.2,46.88,49.59
2024-01-24 00:00:00+00:00,49.59,50.23,47.19,47.54
2024-01-25 00:00:00+00:00,47.54,47.71,44.6,45.01
2024-01-26 00:00:00+00:00,45.01,45.64,43.34,43.73
2024-01-27 00:00:00+00:00,43.73,43.75,41.46,42.43
2024-01-28 00:00:00+00:00,42.43,45.85,42.43,45.25
2024-01-29 00:00:00+00:00,45.25,46.33,44.18,45.36
2024-01-30 00:00:00+00:00,45.36,47.29,45.25,46.91
2024-01-31 00:00:00+00:00,46.91,47.19,45.77,45.79
2024-02-01 00:00:00+00:00,45.79,46.07,44.32,44.76
2024-02-02 00:00:00+00:00,44.76,45.25,42.27,42.41
2024-02-03 00:00:00+00:00,42.41,42.98,41.46,41.52
2024-02-04 00:00:00+00:00,41.52,43.03,41.45,42.69
2024-02-05 00:00:00+00:00,42.69,43.34,41.78,42.37
2024-02-06 00:00:00+00:00,42.37,43.58,41.83,42.87
2024-02-07 00:00:00+00:00,42.87,44.09,41.81,43.82
2024-02-08 00:00:00+00:00,43.82,46.07,43.81,44.91
2024-02-09 00:00:00+00:00,44.91,48.67,44.74,47.79
2024-02-10 00:00:00+00:00,47.79,50.58,46.54,49.91
2024-02-11 00:00:00+00:00,49.91,51.52,49.46,51.29
2024-02-12 00:00:00+00:00,51.29,55.53,50.27,54.28
2024-02-13 00:00:00+00:00,54.56,55.31,52.1,52.19
2024-02-14 00:00:00+00:00,52.19,56.44,51.72,55.13
2024-02-15 00:00:00+00:00,55.13,57.37,54.38,55.08
2024-02-16 00:00:00+00:00,55.08,55.9,54.05,55.24
2024-02-17 00:00:00+00:00,55.24,56.31,54.37,56.24
2024-02-18 00:00:00+00:00,56.24,57.57,54.97,57.24
2024-02-19 00:00:00+00:00,57.24,57.55,55.62,56.83
2024-02-20 00:00:00+00:00,56.83,57.83,55.59,55.63
2024-02-21 00:00:00+00:00,55.63,55.63,53.1,54.01
2024-02-22 00:00:00+00:00,54.01,55.76,52.89,55.38
2024-02-23 00:00:00+00:00,55.38,55.54,51.54,52.23
2024-02-24 00:00:00+00:00,52.23,54.96,52.13,54.18
2024-02-25 00:00:00+00:00,54.18,56.59,54.13,55.17
2024-02-26 00:00:00+00:00,55.17,57.09,54.46,56.05
2024-02-27 00:00:00+00:00,56.05,62.57,56.05,58.36
2024-02-28 00:00:00+00:00,58.36,73.6,54.99,67.76
2024-02-29 00:00:00+00:00,67.76,73.2,65.32,65.54
2024-03-01 00:00:00+00:00,65.54,66.45,63.23,65.37
2024-03-02 00:00:00+00:00,65.37,65.82,64.08,65.82
2024-03-03 00:00:00+00:00,65.82,71.84,65.52,71.72
2024-03-04 00:00:00+00:00,71.71,78.68,70.73,74.81
2024-03-05 00:00:00+00:00,74.81,77.17,73.14,73.19
2024-03-06 00:00:00+00:00,73.19,77.52,70.88,74.85
2024-03-07 00:00:00+00:00,74.85,75.08,69.68,69.68
2024-03-08 00:00:00+00:00,69.68,76.0,68.52,71.87
2024-03-09 00:00:00+00:00,72.11,75.44,71.47,75.04
2024-03-10 00:00:00+00:00,75.04,80.85,74.92,80.12
2024-03-11 00:00:00+00:00,80.12,85.28,77.26,83.02
2024-03-12 00:00:00+00:00,83.02,83.03,76.37,78.08
2024-03-13 00:00:00+00:00,78.08,81.86,77.19,77.5
2024-03-14 00:00:00+00:00,77.5,77.9,73.09,74.58
2024-03-15 00:00:00+00:00,74.58,78.25,73.22,76.7
2024-03-16 00:00:00+00:00,76.71,77.01,70.95,75.73
2024-03-17 00:00:00+00:00,75.73,78.14,75.69,75.93
2024-03-18 00:00:00+00:00,75.93,77.81,73.26,74.08
2024-03-19 00:00:00+00:00,74.08,76.61,71.35,76.61
2024-03-20 00:00:00+00:00,76.61,79.78,75.28,77.73
2024-03-21 00:00:00+00:00,77.73,78.12,74.29,75.26
2024-03-22 00:00:00+00:00,75.26,75.55,71.72,72.46
2024-03-23 00:00:00+00:00,72.46,74.63,72.15,73.68
2024-03-24 00:00:00+00:00,73.68,74.62,71.77,72.62
2024-03-25 00:00:00+00:00,72.62,77.0,72.45,76.25
2024-03-26 00:00:00+00:00,76.25,76.63,75.13,75.39
2024-03-27 00:00:00+00:00,75.39,76.52,74.11,75.78
2024-03-28 00:00:00+00:00,75.78,77.25,75.57,76.53
2024-03-29 00:00:00+00:00,76.53,76.68,72.9,73.11
2024-03-30 00:00:00+00:00,73.11,75.87,71.67,74.93
2024-03-31 00:00:00+00:00,74.93,76.91,74.91,76.64
2024-04-01 00:00:00+00:00,76.64,76.83,73.49,73.81
2024-04-02 00:00:00+00:00,73.81,75.34,73.58,74.37
2024-04-03 00:00:00+00:00,74.38,74.72,72.15,72.45
2024-04-04 00:00:00+00:00,72.45,72.73,69.99,72.31
2024-04-05 00:00:00+00:00,72.31,73.54,71.68,71.96
2024-04-06 00:00:00+00:00,71.96,73.54,71.66,72.3
2024-04-07 00:00:00+00:00,72.3,77.44,72.26,77.43
2024-04-08 00:00:00+00:00,77.43,79.77,74.72,76.25
2024-04-09 00:00:00+00:00,76.25,76.3,73.68,73.69
2024-04-10 00:00:00+00:00,73.69,74.1,72.12,72.32
2024-04-11 00:00:00+00:00,72.32,72.36,68.23,68.42
2024-04-12 00:00:00+00:00,68.42,68.76,65.71,66.94
2024-04-13 00:00:00+00:00,66.94,74.89,66.76,72.95
2024-04-14 00:00:00+00:00,72.95,73.79,71.3,71.99
2024-04-15 00:00:00+00:00,71.99,72.97,68.4,70.48
2024-04-16 00:00:00+00:00,70.48,73.61,70.38,70.88
2024-04-17 00:00:00+00:00,70.88,71.79,67.83,70.72
2024-04-18 00:00:00+00:00,70.72,71.22,67.89,69.98
2024-04-19 00:00:00+00:00,69.98,73.06,68.88,70.4
2024-04-20 00:00:00+00:00,70.4,73.0,68.49,71.98
2024-04-21 00:00:00+00:00,71.98,72.42,71.37,72.05
2024-04-22 00:00:00+00:00,72.05,72.06,69.1,69.37
2024-04-23 00:00:00+00:00,69.37,69.42,64.11,64.16
2024-04-24 00:00:00+00:00,64.16,66.04,62.39,62.44
2024-04-25 00:00:00+00:00,62.44,62.44,57.82,59.29
2024-04-26 00:00:00+00:00,59.29,59.43,54.23,55.12
2024-04-27 00:00:00+00:00,55.12,55.97,54.21,54.69
2024-04-28 00:00:00+00:00,54.68,57.27,53.89,56.79
2024-04-29 00:00:00+00:00,56.79,56.92,55.09,55.33
2024-04-30 00:00:00+00:00,55.33,62.84,52.22,59.81
2024-05-01 00:00:00+00:00,59.81,63.57,58.29,61.22
2024-05-02 00:00:00+00:00,61.22,62.23,55.84,56.77
2024-05-03 00:00:00+00:00,56.77,57.08,54.3,55.88
2024-05-04 00:00:00+00:00,55.88,58.3,55.88,56.89
2024-05-05 00:00:00+00:00,56.89,59.46,56.53,58.65
2024-05-06 00:00:00+00:00,58.65,59.08,55.56,55.57
2024-05-07 00:00:00+00:00,55.57,56.04,53.72,53.76
2024-05-08 00:00:00+00:00,53.76,55.49,52.28,55.43
2024-05-09 00:00:00+00:00,55.43,55.48,52.15,52.17
2024-05-10 00:00:00+00:00,52.17,55.02,50.76,54.27
2024-05-11 00:00:00+00:00,54.27,54.49,52.64,54.17
2024-05-12 00:00:00+00:00,54.17,55.82,53.9,54.52
2024-05-13 00:00:00+00:00,54.52,57.73,54.4,56.13
2024-05-14 00:00:00+00:00,56.13,57.09,55.61,56.23
2024-05-15 00:00:00+00:00,56.23,60.82,55.67,58.61
2024-05-16 00:00:00+00:00,58.61,58.72,57.24,57.49
2024-05-17 00:00:00+00:00,57.49,57.67,54.81,55.26
2024-05-18 00:00:00+00:00,55.26,57.31,55.14,56.67
2024-05-19 00:00:00+00:00,56.67,57.62,56.38,57.32
2024-05-20 00:00:00+00:00,57.32,61.94,56.76,61.94
2024-05-21 00:00:00+00:00,61.94,62.13,58.18,58.59
2024-05-22 00:00:00+00:00,58.59,59.7,55.95,56.8
2024-05-23 00:00:00+00:00,56.8,56.86,53.16,53.18
2024-05-24 00:00:00+00:00,53.18,53.29,51.0,52.29
2024-05-25 00:00:00+00:00,52.29,52.82,51.69,52.21
2024-05-26 00:00:00+00:00,52.21,53.78,52.09,53.73
2024-05-27 00:00:00+00:00,53.73,54.86,52.34,53.91
2024-05-28 00:00:00+00:00,53.91,55.85,52.89,54.76
2024-05-29 00:00:00+00:00,54.76,55.13,52.85,53.24
2024-05-30 00:00:00+00:00,53.24,53.57,52.13,53.27
2024-05-31 00:00:00+00:00,53.27,53.27,50.23,51.99
2024-06-01 00:00:00+00:00,51.99,52.0,49.97,50.68
2024-06-02 00:00:00+00:00,50.68,51.67,50.39,51.11
2024-06-03 00:00:00+00:00,51.11,53.78,50.9,52.77
2024-06-04 00:00:00+00:00,51.71,54.77,51.52,53.95
2024-06-05 00:00:00+00:00,53.95,57.13,53.94,55.62
2024-06-06 00:00:00+00:00,55.62,55.72,51.81,51.87
2024-06-07 00:00:00+00:00,51.87,54.27,50.02,50.02
2024-06-08 00:00:00+00:00,50.01,51.28,49.67,50.34
2024-06-09 00:00:00+00:00,50.34,52.12,49.74,51.79
2024-06-10 00:00:00+00:00,51.79,52.16,50.79,50.88
2024-06-11 00:00:00+00:00,50.88,53.05,50.44,52.49
2024-06-12 00:00:00+00:00,52.49,53.9,50.51,50.56
2024-06-13 00:00:00+00:00,50.56,50.65,48.57,49.23
2024-06-14 00:00:00+00:00,49.23,49.87,47.45,48.56
2024-06-15 00:00:00+00:00,48.56,49.47,47.68,48.03
2024-06-16 00:00:00+00:00,48.03,48.35,47.83,47.9
2024-06-17 00:00:00+00:00,47.9,49.55,47.9,48.81
2024-06-18 00:00:00+00:00,48.81,50.52,48.33,50.06
2024-06-19 00:00:00+00:00,50.06,51.05,48.57,48.6
2024-06-20 00:00:00+00:00,48.6,49.39,48.28,48.28
2024-06-21 00:00:00+00:00,48.28,48.4,46.25,47.11
2024-06-22 00:00:00+00:00,47.11,47.24,46.16,46.43
2024-06-23 00:00:00+00:00,46.43,48.33,46.09,48.23
2024-06-24 00:00:00+00:00,49.32,53.06,49.13,50.96
2024-06-25 00:00:00+00:00,50.96,50.97,47.82,48.14
2024-06-26 00:00:00+00:00,48.14,48.14,46.66,47.05
2024-06-27 00:00:00+00:00,47.05,48.07,46.58,47.94
2024-06-28 00:00:00+00:00,47.94,47.98,44.38,45.4
2024-06-29 00:00:00+00:00,45.4,45.59,43.23,43.47
2024-06-30 00:00:00+00:00,43.47,45.9,43.35,45.44
2024-07-01 00:00:00+00:00,45.44,45.45,43.76,44.71
2024-07-02 00:00:00+00:00,44.71,44.81,42.29,42.33
2024-07-03 00:00:00+00:00,41.41,45.88,41.23,45.36
2024-07-04 00:00:00+00:00,45.36,49.94,45.22,47.53
2024-07-05 00:00:00+00:00,47.53,54.86,47.53,48.98
2024-07-06 00:00:00+00:00,48.98,49.84,47.65,48.21
2024-07-07 00:00:00+00:00,48.21,51.44,47.99,50.99
2024-07-08 00:00:00+00:00,50.99,53.54,50.4,51.03
2024-07-09 00:00:00+00:00,51.03,52.16,50.04,50.05
2024-07-10 00:00:00+00:00,50.05,50.21,48.45,48.69
2024-07-11 00:00:00+00:00,48.69,49.2,48.14,48.54
2024-07-12 00:00:00+00:00,48.54,48.54,46.14,46.32
2024-07-13 00:00:00+00:00,46.32,49.18,45.17,49.18
2024-07-14 00:00:00+00:00,49.18,51.07,48.5,49.3
2024-07-15 00:00:00+00:00,49.3,54.56,48.89,54.52
2024-07-16 00:00:00+00:00,54.52,56.54,54.13,56.49
2024-07-17 00:00:00+00:00,56.49,62.85,56.49,58.28
2024-07-18 00:00:00+00:00,58.28,58.3,55.87,57.1
2024-07-19 00:00:00+00:00,57.1,62.25,55.99,60.8
2024-07-20 00:00:00+00:00,60.8,63.03,59.26,62.65
2024-07-21 00:00:00+00:00,62.65,68.45,61.46,66.0
2024-07-22 00:00:00+00:00,66.0,68.27,61.61,67.63
2024-07-23 00:00:00+00:00,67.63,68.62,63.9,63.91
2024-07-24 00:00:00+00:00,63.91,63.97,61.14,61.39
2024-07-25 00:00:00+00:00,61.39,62.34,59.83,61.81
2024-07-26 00:00:00+00:00,61.81,62.69,59.66,60.1
2024-07-27 00:00:00+00:00,60.1,60.56,54.92,55.04
2024-07-28 00:00:00+00:00,55.04,55.24,51.52,52.65
2024-07-29 00:00:00+00:00,52.65,56.35,51.73,51.73
2024-07-30 00:00:00+00:00,51.73,51.73,49.49,50.62
2024-07-31 00:00:00+00:00,50.62,50.65,48.54,48.73
2024-08-01 00:00:00+00:00,48.73,50.43,47.23,49.81
2024-08-02 00:00:00+00:00,49.81,51.49,46.91,51.4
2024-08-03 00:00:00+00:00,51.41,52.18,48.92,51.45
2024-08-04 00:00:00+00:00,51.45,56.98,51.23,56.13
2024-08-05 00:00:00+00:00,56.13,92.71,56.02,63.08
2024-08-06 00:00:00+00:00,63.08,63.21,59.24,61.54
2024-08-07 00:00:00+00:00,61.54,61.54,58.44,60.88
2024-08-08 00:00:00+00:00,60.73,60.99,55.56,56.81
2024-08-09 00:00:00+00:00,56.8,56.86,54.44,55.02
2024-08-10 00:00:00+00:00,55.02,56.51,54.33,56.28
2024-08-11 00:00:00+00:00,56.28,57.24,55.74,57.11
2024-08-12 00:00:00+00:00,57.11,58.41,56.9,57.48
2024-08-13 00:00:00+00:00,57.48,57.8,56.68,56.92
2024-08-14 00:00:00+00:00,56.92,57.4,55.3,55.31
2024-08-15 00:00:00+00:00,55.31,55.91,53.43,55.64
2024-08-16 00:00:00+00:00,55.64,55.65,53.12,53.12
2024-08-17 00:00:00+00:00,53.12,53.87,52.3,53.71
2024-08-18 00:00:00+00:00,53.71,55.72,53.67,55.32
2024-08-19 00:00:00+00:00,54.4,54.44,53.67,53.68
2024-08-20 00:00:00+00:00,53.68,54.44,52.91,54.06
2024-08-21 00:00:00+00:00,54.06,55.77,53.88,54.68
2024-08-22 00:00:00+00:00,54.68,55.49,53.84,53.99
2024-08-23 00:00:00+00:00,53.99,55.85,52.27,55.43
2024-08-24 00:00:00+00:00,55.43,55.51,53.99,55.14
2024-08-25 00:00:00+00:00,55.14,55.92,53.85,54.2
2024-08-26 00:00:00+00:00,54.2,54.34,50.77,51.58
2024-08-27 00:00:00+00:00,51.58,55.13,49.13,52.69
2024-08-28 00:00:00+00:00,52.69,54.86,50.98,52.91
2024-08-29 00:00:00+00:00,52.91,53.58,51.7,52.98
2024-08-30 00:00:00+00:00,52.98,53.22,50.5,51.96
2024-08-31 00:00:00+00:00,51.96,51.96,50.14,50.48
2024-09-01 00:00:00+00:00,50.48,54.42,50.3,54.36
2024-09-02 00:00:00+00:00,54.36,54.72,52.89,52.92
2024-09-03 00:00:00+00:00,52.78,55.73,52.57,55.29
2024-09-04 00:00:00+00:00,55.29,58.72,55.08,55.73
2024-09-05 00:00:00+00:00,55.73,57.3,55.51,56.79
2024-09-06 00:00:00+00:00,56.79,60.77,56.06,59.46
2024-09-07 00:00:00+00:00,59.45,59.45,57.91,58.84
2024-09-08 00:00:00+00:00,58.84,59.32,57.75,59.32
2024-09-09 00:00:00+00:00,59.32,59.35,58.01,58.82
2024-09-10 00:00:00+00:00,58.82,58.83,56.61,57.18
2024-09-11 00:00:00+00:00,57.18,57.2,54.09,54.84
2024-09-12 00:00:00+00:00,54.84,55.56,53.81,53.96
2024-09-13 00:00:00+00:00,53.96,54.26,52.4,52.51
2024-09-14 00:00:00+00:00,52.51,53.01,51.68,52.48
2024-09-15 00:00:00+00:00,52.48,53.49,52.42,53.21
2024-09-16 00:00:00+00:00,53.21,54.18,52.81,53.29
2024-09-17 00:00:00+00:00,53.29,55.12,53.12,53.12
2024-09-18 00:00:00+00:00,53.12,55.24,51.38,51.59
2024-09-19 00:00:00+00:00,51.59,52.67,50.38,51.95
2024-09-20 00:00:00+00:00,51.95,52.89,49.91,50.15
2024-09-21 00:00:00+00:00,50.15,51.04,49.99,51.04
2024-09-22 00:00:00+00:00,51.04,51.34,50.05,51.13
2024-09-23 00:00:00+00:00,51.13,51.58,50.38,50.45
2024-09-24 00:00:00+00:00,50.45,51.6,50.06,51.52
2024-09-25 00:00:00+00:00,51.52,51.67,49.52,49.75
2024-09-26 00:00:00+00:00,49.75,52.52,49.6,52.38
2024-09-27 00:00:00+00:00,52.38,53.39,51.29,51.91
2024-09-28 00:00:00+00:00,51.91,52.67,51.84,52.6
2024-09-29 00:00:00+00:00,52.6,54.16,52.47,54.02
2024-09-30 00:00:00+00:00,54.02,55.56,53.63,54.21
2024-10-01 00:00:00+00:00,54.21,57.23,54.19,56.64
2024-10-02 00:00:00+00:00,56.64,57.34,56.06,56.35
2024-10-03 00:00:00+00:00,56.35,57.78,55.97,57.45
2024-10-04 00:00:00+00:00,57.45,57.98,55.29,55.53
2024-10-05 00:00:00+00:00,55.53,56.11,54.85,55.41
2024-10-06 00:00:00+00:00,55.41,57.84,55.05,57.17
2024-10-07 00:00:00+00:00,57.17,57.45,55.48,56.6
2024-10-08 00:00:00+00:00,55.72,56.01,54.35,55.63
2024-10-09 00:00:00+00:00,55.63,56.85,55.52,56.11
2024-10-10 00:00:00+00:00,56.12,56.64,54.47,54.97
2024-10-11 00:00:00+00:00,54.97,57.63,54.66,57.51
2024-10-12 00:00:00+00:00,57.52,57.52,55.97,56.84
2024-10-13 00:00:00+00:00,56.84,58.1,56.45,57.14
2024-10-14 00:00:00+00:00,57.14,59.53,57.05,57.85
2024-10-15 00:00:00+00:00,57.85,59.48,56.4,58.15
2024-10-16 00:00:00+00:00,58.15,60.16,57.18,57.44
2024-10-17 00:00:00+00:00,57.44,58.17,55.91,56.4
2024-10-18 00:00:00+00:00,56.4,56.53,54.44,55.18
2024-10-19 00:00:00+00:00,55.18,55.34,53.77,54.7
2024-10-20 00:00:00+00:00,54.7,57.3,54.52,56.66
2024-10-21 00:00:00+00:00,56.66,57.2,54.29,55.69
2024-10-22 00:00:00+00:00,55.7,55.92,54.61,55.77
2024-10-23 00:00:00+00:00,55.77,56.55,54.53,56.29
2024-10-24 00:00:00+00:00,56.29,57.31,54.37,57.3
2024-10-25 00:00:00+00:00,57.3,58.09,54.62,58.08
2024-10-26 00:00:00+00:00,58.08,58.11,54.66,55.36
2024-10-27 00:00:00+00:00,55.36,57.32,55.16,57.18
2024-10-28 00:00:00+00:00,57.18,57.81,55.42,57.78
2024-10-29 00:00:00+00:00,57.78,60.71,57.13,59.83
2024-10-30 00:00:00+00:00,58.81,59.24,57.48,59.11
2024-10-31 00:00:00+00:00,59.11,60.11,57.97,58.23
2024-11-01 00:00:00+00:00,58.23,59.95,57.92,59.77
2024-11-02 00:00:00+00:00,59.77,61.17,59.72,60.26
2024-11-03 00:00:00+00:00,60.26,64.06,59.65,62.49
2024-11-04 00:00:00+00:00,62.49,64.97,61.77,64.97
2024-11-05 00:00:00+00:00,64.97,65.56,61.74,63.71
2024-11-06 00:00:00+00:00,63.71,63.95,54.52,55.97
2024-11-07 00:00:00+00:00,55.97,55.97,53.25,53.55
2024-11-08 00:00:00+00:00,53.55,53.89,49.53,49.85
2024-11-09 00:00:00+00:00,49.85,50.6,49.43,50.54
2024-11-10 00:00:00+00:00,50.54,53.97,50.25,53.28
2024-11-11 00:00:00+00:00,53.28,61.76,51.36,61.52
2024-11-12 00:00:00+00:00,61.52,62.28,57.65,57.69
2024-11-13 00:00:00+00:00,57.69,62.34,56.01,58.54
2024-11-14 00:00:00+00:00,58.54,61.79,57.03,59.46
2024-11-15 00:00:00+00:00,59.46,61.71,56.29,56.29
2024-11-16 00:00:00+00:00,56.07,58.23,56.05,56.84
2024-11-17 00:00:00+00:00,56.84,58.25,55.61,57.23
2024-11-18 00:00:00+00:00,57.23,59.76,57.13,58.3
2024-11-19 00:00:00+00:00,58.3,60.25,57.62,58.25
2024-11-20 00:00:00+00:00,58.25,62.64,57.71,60.18
2024-11-21 00:00:00+00:00,60.18,66.84,60.12,61.29
2024-11-22 00:00:00+00:00,61.29,64.09,60.47,60.78
2024-11-23 00:00:00+00:00,60.78,61.71,59.87,60.89
2024-11-24 00:00:00+00:00,60.89,64.44,59.94,64.09
2024-11-25 00:00:00+00:00,64.09,64.34,60.46,60.65
2024-11-26 00:00:00+00:00,60.65,62.18,57.73,61.23
2024-11-27 00:00:00+00:00,61.23,61.34,58.51,59.73
2024-11-28 00:00:00+00:00,59.73,60.08,56.43,57.55
2024-11-29 00:00:00+00:00,57.57,58.82,55.19,56.11
2024-11-30 00:00:00+00:00,56.29,56.57,54.65,55.17
2024-12-01 00:00:00+00:00,55.17,57.43,55.12,57.2
2024-12-02 00:00:00+00:00,57.2,58.24,55.85,55.94
2024-12-03 00:00:00+00:00,56.77,56.98,55.21,56.5
2024-12-04 00:00:00+00:00,56.5,57.76,54.85,57.17
2024-12-05 00:00:00+00:00,57.17,64.09,56.14,60.96
2024-12-06 00:00:00+00:00,60.96,61.45,56.88,58.44
2024-12-07 00:00:00+00:00,58.44,58.65,56.18,57.2
2024-12-08 00:00:00+00:00,57.2,58.15,56.38,58.15
2024-12-09 00:00:00+00:00,58.15,59.8,58.12,59.74
2024-12-10 00:00:00+00:00,59.74,60.23,57.56,59.18
2024-12-11 00:00:00+00:00,59.18,61.53,59.18,59.94
2024-12-12 00:00:00+00:00,59.94,61.66,59.12,60.14
2024-12-13 00:00:00+00:00,60.14,60.32,58.3,59.0
2024-12-14 00:00:00+00:00,59.0,59.94,57.66,58.08
2024-12-15 00:00:00+00:00,58.08,60.92,57.88,60.65
2024-12-16 00:00:00+00:00,60.65,61.74,58.52,58.54
2024-12-17 00:00:00+00:00,58.54,59.72,57.7,59.51
2024-12-18 00:00:00+00:00,59.51,60.52,58.67,60.49
2024-12-19 00:00:00+00:00,60.56,60.82,58.43,59.6
2024-12-20 00:00:00+00:00,59.6,64.45,58.66,58.87
2024-12-21 00:00:00+00:00,58.87,60.18,57.34,57.87
2024-12-22 00:00:00+00:00,57.87,61.43,57.71,61.43
2024-12-23 00:00:00+00:00,61.43,64.59,59.28,60.21
2024-12-24 00:00:00+00:00,60.21,61.79,59.92,60.83
2024-12-25 00:00:00+00:00,60.83,61.31,59.96,60.73
2024-12-26 00:00:00+00:00,60.73,61.75,59.44,61.67
2024-12-27 00:00:00+00:00,61.67,62.34,59.53,60.61
2024-12-28 00:00:00+00:00,60.61,60.62,59.64,60.43
2024-12-29 00:00:00+00:00,60.43,61.02,59.75,60.48
2024-12-30 00:00:00+00:00,60.48,61.28,59.53,61.03
2024-12-31 00:00:00+00:00,61.03,61.68,59.78,60.03
2025-01-01 00:00:00+00:00,60.03,61.14,59.57,61.1
2025-01-02 00:00:00+00:00,61.1,61.67,59.73,59.85
2025-01-03 00:00:00+00:00,59.85,60.53,58.44,58.74
2025-01-04 00:00:00+00:00,58.74,60.01,58.68,59.87
2025-01-05 00:00:00+00:00,59.87,60.09,59.23,59.55
2025-01-06 00:00:00+00:00,59.55,60.09,58.52,58.84
2025-01-07 00:00:00+00:00,58.84,59.35,58.04,58.6
2025-01-08 00:00:00+00:00,57.86,59.72,57.76,58.47
2025-01-09 00:00:00+00:00,58.47,59.78,57.63,59.47
2025-01-10 00:00:00+00:00,59.47,59.76,57.04,57.19
2025-01-11 00:00:00+00:00,57.19,58.7,57.16,58.52
2025-01-12 00:00:00+00:00,58.52,59.7,58.17,59.57
2025-01-13 00:00:00+00:00,59.57,61.31,59.36,61.25
2025-01-14 00:00:00+00:00,61.25,62.87,60.78,60.87
2025-01-15 00:00:00+00:00,60.87,61.93,60.85,61.23
2025-01-16 00:00:00+00:00,61.23,63.15,60.01,62.56
2025-01-17 00:00:00+00:00,62.56,63.75,61.13,63.19
2025-01-18 00:00:00+00:00,63.19,65.43,62.13,65.04
2025-01-19 00:00:00+00:00,65.04,67.79,65.04,66.02
2025-01-20 00:00:00+00:00,66.02,71.28,62.34,63.07
2025-01-21 00:00:00+00:00,63.07,64.18,61.19,61.92
2025-01-22 00:00:00+00:00,61.92,62.44,60.69,61.04
2025-01-23 00:00:00+00:00,61.04,63.2,59.49,60.08
2025-01-24 00:00:00+00:00,60.08,60.08,57.33,57.37
2025-01-25 00:00:00+00:00,57.37,57.39,56.19,57.05
2025-01-26 00:00:00+00:00,57.05,57.61,56.55,56.74
2025-01-27 00:00:00+00:00,56.74,60.23,56.46,59.05
2025-01-28 00:00:00+00:00,59.05,59.15,56.17,56.2
2025-01-29 00:00:00+00:00,56.2,57.05,55.6,56.15
2025-01-30 00:00:00+00:00,56.15,56.88,53.94,54.64
2025-01-31 00:00:00+00:00,54.64,54.73,51.9,53.32
2025-02-01 00:00:00+00:00,53.32,54.14,51.05,53.77
2025-02-02 00:00:00+00:00,53.77,58.66,53.4,57.04
2025-02-03 00:00:00+00:00,57.04,61.94,55.87,56.94
2025-02-04 00:00:00+00:00,55.61,57.12,54.01,54.03
2025-02-05 00:00:00+00:00,54.03,54.92,53.02,54.53
2025-02-06 00:00:00+00:00,54.53,54.89,53.21,53.91
2025-02-07 00:00:00+00:00,53.9,54.41,52.26,54.17
2025-02-08 00:00:00+00:00,54.17,54.18,52.92,53.49
2025-02-09 00:00:00+00:00,53.49,54.66,53.04,54.21
2025-02-10 00:00:00+00:00,54.21,54.44,52.4,52.4
2025-02-11 00:00:00+00:00,52.4,54.67,52.08,54.23
2025-02-12 00:00:00+00:00,54.23,54.32,51.19,51.49
2025-02-13 00:00:00+00:00,51.49,53.4,51.27,51.76
2025-02-14 00:00:00+00:00,51.77,52.4,50.1,51.6
2025-02-15 00:00:00+00:00,51.6,51.6,50.13,50.61
2025-02-16 00:00:00+00:00,50.61,51.28,50.52,50.84
2025-02-17 00:00:00+00:00,50.84,52.06,50.46,51.73
2025-02-18 00:00:00+00:00,51.73,53.2,50.96,51.69
2025-02-19 00:00:00+00:00,51.69,51.69,49.02,49.15
2025-02-20 00:00:00+00:00,49.15,50.66,48.1,49.06
2025-02-21 00:00:00+00:00,49.06,49.43,47.02,48.71
2025-02-22 00:00:00+00:00,48.71,49.05,48.33,48.6
2025-02-23 00:00:00+00:00,48.6,48.75,47.23,48.47
2025-02-24 00:00:00+00:00,48.47,48.47,46.17,47.07
2025-02-25 00:00:00+00:00,47.07,52.75,46.94,48.59
2025-02-26 00:00:00+00:00,48.59,51.63,47.69,51.3
2025-02-27 00:00:00+00:00,51.3,52.82,49.06,51.68
2025-02-28 00:00:00+00:00,51.68,59.36,50.53,50.76
2025-03-01 00:00:00+00:00,50.76,53.56,50.08,51.87
2025-03-02 00:00:00+00:00,51.87,58.89,51.62,55.47
2025-03-03 00:00:00+00:00,55.47,59.8,53.07,59.48
2025-03-04 00:00:00+00:00,59.48,62.67,58.26,62.07
2025-03-05 00:00:00+00:00,62.07,62.27,57.13,57.6
2025-03-06 00:00:00+00:00,57.83,60.35,56.4,60.15
2025-03-07 00:00:00+00:00,60.15,60.78,53.2,54.32
2025-03-08 00:00:00+00:00,54.32,54.56,51.86,52.66
2025-03-09 00:00:00+00:00,52.66,59.34,52.39,59.1
2025-03-10 00:00:00+00:00,59.1,61.95,55.32,59.57
2025-03-11 00:00:00+00:00,59.57,62.68,59.0,59.9
2025-03-12 00:00:00+00:00,59.9,60.83,56.89,56.89
2025-03-13 00:00:00+00:00,56.89,57.23,55.42,55.42
2025-03-14 00:00:00+00:00,55.42,55.5,52.81,53.27
2025-03-15 00:00:00+00:00,53.27,53.67,52.17,53.46
2025-03-16 00:00:00+00:00,53.46,55.74,53.28,55.27
2025-03-17 00:00:00+00:00,55.27,55.32,52.85,52.86
2025-03-18 00:00:00+00:00,52.86,54.35,51.84,52.0
2025-03-19 00:00:00+00:00,52.0,54.02,51.23,54.02
2025-03-20 00:00:00+00:00,54.02,54.16,48.97,49.01
2025-03-21 00:00:00+00:00,49.01,49.7,47.56,47.56
2025-03-22 00:00:00+00:00,47.56,49.2,46.93,48.88
2025-03-23 00:00:00+00:00,48.88,48.88,47.22,47.66
2025-03-24 00:00:00+00:00,47.66,48.42,47.06,47.32
2025-03-25 00:00:00+00:00,47.32,47.94,46.54,46.99
2025-03-26 00:00:00+00:00,46.99,47.63,46.23,47.27
2025-03-27 00:00:00+00:00,47.27,47.28,45.42,46.61
2025-03-28 00:00:00+00:00,46.61,52.25,46.18,49.93
2025-03-29 00:00:00+00:00,49.93,52.83,49.2,52.69
2025-03-30 00:00:00+00:00,52.69,54.04,51.26,53.73
2025-03-31 00:00:00+00:00,53.73,54.42,50.97,51.02
2025-04-01 00:00:00+00:00,49.67,50.52,48.95,49.55
2025-04-02 00:00:00+00:00,49.55,52.78,48.62,52.61
2025-04-03 00:00:00+00:00,52.61,53.55,50.15,52.64
2025-04-04 00:00:00+00:00,52.64,56.03,51.19,55.33
2025-04-05 00:00:00+00:00,55.33,57.29,55.18,57.1
2025-04-06 00:00:00+00:00,57.1,62.25,57.0,59.59
2025-04-07 00:00:00+00:00,59.59,63.21,52.49,52.79
2025-04-08 00:00:00+00:00,52.79,56.9,52.25,56.84
2025-04-09 00:00:00+00:00,56.84,62.66,52.86,53.04
2025-04-10 00:00:00+00:00,53.04,55.57,50.61,53.56
2025-04-11 00:00:00+00:00,53.56,56.78,52.6,56.15
2025-04-12 00:00:00+00:00,56.15,57.52,55.35,57.45
2025-04-13 00:00:00+00:00,57.45,57.76,55.17,56.29
2025-04-14 00:00:00+00:00,56.29,56.4,52.34,53.31
2025-04-15 00:00:00+00:00,52.02,52.4,49.97,50.39
2025-04-16 00:00:00+00:00,50.39,50.56,49.0,49.58
2025-04-17 00:00:00+00:00,49.58,49.63,48.28,48.41
2025-04-18 00:00:00+00:00,48.41,48.44,46.41,46.9
2025-04-19 00:00:00+00:00,46.9,48.43,46.83,48.29
2025-04-20 00:00:00+00:00,48.3,48.46,47.71,48.2
2025-04-21 00:00:00+00:00,48.2,50.71,48.2,49.16
2025-04-22 00:00:00+00:00,49.16,52.71,49.0,52.69
2025-04-23 00:00:00+00:00,52.69,52.86,49.4,49.42
2025-04-24 00:00:00+00:00,49.42,49.42,46.66,46.96
2025-04-25 00:00:00+00:00,46.96,48.71,46.44,46.45
2025-04-26 00:00:00+00:00,46.45,47.64,46.08,47.42
2025-04-27 00:00:00+00:00,47.42,48.35,47.33,48.12
2025-04-28 00:00:00+00:00,48.12,48.61,46.38,47.05
2025-04-29 00:00:00+00:00,47.05,47.24,46.04,46.17
2025-04-30 00:00:00+00:00,46.17,46.79,45.02,45.07
2025-05-01 00:00:00+00:00,45.07,46.97,44.74,46.11
2025-05-02 00:00:00+00:00,46.11,48.1,44.38,44.54
2025-05-03 00:00:00+00:00,44.54,45.41,44.2,44.9
2025-05-04 00:00:00+00:00,44.9,46.38,44.73,46.35
2025-05-05 00:00:00+00:00,46.35,46.87,44.89,45.0
2025-05-06 00:00:00+00:00,45.0,46.66,44.86,46.66
2025-05-07 00:00:00+00:00,46.66,47.26,44.59,44.8
2025-05-08 00:00:00+00:00,44.8,47.17,44.55,45.88
2025-05-09 00:00:00+00:00,45.88,46.36,45.21,45.78
2025-05-10 00:00:00+00:00,45.78,47.59,45.6,47.13
2025-05-11 00:00:00+00:00,47.13,48.34,46.06,47.13
2025-05-12 00:00:00+00:00,47.13,48.45,45.29,45.44
2025-05-13 00:00:00+00:00,44.83,45.96,44.65,45.71
2025-05-14 00:00:00+00:00,45.71,45.76,44.65,44.79
2025-05-15 00:00:00+00:00,44.79,44.85,43.07,43.57
2025-05-16 00:00:00+00:00,43.57,43.61,41.56,42.62
2025-05-17 00:00:00+00:00,42.62,43.25,42.21,43.13
2025-05-18 00:00:00+00:00,43.13,45.79,43.04,44.93
2025-05-19 00:00:00+00:00,44.93,45.24,43.77,44.02
2025-05-20 00:00:00+00:00,44.02,47.38,44.01,47.3
2025-05-21 00:00:00+00:00,47.3,49.24,46.31,49.13
2025-05-22 00:00:00+00:00,49.13,49.84,47.71,49.0
2025-05-23 00:00:00+00:00,49.0,49.0,45.6,47.68
2025-05-24 00:00:00+00:00,47.68,48.54,46.96,47.53
2025-05-25 00:00:00+00:00,47.53,49.34,47.34,48.96
2025-05-26 00:00:00+00:00,48.97,48.97,46.48,47.13
2025-05-27 00:00:00+00:00,47.13,47.43,45.3,46.16
2025-05-28 00:00:00+00:00,46.16,46.46,43.47,45.24
2025-05-29 00:00:00+00:00,45.24,45.24,43.54,44.61
2025-05-30 00:00:00+00:00,44.61,47.41,43.64,43.71
2025-05-31 00:00:00+00:00,43.72,46.61,42.94,45.88
2025-06-01 00:00:00+00:00,45.88,46.68,45.08,45.13
2025-06-02 00:00:00+00:00,45.13,45.22,42.38,42.97
2025-06-03 00:00:00+00:00,42.97,43.72,42.47,42.83
2025-06-04 00:00:00+00:00,42.83,43.08,41.83,42.18
2025-06-05 00:00:00+00:00,42.18,43.45,41.44,42.76
2025-06-06 00:00:00+00:00,42.76,42.89,40.52,40.53
2025-06-07 00:00:00+00:00,40.53,42.12,40.53,41.99
2025-06-08 00:00:00+00:00,41.99,42.64,41.54,42.52
2025-06-09 00:00:00+00:00,42.52,42.85,41.46,42.61
2025-06-10 00:00:00+00:00,41.89,42.8,41.65,42.51
2025-06-11 00:00:00+00:00,42.51,42.69,40.86,40.95
2025-06-12 00:00:00+00:00,40.95,41.4,39.57,39.77
2025-06-13 00:00:00+00:00,39.77,43.96,39.77,40.72
2025-06-14 00:00:00+00:00,40.72,41.31,40.46,41.0
2025-06-15 00:00:00+00:00,41.0,42.79,40.91,42.32
2025-06-16 00:00:00+00:00,42.32,42.32,40.28,41.73
2025-06-17 00:00:00+00:00,41.73,42.19,40.72,41.62
2025-06-18 00:00:00+00:00,41.62,41.7,39.6,39.69
2025-06-19 00:00:00+00:00,39.69,40.64,39.65,40.21
2025-06-20 00:00:00+00:00,40.21,41.53,39.03,40.67
2025-06-21 00:00:00+00:00,40.67,41.43,38.9,41.01
2025-06-22 00:00:00+00:00,41.01,44.63,40.42,41.75
2025-06-23 00:00:00+00:00,41.75,42.15,39.54,39.86
2025-06-24 00:00:00+00:00,39.87,41.2,39.0,39.05
2025-06-25 00:00:00+00:00,39.04,39.28,37.9,38.4
2025-06-26 00:00:00+00:00,38.4,39.32,37.71,38.25
2025-06-27 00:00:00+00:00,38.25,38.34,36.27,38.1
2025-06-28 00:00:00+00:00,38.1,38.16,36.79,37.71
2025-06-29 00:00:00+00:00,37.71,39.42,37.7,39.34
2025-06-30 00:00:00+00:00,39.34,39.34,37.69,37.74
2025-07-01 00:00:00+00:00,37.14,38.23,36.99,37.61
2025-07-02 00:00:00+00:00,37.61,40.44,37.48,39.6
2025-07-03 00:00:00+00:00,39.6,40.93,38.66,39.08
2025-07-04 00:00:00+00:00,39.08,39.63,36.79,39.21
2025-07-05 00:00:00+00:00,39.21,39.21,38.47,38.54
2025-07-06 00:00:00+00:00,38.54,39.0,38.24,38.98
2025-07-07 00:00:00+00:00,38.98,39.51,38.46,38.71
2025-07-08 00:00:00+00:00,38.71,39.04,37.67,37.77
2025-07-09 00:00:00+00:00,37.77,40.09,37.08,38.77
2025-07-10 00:00:00+00:00,38.77,40.21,37.98,38.62
2025-07-11 00:00:00+00:00,38.62,40.24,37.51,37.94
2025-07-12 00:00:00+00:00,37.94,38.43,37.18,38.2
2025-07-13 00:00:00+00:00,38.2,40.62,38.18,39.24
2025-07-14 00:00:00+00:00,39.24,40.64,38.79,39.64
2025-07-15 00:00:00+00:00,39.64,41.81,39.44,39.93
2025-07-16 00:00:00+00:00,39.93,40.96,37.98,39.07
2025-07-17 00:00:00+00:00,39.07,40.89,38.28,39.47
2025-07-18 00:00:00+00:00,39.47,40.7,37.63,38.6
2025-07-19 00:00:00+00:00,38.6,39.01,38.13,38.85
2025-07-20 00:00:00+00:00,38.85,39.89,38.63,39.23
2025-07-21 00:00:00+00:00,39.23,40.42,38.49,39.28
2025-07-22 00:00:00+00:00,39.28,39.88,38.04,39.88
2025-07-23 00:00:00+00:00,39.88,40.17,38.99,39.58
2025-07-24 00:00:00+00:00,39.58,40.85,38.61,40.22
2025-07-25 00:00:00+00:00,40.22,43.01,39.21,40.06
2025-07-26 00:00:00+00:00,40.06,40.16,38.56,38.95
2025-07-27 00:00:00+00:00,38.95,40.55,38.73,39.37
2025-07-28 00:00:00+00:00,39.37,41.05,38.21,38.27
2025-07-29 00:00:00+00:00,38.27,38.78,34.86,35.18
2025-07-30 00:00:00+00:00,35.18,37.3,35.16,36.13
2025-07-31 00:00:00+00:00,36.13,37.02,35.79,36.73
2025-08-01 00:00:00+00:00,36.73,38.74,35.61,38.42
2025-08-02 00:00:00+00:00,38.42,38.45,36.65,37.67
2025-08-03 00:00:00+00:00,37.67,38.4,37.4,38.03
2025-08-04 00:00:00+00:00,38.03,38.1,36.78,36.89
2025-08-05 00:00:00+00:00,36.32,36.58,35.45,36.01
2025-08-06 00:00:00+00:00,36.01,36.11,34.87,34.88
2025-08-07 00:00:00+00:00,34.88,35.68,33.98,35.66
2025-08-08 00:00:00+00:00,35.66,35.73,33.53,34.4
2025-08-09 00:00:00+00:00,34.4,35.21,33.77,35.07
2025-08-10 00:00:00+00:00,35.07,36.19,34.29,35.43
2025-08-11 00:00:00+00:00,35.43,37.93,35.04,36.56
2025-08-12 00:00:00+00:00,36.56,37.09,35.33,36.94
2025-08-13 00:00:00+00:00,37.41,39.89,37.07,39.0
2025-08-14 00:00:00+00:00,39.0,39.63,36.25,36.95
2025-08-15 00:00:00+00:00,36.95,37.03,35.14,35.37
2025-08-16 00:00:00+00:00,35.37,35.46,34.93,35.38
2025-08-17 00:00:00+00:00,35.38,35.85,35.07,35.83
2025-08-18 00:00:00+00:00,35.83,38.1,35.62,35.99
2025-08-19 00:00:00+00:00,35.99,38.54,35.6,37.87
2025-08-20 00:00:00+00:00,37.87,38.01,35.91,36.02
2025-08-21 00:00:00+00:00,36.02,37.25,35.73,37.25
2025-08-22 00:00:00+00:00,37.25,37.97,33.63,34.53
2025-08-23 00:00:00+00:00,34.53,35.13,34.36,34.97
2025-08-24 00:00:00+00:00,34.97,36.87,34.3,35.07
2025-08-25 00:00:00+00:00,35.07,38.87,34.8,37.93
2025-08-26 00:00:00+00:00,37.93,40.17,36.92,36.92
2025-08-27 00:00:00+00:00,36.92,38.52,36.69,37.91
2025-08-28 00:00:00+00:00,37.91,38.12,36.21,36.95
2025-08-29 00:00:00+00:00,36.95,41.7,36.91,38.98
2025-08-30 00:00:00+00:00,38.98,39.4,38.36,38.85
2025-08-31 00:00:00+00:00,38.85,40.0,38.19,39.62
2025-09-01 00:00:00+00:00,39.62,39.89,37.39,39.5
2025-09-02 00:00:00+00:00,39.33,40.28,38.69,38.8
2025-09-03 00:00:00+00:00,38.8,38.88,37.97,38.85
2025-09-04 00:00:00+00:00,38.85,39.17,38.37,38.48
2025-09-05 00:00:00+00:00,38.48,38.74,36.23,37.49
2025-09-06 00:00:00+00:00,37.49,38.03,37.04,37.76
2025-09-07 00:00:00+00:00,37.76,37.9,37.43,37.9
2025-09-08 00:00:00+00:00,37.9,38.17,36.46,37.08
2025-09-09 00:00:00+00:00,37.08,37.9,36.73,37.36
2025-09-10 00:00:00+00:00,37.36,37.86,36.74,36.95
2025-09-11 00:00:00+00:00,36.95,37.03,35.26,35.26
2025-09-12 00:00:00+00:00,35.26,35.56,34.02,34.66
2025-09-13 00:00:00+00:00,34.66,34.79,34.19,34.28
2025-09-14 00:00:00+00:00,34.28,34.87,33.85,34.41
2025-09-15 00:00:00+00:00,34.41,35.98,34.26,35.56
2025-09-16 00:00:00+00:00,35.56,36.7,35.12,36.52
2025-09-17 00:00:00+00:00,36.52,37.45,34.99,35.55
2025-09-18 00:00:00+00:00,35.55,35.58,32.87,33.81
2025-09-19 00:00:00+00:00,33.81,35.6,33.4,34.78
2025-09-20 00:00:00+00:00,34.78,34.78,34.11,34.48
2025-09-21 00:00:00+00:00,34.48,34.62,34.06,34.51
2025-09-22 00:00:00+00:00,34.51,38.09,34.51,35.17
2025-09-23 00:00:00+00:00,35.17,37.17,35.09,37.14
2025-09-24 00:00:00+00:00,37.14,37.25,35.28,36.17
2025-09-25 00:00:00+00:00,36.17,37.98,35.68,37.69
2025-09-26 00:00:00+00:00,37.69,38.11,35.82,36.55
2025-09-27 00:00:00+00:00,36.55,36.87,36.35,36.42
2025-09-28 00:00:00+00:00,36.42,36.83,35.71,35.86
2025-09-29 00:00:00+00:00,35.86,36.96,35.21,36.39
2025-09-30 00:00:00+00:00,36.39,37.06,35.64,36.61
2025-10-01 00:00:00+00:00,36.61,37.7,35.9,37.12
2025-10-02 00:00:00+00:00,37.12,37.9,36.74,37.39
2025-10-03 00:00:00+00:00,37.39,38.96,36.81,38.03
2025-10-04 00:00:00+00:00,38.03,38.29,37.49,38.03
2025-10-05 00:00:00+00:00,38.03,39.66,37.92,37.95
2025-10-06 00:00:00+00:00,37.95,39.42,37.67,39.26
2025-10-07 00:00:00+00:00,39.07,39.39,38.54,39.28
2025-10-08 00:00:00+00:00,39.28,40.03,38.54,39.44
2025-10-09 00:00:00+00:00,39.44,40.44,39.33,39.73
2025-10-10 00:00:00+00:00,39.73,64.88,39.45,44.11
2025-10-11 00:00:00+00:00,44.11,48.54,43.69,46.15
2025-10-12 00:00:00+00:00,46.15,47.82,43.42,46.24
2025-10-13 00:00:00+00:00,46.24,46.51,42.87,43.38
2025-10-14 00:00:00+00:00,43.38,47.71,43.18,45.01
2025-10-15 00:00:00+00:00,45.01,45.73,44.07,45.25
2025-10-16 00:00:00+00:00,45.25,48.52,44.67,47.78
2025-10-17 00:00:00+00:00,47.78,51.0,45.75,50.0
2025-10-18 00:00:00+00:00,50.0,50.03,48.2,49.08
2025-10-19 00:00:00+00:00,49.08,50.78,46.58,47.68
2025-10-20 00:00:00+00:00,47.68,49.62,45.09,45.95
2025-10-21 00:00:00+00:00,45.95,49.64,45.53,49.27
2025-10-22 00:00:00+00:00,49.27,51.24,47.08,50.7
2025-10-23 00:00:00+00:00,50.7,50.7,45.12,45.13
2025-10-24 00:00:00+00:00,45.13,45.18,42.69,42.84
2025-10-25 00:00:00+00:00,42.84,43.39,42.32,42.9
2025-10-26 00:00:00+00:00,42.9,44.17,42.41,43.91
2025-10-27 00:00:00+00:00,43.91,43.91,42.04,42.82
2025-10-28 00:00:00+00:00,42.82,43.07,40.44,42.39
2025-10-29 00:00:00+00:00,42.39,45.53,42.39,45.07
2025-10-30 00:00:00+00:00,45.07,47.15,43.79,44.85
2025-10-31 00:00:00+00:00,44.85,44.85,42.74,43.31
2025-11-01 00:00:00+00:00,43.31,43.82,42.73,43.49
2025-11-02 00:00:00+00:00,43.49,44.9,43.45,44.12
2025-11-03 00:00:00+00:00,44.12,46.83,43.6,45.73
2025-11-04 00:00:00+00:00,45.73,50.56,44.93,47.79
2025-11-05 00:00:00+00:00,47.79,50.48,46.26,46.55
2025-11-06 00:00:00+00:00,46.55,48.13,44.11,46.94
2025-11-07 00:00:00+00:00,46.93,47.78,44.27,44.61
2025-11-08 00:00:00+00:00,44.61,45.08,43.04,44.88
2025-11-09 00:00:00+00:00,44.88,47.24,44.88,45.11
2025-11-10 00:00:00+00:00,45.11,45.14,44.28,44.3
2025-11-11 00:00:00+00:00,44.3,47.44,43.56,46.61
2025-11-12 00:00:00+00:00,46.61,46.95,44.75,46.07
2025-11-13 00:00:00+00:00,46.08,46.96,43.93,46.52
2025-11-14 00:00:00+00:00,46.52,50.58,45.87,49.71
2025-11-15 00:00:00+00:00,49.71,49.71,48.01,48.5
2025-11-16 00:00:00+00:00,48.5,50.7,48.36,49.64
2025-11-17 00:00:00+00:00,49.64,51.71,47.9,50.62
2025-11-18 00:00:00+00:00,50.62,52.78,50.13,50.52
2025-11-19 00:00:00+00:00,50.52,53.61,50.47,51.04
2025-11-20 00:00:00+00:00,51.04,54.72,50.07,54.65
2025-11-21 00:00:00+00:00,54.65,62.18,54.01,57.38
2025-11-22 00:00:00+00:00,57.38,59.16,56.85,59.16
2025-11-23 00:00:00+00:00,59.16,59.16,56.2,56.5
2025-11-24 00:00:00+00:00,56.5,57.36,52.25,53.31
2025-11-25 00:00:00+00:00,53.77,53.92,52.34,52.56
2025-11-26 00:00:00+00:00,52.56,52.69,49.41,49.92
2025-11-27 00:00:00+00:00,49.92,50.35,48.83,49.31
2025-11-28 00:00:00+00:00,49.31,49.59,47.01,48.7
2025-11-29 00:00:00+00:00,48.7,49.43,48.67,49.13
2025-11-30 00:00:00+00:00,49.13,49.34,48.03,48.78
2025-12-01 00:00:00+00:00,48.78,54.76,48.78,53.13
2025-12-02 00:00:00+00:00,53.13,53.14,48.95,49.24
2025-12-03 00:00:00+00:00,49.24,49.28,47.27,47.44
2025-12-04 00:00:00+00:00,47.44,48.43,46.44,48.03
2025-12-05 00:00:00+00:00,48.03,50.78,47.15,48.94
2025-12-06 00:00:00+00:00,48.94,49.04,48.13,49.0
2025-12-07 00:00:00+00:00,49.0,52.31,48.96,49.65
2025-12-08 00:00:00+00:00,49.64,49.73,48.41,49.01
2025-12-09 00:00:00+00:00,49.01,49.1,46.39,46.44
2025-12-10 00:00:00+00:00,46.44,47.7,44.78,44.92
2025-12-11 00:00:00+00:00,44.92,47.19,43.55,44.46
2025-12-12 00:00:00+00:00,44.46,44.85,43.04,44.22
2025-12-13 00:00:00+00:00,44.22,44.91,43.62,44.65
2025-12-14 00:00:00+00:00,44.65,47.11,44.65,46.74
2025-12-15 00:00:00+00:00,46.74,46.88,43.7,46.68
2025-12-16 00:00:00+00:00,46.39,46.9,45.69,45.69
2025-12-17 00:00:00+00:00,45.69,47.99,44.86,47.0
2025-12-18 00:00:00+00:00,47.0,47.55,44.77,47.48
2025-12-19 00:00:00+00:00,47.48,47.54,45.03,45.06
2025-12-20 00:00:00+00:00,45.06,45.18,44.51,45.11
2025-12-21 00:00:00+00:00,45.11,45.95,45.0,45.07
2025-12-22 00:00:00+00:00,45.07,45.5,44.62,45.09
2025-12-23 00:00:00+00:00,45.09,45.1,43.34,43.4
2025-12-24 00:00:00+00:00,43.4,43.77,42.55,42.81
2025-12-25 00:00:00+00:00,42.81,42.88,41.51,42.55
2025-12-26 00:00:00+00:00,42.55,43.04,41.02,41.04
2025-12-27 00:00:00+00:00,41.04,41.88,40.94,41.83
2025-12-28 00:00:00+00:00,41.83,42.55,41.7,42.11
2025-12-29 00:00:00+00:00,42.11,43.0,41.46,42.25
2025-12-30 00:00:00+00:00,42.25,43.03,41.88,42.79
2025-12-31 00:00:00+00:00,42.79,43.57,42.12,43.01
2026-01-01 00:00:00+00:00,43.01,43.15,41.7,42.22
2026-01-02 00:00:00+00:00,42.22,43.71,42.18,43.43
2026-01-03 00:00:00+00:00,43.43,44.48,42.86,44.4
2026-01-04 00:00:00+00:00,44.4,44.8,44.34,44.39
2026-01-05 00:00:00+00:00,44.39,46.39,43.75,43.94
2026-01-06 00:00:00+00:00,43.94,44.73,43.12,44.09
2026-01-07 00:00:00+00:00,44.09,44.75,43.35,44.64
2026-01-08 00:00:00+00:00,44.64,45.03,43.14,43.24
2026-01-09 00:00:00+00:00,43.24,43.26,40.26,40.52
2026-01-10 00:00:00+00:00,40.52,41.58,40.16,41.03
2026-01-11 00:00:00+00:00,41.03,42.77,41.02,41.68
2026-01-12 00:00:00+00:00,41.68,41.92,41.03,41.27
2026-01-13 00:00:00+00:00,40.13,42.29,40.1,41.69
2026-01-14 00:00:00+00:00,41.69,41.76,40.75,40.81
2026-01-15 00:00:00+00:00,40.81,41.06,39.22,40.61
2026-01-16 00:00:00+00:00,40.61,40.67,37.99,38.27
2026-01-17 00:00:00+00:00,38.27,39.16,37.76,39.08
2026-01-18 00:00:00+00:00,39.08,40.23,38.93,40.23
2026-01-19 00:00:00+00:00,40.23,40.6,39.19,39.7
2026-01-20 00:00:00+00:00,39.7,42.38,39.61,42.23
2026-01-21 00:00:00+00:00,42.23,42.46,39.22,40.14
2026-01-22 00:00:00+00:00,40.14,40.16,38.44,38.88
2026-01-23 00:00:00+00:00,38.88,39.36,37.17,38.06
2026-01-24 00:00:00+00:00,38.06,38.43,37.52,38.27
2026-01-25 00:00:00+00:00,38.27,41.5,38.27,41.16
2026-01-26 00:00:00+00:00,41.16,41.82,38.66,38.75
2026-01-27 00:00:00+00:00,38.75,39.53,37.94,38.2
2026-01-28 00:00:00+00:00,38.2,38.45,37.73,38.0
2026-01-29 00:00:00+00:00,38.0,42.32,37.58,41.55
2026-01-30 00:00:00+00:00,41.55,45.23,40.45,40.45
2026-01-31 00:00:00+00:00,40.45,49.96,40.35,47.58
2026-02-01 00:00:00+00:00,47.58,49.89,45.44,48.27
2026-02-02 00:00:00+00:00,48.27,50.73,45.69,46.29
2026-02-03 00:00:00+00:00,46.29,56.33,45.81,51.74
2026-02-04 00:00:00+00:00,51.74,56.06,50.06,53.47
2026-02-05 00:00:00+00:00,53.47,90.33,53.44,82.62
2026-02-06 00:00:00+00:00,82.62,88.61,54.11,58.85
2026-02-07 00:00:00+00:00,58.86,61.2,56.02,59.35
2026-02-08 00:00:00+00:00,59.35,59.64,55.36,57.29
2026-02-09 00:00:00+00:00,57.29,58.37,53.83,54.46
2026-02-10 00:00:00+00:00,55.23,56.53,54.3,54.84
2026-02-11 00:00:00+00:00,54.84,57.94,53.28,55.29
2026-02-12 00:00:00+00:00,55.29,57.18,51.98,55.28
2026-02-13 00:00:00+00:00,55.28,55.69,50.39,52.04
2026-02-14 00:00:00+00:00,52.04,52.1,48.39,49.89
2026-02-15 00:00:00+00:00,49.89,51.34,48.26,51.28
2026-02-16 00:00:00+00:00,51.28,52.95,49.77,52.19
2026-02-17 00:00:00+00:00,52.19,53.4,51.98,52.01
2026-02-18 00:00:00+00:00,52.01,53.67,50.84,53.67
2026-02-19 00:00:00+00:00,53.67,54.68,51.0,52.66
2026-02-20 00:00:00+00:00,52.66,52.82,51.29,51.43
2026-02-21 00:00:00+00:00,51.43,51.72,50.63,51.7
2026-02-22 00:00:00+00:00,51.7,52.38,51.47,52.0
2026-02-23 00:00:00+00:00,52.0,56.99,52.0,56.1
2026-02-24 00:00:00+00:00,56.1,60.88,55.54,57.77
2026-02-25 00:00:00+00:00,57.77,57.89,50.94,53.59
2026-02-26 00:00:00+00:00,53.59,53.72,52.17,52.19
2026-02-27 00:00:00+00:00,51.61,53.58,51.05,52.55
2026-02-28 00:00:00+00:00,52.55,59.3,52.14,55.21
2026-03-01 00:00:00+00:00,55.21,56.3,54.11,55.07
2026-03-02 00:00:00+00:00,55.07,56.02,52.59,53.38
2026-03-03 00:00:00+00:00,53.38,56.37,53.02,55.41
2026-03-04 00:00:00+00:00,55.41,56.59,53.97,55.5
2026-03-05 00:00:00+00:00,55.5,55.7,53.86,54.71
2026-03-06 00:00:00+00:00,54.71,55.75,53.53,55.52
2026-03-07 00:00:00+00:00,55.52,58.77,54.97,58.63
2026-03-08 00:00:00+00:00,58.63,61.68,57.22,60.45
2026-03-09 00:00:00+00:00,60.45,61.16,55.23,55.49
2026-03-10 00:00:00+00:00,55.49,55.49,53.22,55.04
2026-03-11 00:00:00+00:00,55.04,55.06,53.65,53.93
2026-03-12 00:00:00+00:00,53.93,54.63,53.13,54.26
2026-03-13 00:00:00+00:00,54.26,54.5,52.39,52.98
2026-03-14 00:00:00+00:00,52.98,54.12,52.69,53.26
2026-03-15 00:00:00+00:00,53.26,53.56,52.27,52.89
2026-03-16 00:00:00+00:00,52.89,52.96,51.88,52.81
2026-03-17 00:00:00+00:00,52.81,52.83,51.31,51.42
2026-03-18 00:00:00+00:00,51.42,54.3,50.37,53.77
2026-03-19 00:00:00+00:00,53.77,56.4,53.17,54.27
2026-03-20 00:00:00+00:00,54.27,54.84,52.45,54.44
2026-03-21 00:00:00+00:00,54.44,55.22,52.03,55.22
2026-03-22 00:00:00+00:00,55.22,57.89,55.22,56.74
2026-03-23 00:00:00+00:00,56.74,57.11,52.25,53.53
2026-03-24 00:00:00+00:00,53.53,53.94,51.99,52.68
2026-03-25 00:00:00+00:00,52.68,52.69,50.76,51.04
2026-03-26 00:00:00+00:00,51.04,52.95,50.91,52.54
2026-03-27 00:00:00+00:00,52.54,55.97,51.78,53.71
2026-03-28 00:00:00+00:00,53.71,53.82,53.06,53.74
2026-03-29 00:00:00+00:00,53.74,54.71,52.95,54.56
2026-03-30 00:00:00+00:00,54.56,55.62,52.56,55.3
2026-03-31 00:00:00+00:00,54.98,55.66,51.82,52.25
2026-04-01 00:00:00+00:00,52.25,53.31,51.22,51.49
2026-04-02 00:00:00+00:00,51.49,53.44,50.76,50.85
2026-04-03 00:00:00+00:00,50.85,51.16,47.1,47.41
2026-04-04 00:00:00+00:00,47.41,47.57,46.71,47.37
2026-04-05 00:00:00+00:00,47.37,48.66,47.03,47.53
2026-04-06 00:00:00+00:00,47.53,49.1,46.46,48.99
2026-04-07 00:00:00+00:00,48.99,49.87,47.17,47.37
2026-04-08 00:00:00+00:00,47.37,47.39,44.17,44.35
2026-04-09 00:00:00+00:00,44.35,45.02,44.09,44.52
2026-04-10 00:00:00+00:00,44.52,44.73,42.39,43.14
2026-04-11 00:00:00+00:00,43.14,44.62,42.88,44.61
2026-04-12 00:00:00+00:00,44.61,46.01,44.53,45.43
2026-04-13 00:00:00+00:00,45.43,45.78,43.94,44.01
2026-04-14 00:00:00+00:00,44.01,45.03,43.48,44.1
2026-04-15 00:00:00+00:00,44.1,44.13,43.42,43.92
2026-04-16 00:00:00+00:00,43.92,44.12,42.11,42.33
2026-04-17 00:00:00+00:00,42.33,44.15,40.94,42.83
2026-04-18 00:00:00+00:00,42.83,44.16,42.43,44.1
2026-04-19 00:00:00+00:00,44.1,44.44,43.33,43.44
2026-04-20 00:00:00+00:00,43.44,43.48,41.49,42.03
2026-04-21 00:00:00+00:00,42.03,43.43,41.98,42.13
2026-04-22 00:00:00+00:00,42.13,43.47,41.87,43.18
2026-04-23 00:00:00+00:00,43.18,43.9,42.07,42.83
2026-04-24 00:00:00+00:00,42.83,42.92,40.14,40.16
2026-04-25 00:00:00+00:00,40.16,41.13,39.4,40.77
2026-04-26 00:00:00+00:00,40.77,40.81,39.78,40.34
2026-04-27 00:00:00+00:00,40.34,41.33,39.9,40.62
2026-04-28 00:00:00+00:00,40.62,41.32,40.4,40.58
2026-04-29 00:00:00+00:00,40.58,40.71,39.46,39.62
2026-04-30 00:00:00+00:00,39.62,40.06,38.86,38.88
2026-05-01 00:00:00+00:00,38.88,39.3,37.97,38.52
2026-05-02 00:00:00+00:00,38.52,39.31,38.51,39.31
2026-05-03 00:00:00+00:00,39.31,40.92,38.65,39.05
2026-05-04 00:00:00+00:00,39.05,41.12,38.86,41.0
2026-05-05 00:00:00+00:00,41.0,41.16,38.86,40.28
2026-05-06 00:00:00+00:00,39.4,40.54,39.09,39.41
2026-05-07 00:00:00+00:00,39.41,39.41,38.25,38.85
2026-05-08 00:00:00+00:00,38.85,39.03,37.42,37.66
2026-05-09 00:00:00+00:00,37.66,38.69,37.26,38.61
2026-05-10 00:00:00+00:00,38.61,39.03,38.41,38.72
2026-05-11 00:00:00+00:00,38.72,38.84,37.65,38.33
2026-05-12 00:00:00+00:00,38.33,39.11,38.19,38.55
2026-05-13 00:00:00+00:00,38.55,40.26,37.68,39.83
2026-05-14 00:00:00+00:00,39.83,40.14,38.07,39.02
2026-05-15 00:00:00+00:00,39.02,39.75,37.85,39.05
2026-05-16 00:00:00+00:00,39.05,41.7,39.03,40.21
2026-05-17 00:00:00+00:00,40.21,40.97,38.85,40.24
2026-05-18 00:00:00+00:00,40.24,41.24,39.84,39.93
2026-05-19 00:00:00+00:00,39.68,40.76,39.68,39.76
2026-05-20 00:00:00+00:00,39.76,39.96,37.86,38.47
2026-05-21 00:00:00+00:00,38.47,38.5,36.12,36.62
2026-05-22 00:00:00+00:00,36.62,37.22,35.44,37.09
2026-05-23 00:00:00+00:00,37.09,38.65,36.59,36.7
2026-05-24 00:00:00+00:00,36.7,36.74,35.6,36.03
2026-05-25 00:00:00+00:00,36.03,36.03,34.13,34.44
2026-05-26 00:00:00+00:00,34.44,36.1,34.07,35.86
2026-05-27 00:00:00+00:00,35.86,37.34,35.58,37.19
2026-05-28 00:00:00+00:00,37.19,37.95,36.94,37.27
2026-05-29 00:00:00+00:00,37.27,37.38,35.51,35.99
2026-05-30 00:00:00+00:00,35.99,36.07,34.57,35.28
2026-05-31 00:00:00+00:00,35.28,36.53,35.19,36.4
2026-06-01 00:00:00+00:00,36.4,38.22,36.05,37.27
2026-06-02 00:00:00+00:00,37.27,43.36,37.27,43.28
2026-06-03 00:00:00+00:00,43.28,47.9,42.29,47.9
2026-06-04 00:00:00+00:00,47.9,53.28,46.16,46.17
2026-06-05 00:00:00+00:00,46.17,54.46,45.62,49.14
2026-06-06 00:00:00+00:00,49.14,50.51,47.7,48.62
2026-06-07 00:00:00+00:00,48.62,51.27,48.24,49.37
2026-06-08 00:00:00+00:00,49.37,49.37,44.09,45.64
2026-06-09 00:00:00+00:00,45.64,47.85,44.78,46.24
2026-06-10 00:00:00+00:00,46.24,48.51,45.34,46.96
2026-06-11 00:00:00+00:00,46.96,46.97,43.22,43.27
2026-06-12 00:00:00+00:00,43.34,43.96,40.41,40.47
2026-06-13 00:00:00+00:00,40.47,40.78,39.95,40.77
2026-06-14 00:00:00+00:00,40.77,41.33,40.32,40.33
2026-06-15 00:00:00+00:00,40.33,40.33,38.25,38.72
2026-06-16 00:00:00+00:00,38.72,39.14,36.7,37.67
2026-06-17 00:00:00+00:00,37.67,40.46,36.71,39.54
2026-06-18 00:00:00+00:00,39.54,43.0,38.66,42.47
2026-06-19 00:00:00+00:00,42.47,43.09,40.54,40.54
2026-06-20 00:00:00+00:00,40.54,40.92,39.63,39.85
2026-06-21 00:00:00+00:00,39.85,41.76,39.05,41.76
2026-06-22 00:00:00+00:00,41.76,41.76,39.41,40.41
2026-06-23 00:00:00+00:00,40.41,44.65,40.41,41.56
2026-06-24 00:00:00+00:00,41.56,47.74,41.14,45.12
2026-06-25 00:00:00+00:00,45.12,47.3,42.26,46.56
2026-06-26 00:00:00+00:00,46.56,49.15,45.49,45.5
2026-06-27 00:00:00+00:00,45.5,45.52,43.76,45.17
2026-06-28 00:00:00+00:00,45.17,48.31,44.78,47.66
2026-06-29 00:00:00+00:00,47.66,48.27,42.61,42.65
2026-06-30 00:00:00+00:00,43.65,45.77,43.25,44.54
2026-07-01 00:00:00+00:00,44.54,44.96,42.15,42.91
2026-07-02 00:00:00+00:00,42.91,43.05,40.22,40.45
2026-07-03 00:00:00+00:00,40.45,40.67,38.77,39.47
2026-07-04 00:00:00+00:00,39.47,39.75,38.66,39.18
2026-07-05 00:00:00+00:00,39.18,40.08,38.51,38.67
2026-07-06 00:00:00+00:00,38.67,40.69,37.04,37.26
2026-07-07 00:00:00+00:00,38.79,39.14,37.65,38.87
2026-07-08 00:00:00+00:00,38.87,40.7,38.69,39.53
2026-07-09 00:00:00+00:00,39.53,39.98,36.82,37.29
2026-07-10 00:00:00+00:00,37.29,37.88,36.1,36.23
2026-07-11 00:00:00+00:00,36.23,36.78,35.76,36.78
2026-07-12 00:00:00+00:00,36.78,37.42,36.05,37.2
2026-07-13 00:00:00+00:00,37.2,38.65,36.72,37.78
2026-07-14 00:00:00+00:00,37.78,37.84,36.31,36.48
2026-07-15 00:00:00+00:00,36.48,36.82,35.81,35.98
2026-07-16 00:00:00+00:00,35.98,36.65,35.71,36.37
2026-07-17 00:00:00+00:00,36.37,37.62,35.8,36.33
2026-07-18 00:00:00+00:00,36.33,36.79,35.66,35.72
2026-07-19 00:00:00+00:00,35.72,36.27,35.4,36.11
2026-07-20 00:00:00+00:00,36.11,37.04,35.7,36.26
2026-07-21 00:00:00+00:00,36.56,38.15,36.33,37.32
2026-07-22 00:00:00+00:00,37.32,38.3,37.31,38.01
2026-07-23 00:00:00+00:00,38.01,38.83,37.98,38.47
2026-07-24 00:00:00+00:00,38.47,38.55,36.67,37.02
2026-07-25 00:00:00+00:00,37.02,37.74,36.95,37.71
2026-07-26 00:00:00+00:00,37.71,37.82,37.28,37.34
2026-07-27 00:00:00+00:00,37.34,37.54,36.38,37.45
2026-07-28 00:00:00+00:00,37.45,38.9,37.07,37.24
2026-07-29 00:00:00+00:00,37.24,38.47,36.96,37.45
2026-07-30 00:00:00+00:00,37.45,37.53,35.15,35.55
2026-07-31 00:00:00+00:00,35.55,36.33,34.74,35.64
2026-08-01 00:00:00+00:00,35.63,35.8,35.32,35.55
2026-08-02 00:00:00+00:00,35.55,35.62,34.86,35.05
2026-08-03 00:00:00+00:00,35.05,35.86,34.54,34.76
2026-08-04 00:00:00+00:00,34.76,34.82,33.85,34.04
2026-08-05 00:00:00+00:00,34.04,34.93,33.94,34.66
2026-08-06 00:00:00+00:00,34.66,35.07,34.36,34.98
2026-08-07 00:00:00+00:00,34.98,35.0,33.83,33.94
2026-08-08 00:00:00+00:00,33.94,34.28,33.84,34.23
2026-08-09 00:00:00+00:00,34.23,34.96,34.15,34.93
2026-08-10 00:00:00+00:00,34.93,36.37,34.24,36.33
2026-08-11 00:00:00+00:00,35.83,36.18,35.54,36.13
2026-08-12 00:00:00+00:00,36.13,36.24,35.54,35.82
2026-08-13 00:00:00+00:00,35.82,35.89,34.78,34.81
2026-08-14 00:00:00+00:00,34.81,35.25,33.84,34.74
2026-08-15 00:00:00+00:00,34.74,35.07,34.57,35.02
2026-08-16 00:00:00+00:00,35.02,35.43,34.94,35.16
2026-08-17 00:00:00+00:00,35.16,35.18,33.91,34.72
2026-08-18 00:00:00+00:00,34.33,35.25,34.11,34.9
2026-08-19 00:00:00+00:00,34.9,41.17,34.45,37.84
2026-08-20 00:00:00+00:00,37.84,40.48,35.85,39.44
2026-08-21 00:00:00+00:00,39.44,47.14,39.13,43.29
2026-08-22 00:00:00+00:00,43.29,44.43,40.99,42.27
2026-08-23 00:00:00+00:00,42.27,43.41,41.45,43.18
2026-08-24 00:00:00+00:00,43.18,45.37,42.75,43.41
2026-08-25 00:00:00+00:00,43.38,43.87,42.7,43.28
2026-08-26 00:00:00+00:00,43.28,43.28,39.97,40.37
2026-08-27 00:00:00+00:00,40.37,43.63,39.51,41.52
2026-08-28 00:00:00+00:00,41.52,41.76,38.21,38.34
2026-08-29 00:00:00+00:00,38.34,38.44,37.19,37.43
2026-08-30 00:00:00+00:00,37.43,37.61,36.57,36.99
2026-08-31 00:00:00+00:00,36.99,37.69,36.31,37.63
2026-09-01 00:00:00+00:00,37.63,38.84,36.93,37.93
2026-09-02 00:00:00+00:00,37.93,38.12,36.58,37.19
2026-09-03 00:00:00+00:00,37.19,40.87,36.3,39.78
2026-09-04 00:00:00+00:00,39.78,39.79,37.36,37.96
2026-09-05 00:00:00+00:00,37.33,38.7,37.19,38.66
2026-09-06 00:00:00+00:00,38.66,39.36,38.61,39.32
2026-09-07 00:00:00+00:00,39.32,39.32,38.13,38.79
2026-09-08 00:00:00+00:00,38.79,40.32,38.55,39.92
2026-09-09 00:00:00+00:00,39.92,40.87,39.75,40.2
2026-09-10 00:00:00+00:00,40.2,41.26,39.02,40.24
2026-09-11 00:00:00+00:00,40.24,40.24,36.56,36.75
2026-09-12 00:00:00+00:00,36.75,37.02,36.59,36.98
2026-09-13 00:00:00+00:00,36.98,38.92,36.97,38.89
2026-09-14 00:00:00+00:00,38.89,38.89,37.49,38.57
2026-09-15 00:00:00+00:00,39.13,41.17,38.89,39.01
2026-09-16 00:00:00+00:00,39.01,39.01,36.19,36.19
2026-09-17 00:00:00+00:00,36.19,36.52,33.09,33.59
2026-09-18 00:00:00+00:00,33.59,35.99,33.55,35.46
2026-09-19 00:00:00+00:00,35.46,36.52,34.28,36.32
2026-09-20 00:00:00+00:00,36.32,36.33,34.66,35.65
2026-09-21 00:00:00+00:00,35.65,39.37,35.12,38.14
2026-09-22 00:00:00+00:00,38.14,38.57,37.21,37.4
2026-09-23 00:00:00+00:00,37.4,38.58,35.81,35.81
2026-09-24 00:00:00+00:00,35.81,37.11,35.43,36.04
2026-09-25 00:00:00+00:00,36.04,36.24,34.56,34.62
2026-09-26 00:00:00+00:00,34.62,35.0,34.14,34.92
2026-09-27 00:00:00+00:00,34.92,35.19,34.71,35.1
