und,sym,inst,rule,trades,per_day,win,gross_tr,net_tr,cost_tr,gross_day,net_day,net_total,maxdd,green,green_frac,rand_net_tr,rand_gross_tr,p_rand,med_prem,worst_trade,hold_med,bh_q,candidate
COPPER,COPPER,OPT,EVE,75,0.3424657534246575,0.4266666666666667,-591.1830902099609,-879.8195307315533,288.6364405215924,-202.45996240067154,-301.30805846971003,-65986.4648048665,120618.44799209063,4/12,0.3333333333333333,-1282.592595685243,-991.0795522549571,0.3283582089552239,57975.00133514404,-17412.17622888546,78.0,0.8108108108108109,False
COPPER,COPPER,OPT,H60,742,3.3881278538812785,0.3557951482479784,358.2142681445716,1.8519904570484746,356.362277687523,1213.6757395583202,6.2747804526482565,1374.1769191299682,175061.87520482953,5/12,0.4166666666666667,-334.3072538625197,31.35343682975811,0.04975124378109453,56750.00190734863,-17412.17622888546,16.0,0.5597014925373135,False
COPPER,COPPER,OPT,INORB,39,0.1780821917808219,0.48717948717948717,-247.4363339252961,-641.3410726174177,393.9047386921216,-44.06400467162807,-114.21142389077302,-25012.30183207929,45441.12453801875,6/11,0.5454545454545454,-664.6533231139306,-269.3861983609857,0.47761194029850745,50000.0,-35365.106902457046,39.0,0.827935792734441,False
COPPER,COPPER,OPT,LIQ15,39,0.1780821917808219,0.358974358974359,-611.3780645223765,-911.8255776769158,300.4475131545393,-108.87554573686155,-162.37989739451925,-35561.19752939972,37309.48271452071,2/12,0.16666666666666666,-459.90234456914993,-140.01310080339957,0.6965174129353234,41125.00190734863,-15429.309344553823,14.0,0.8587200981394398,False
COPPER,COPPER,OPT,LIQ5,72,0.3287671232876712,0.4166666666666667,606.4237058162689,258.9543056238389,347.46940019243004,199.37217725466377,85.13566212290594,18644.7100049164,28278.44663732168,4/11,0.36363636363636365,-451.47277437005266,-83.38120306841262,0.15422885572139303,49200.00076293945,-17412.17622888546,13.0,0.7317073170731708,False
COPPER,COPPER,OPT,MOMA,40,0.182648401826484,0.35,-533.4378063678741,-812.2840585572669,278.84625218939266,-97.43156280691765,-148.36238512461497,-32491.36234229068,33425.99784342721,2/11,0.18181818181818182,-940.2481461018592,-650.1066999270317,0.43781094527363185,53849.99990463257,-10828.00903238039,49.0,0.82125,False
COPPER,COPPER,OPT,USORB,65,0.2968036529680365,0.4461538461538462,155.90377954336313,-126.10697501064816,282.01075455401127,46.272811279993626,-37.42901084790927,-8196.95337569213,22669.32075665426,4/12,0.3333333333333333,-318.652737828687,-27.54934694014287,0.3582089552238806,54000.00095367432,-8177.303876239967,8.0,0.82125,False
CRUDEOIL,CRUDEOIL,OPT,EVE,203,0.8565400843881856,0.4088669950738916,-439.4827191583041,-632.7945573286148,193.3118381703106,-376.43456535500314,-542.0139035346363,-128457.2951377088,144981.88820127188,2/12,0.16666666666666666,-504.2127807583844,-311.8294115363671,0.7164179104477612,23030.00030517578,-13347.533684026612,53.0,0.8601728201099764,False
CRUDEOIL,CRUDEOIL,OPT,EVT,41,0.1729957805907173,0.5121951219512195,-178.2928466796875,-361.12496351493206,182.83211683524453,-30.84391018509362,-62.473094954059974,-14806.123504112215,18424.16075448782,3/12,0.25,-213.56003381586677,-24.68872208782473,0.7263681592039801,21450.0,-3284.4947495133056,4.0,0.8601728201099764,False
CRUDEOIL,CRUDEOIL,OPT,H60,2979,12.569620253164556,0.2813024504867405,-34.65001095697839,-284.50674477163295,249.85673381465458,-435.5374794972094,-3576.141741243437,-847545.5926746946,849546.0462908586,0/12,0.0,-297.1622307266665,-52.56246145799276,0.3034825870646766,22889.999389648438,-8394.829411125122,18.0,0.8033362598770852,False
CRUDEOIL,CRUDEOIL,OPT,INORB,202,0.8523206751054853,0.3465346534653465,-11.732701971979424,-300.67104908745176,288.93834711547225,-10.000024465568961,-256.26815154289136,-60735.55191566525,68783.55064362464,2/12,0.16666666666666666,-274.4945466776448,4.273272751576877,0.6517412935323383,22220.000457763672,-9346.378276283325,24.5,0.8587200981394398,False
CRUDEOIL,CRUDEOIL,OPT,LIQ15,115,0.48523206751054854,0.2782608695652174,-326.45210531483525,-554.4331275678868,227.9810222530515,-158.40503000508883,-269.0287327861054,-63759.80967030698,64165.21469455033,0/12,0.0,-297.41132999951094,-75.26590525249934,0.9850746268656716,21589.999389648438,-7749.80885,20.0,0.9850746268656716,False
CRUDEOIL,CRUDEOIL,OPT,LIQ5,224,0.9451476793248945,0.3125,-83.29463822501046,-332.13417877548164,248.83954055047116,-78.7257340185753,-313.9158482941261,-74398.05604570788,80930.25997491124,1/12,0.08333333333333333,-310.4641730374234,-68.2572114376552,0.5771144278606966,22755.00030517578,-10499.807887450806,14.0,0.8587200981394398,False
CRUDEOIL,CRUDEOIL,OPT,MOMA,208,0.8776371308016878,0.3798076923076923,-243.0888188802279,-434.591557820685,191.5027389404572,-213.34377353201435,-381.4136878763818,-90395.04402670248,90395.04402670251,1/12,0.08333333333333333,-544.7290499467729,-352.80922337704544,0.27860696517412936,22019.99969482422,-9431.930059361572,49.0,0.8033362598770852,False
CRUDEOIL,CRUDEOIL,OPT,MOMB,39,0.16455696202531644,0.2564102564102564,-645.6922237689679,-839.0005771616832,193.30835339271516,-106.25315074679217,-138.0633861152137,-32721.022509305643,32798.67111480909,1/12,0.08333333333333333,-633.0079037527205,-433.30045931849264,0.6915422885572139,21519.99969482422,-7560.384630125122,50.0,0.8587200981394398,False
CRUDEOIL,CRUDEOIL,OPT,USORB,217,0.9156118143459916,0.423963133640553,-64.97226943618142,-258.94680303307257,193.97453359689118,-59.48937750063868,-237.0947521442057,-56191.45625817675,83190.34964149493,2/12,0.16666666666666666,-280.414276646775,-88.70570576205931,0.4079601990049751,22250.0,-8119.099162848266,13.0,0.82125,False
CRUDEOIL,CRUDEOILM,FUT,EVE,218,0.919831223628692,0.42201834862385323,-62.61467889908257,-136.28500951009173,73.67033061100916,-57.59493670886076,-125.3592070599156,-29710.1320732,33550.82727480001,3/12,0.25,-75.5457493565321,-1.8082568807339445,0.9104477611940298,,-3784.6428544,58.5,0.9408016099278886,False
CRUDEOIL,CRUDEOILM,FUT,EVT,45,0.189873417721519,0.26666666666666666,-27.555555555555557,-100.58053329777776,73.0249777422222,-5.232067510548523,-19.097569613502106,-4526.123998399999,5041.0963452,2/12,0.16666666666666666,-68.57140969306666,4.566666666666667,0.7860696517412935,,-434.2774268,4.0,0.8955223880597014,False
CRUDEOIL,CRUDEOILM,FUT,H60,2850,12.025316455696203,0.18421052631578946,-7.856140350877193,-81.55905719621053,73.70291684533332,-94.47257383966245,-980.7734726126582,-232443.3130092,232766.96717119947,0/12,0.0,-74.90453971320771,-1.1362280701754386,0.8656716417910447,,-2513.3672916,18.0,0.9271290605794558,False
CRUDEOIL,CRUDEOILM,FUT,INORB,216,0.9113924050632911,0.25925925925925924,-15.648148148148149,-89.15564698888888,73.50749884074074,-14.261603375527427,-81.25577953417721,-19257.6197496,19691.346110400005,0/12,0.0,-73.52842684562962,0.03148148148148138,0.7761194029850746,,-1622.1177896,23.5,0.8955223880597014,False
CRUDEOIL,CRUDEOILM,FUT,LIQ15,125,0.5274261603375527,0.224,-34.4,-107.25667735679998,72.85667735679998,-18.143459915611814,-56.569977508860745,-13407.084669599997,15564.0144744,1/12,0.08333333333333333,-81.00814699116799,-8.0624,0.6965174129353234,,-1362.2829176,20.0,0.8587200981394398,False
CRUDEOIL,CRUDEOILM,FUT,LIQ5,238,1.0042194092827004,0.24369747899159663,37.773109243697476,-35.421810465546216,73.1949197092437,37.93248945147679,-35.5712695814346,-8430.3908908,12793.819947600005,3/12,0.25,-69.84993101217647,3.4027310924369747,0.16417910447761194,,-1362.2829176,14.0,0.7317073170731708,False
CRUDEOIL,CRUDEOILM,FUT,MOMA,220,0.9282700421940928,0.37727272727272726,23.09090909090909,-50.52572468000001,73.61663377090909,21.434599156118143,-46.90151658059072,-11115.659429600002,14535.535752000003,3/12,0.25,-77.44826167213635,-3.820227272727272,0.31343283582089554,,-3783.3345432,49.0,0.8059701492537313,False
CRUDEOIL,CRUDEOILM,FUT,MOMB,43,0.18143459915611815,0.2558139534883721,-39.53488372093023,-113.48344517209304,73.94856145116279,-7.172995780590718,-20.58982338565401,-4879.788142400001,5061.925636800001,3/12,0.25,-78.79415452260464,-4.783720930232558,0.6019900497512438,,-1491.2161384,50.0,0.8587200981394398,False
CRUDEOIL,CRUDEOILM,FUT,USORB,232,0.9789029535864979,0.36637931034482757,0.9482758620689655,-72.65562426896551,73.60390013103448,0.9282700421940928,-71.12280519156118,-16856.1048304,21881.51929600001,2/12,0.16666666666666666,-73.91730935052587,-0.2760775862068967,0.44776119402985076,,-1252.5770028,13.0,0.82125,False
GOLD,GOLD,OPT,EVE,2,0.01904761904761905,0.5,2250.0,1907.0927379999998,342.907262,42.857142857142854,36.32557596190476,3814.1854759999997,6329.369302,1/1,1.0,-3332.53220825,-3070.0,0.1951219512195122,65675.0,-6329.369302,119.5,0.7317073170731708,False
GOLD,GOLD,OPT,H60,24,0.22857142857142856,0.2916666666666667,-490.31250000000017,-838.9223909854168,348.6098909854166,-112.07142857142861,-191.75368936809525,-20134.137383650002,40519.604736650006,1/3,0.3333333333333333,-771.6554367922956,-411.3076519916143,0.45625,44950.0,-12413.5660153,19.5,0.82125,False
GOLD,GOLD,OPT,INORB,1,0.009523809523809525,1.0,1350.0,639.2128749999999,710.7871250000001,12.857142857142858,6.087741666666666,639.2128749999999,0.0,1/1,1.0,-5451.490517875,-4756.25,0.6666666666666666,89950.0,639.2128749999999,60.0,0.8587200981394398,False
GOLD,GOLD,OPT,LIQ5,3,0.02857142857142857,0.6666666666666666,933.3333333333334,560.684412,372.64892133333336,26.666666666666668,16.019554628571427,1682.053236,5061.600676,1/1,1.0,-1193.7707535909094,-915.9090909090909,0.28888888888888886,73750.0,-5061.600676,2.0,0.8033362598770852,False
GOLD,GOLD,OPT,MOMA,3,0.02857142857142857,0.3333333333333333,883.3333333333334,625.6257896666667,257.70754366666665,25.238095238095237,17.875022561904764,1876.8773690000003,3253.159521,1/2,0.5,931.4202081818751,1202.78125,0.2926829268292683,40550.0,-1972.106227,49.0,0.8033362598770852,False
GOLD,GOLD,OPT,USORB,1,0.009523809523809525,1.0,4400.0,4105.194728,294.80527199999995,41.904761904761905,39.09709264761905,4105.194728,0.0,1/1,1.0,-643.5397758999998,-305.0,0.09090909090909091,53600.0,4105.194728,2.0,0.6293706293706294,False
GOLDM,GOLDM,FUT,EVE,192,0.810126582278481,0.4479166666666667,725.5729166666666,312.55403817708327,413.0188784895833,587.8059071729958,253.20833472573835,60010.37532999999,76193.9565932,7/12,0.5833333333333334,-406.7132737483333,5.64427083333333,0.009950248756218905,,-12306.3574556,52.5,0.4477611940298507,False
GOLDM,GOLDM,FUT,H60,2465,10.40084388185654,0.17890466531440163,-26.49898580121704,-443.5648872259635,417.06590142474647,-275.61181434599155,-4613.449143510548,-1093387.447012,1097471.1868383987,1/12,0.08333333333333333,-437.9151039889672,-20.928397565922925,0.5074626865671642,,-30720.8773696,14.0,0.830393487109905,False
GOLDM,GOLDM,FUT,INORB,151,0.6371308016877637,0.3973509933774834,202.64900662251657,-203.89849871258278,406.5475053350993,129.1139240506329,-129.91001394767932,-30788.6733056,51774.1212948,3/11,0.2727272727272727,-396.9950294538278,8.966225165562914,0.19402985074626866,,-5985.6421888,26.0,0.7317073170731708,False
GOLDM,GOLDM,FUT,LIQ15,95,0.4008438818565401,0.24210526315789474,-193.68421052631578,-603.0517086652632,409.3674981389473,-77.63713080168776,-241.72958786160336,-57289.9123232,81629.00261039998,4/12,0.3333333333333333,-426.79705128658946,-17.51105263157894,0.5621890547263682,,-40803.3203564,20.0,0.8587200981394398,False
GOLDM,GOLDM,FUT,LIQ5,229,0.9662447257383966,0.2576419213973799,-64.5414847161572,-478.1020584524017,413.5605737362446,-62.36286919831224,-461.9635923443038,-109485.3713856,123522.56111439998,3/12,0.25,-412.2157862479825,0.7986899563318723,0.5771144278606966,,-7383.3987688,11.0,0.8587200981394398,False
GOLDM,GOLDM,FUT,MOMA,199,0.8396624472573839,0.39195979899497485,92.96482412060301,-322.5411889045225,415.50601302512564,78.05907172995781,-270.82572401687753,-64185.69659199998,84548.40035519999,5/12,0.4166666666666667,-437.5366212009145,-22.369095477386928,0.3333333333333333,,-20263.4037504,49.0,0.8108108108108109,False
GOLDM,GOLDM,FUT,USORB,197,0.8312236286919831,0.3756345177664975,-212.18274111675126,-627.1767207959392,414.99397967918776,-176.37130801687763,-521.3241096911394,-123553.81399680002,130851.37748839997,1/12,0.08333333333333333,-403.8116436026497,10.663197969543148,0.8756218905472637,,-10894.3583812,12.0,0.9271290605794558,False
GOLDM,GOLDM,OPT,EVE,78,0.3291139240506329,0.3717948717948718,-145.55128205128216,-311.91945040692315,166.36816835564102,-47.90295358649792,-102.65703431113927,-24329.717131740006,30759.041293240007,5/12,0.4166666666666667,-288.87407934258334,-120.63988500148298,0.5223880597014925,25115.0,-4423.052087685003,58.0,0.8395522388059701,False
GOLDM,GOLDM,OPT,H60,1197,5.050632911392405,0.24812030075187969,-66.98872180451127,-282.6415759699164,215.6528541654052,-338.3354430379747,-1427.5188457214765,-338321.96643598995,340047.5394298901,0/12,0.0,-257.3042883746417,-41.72135384237023,0.7263681592039801,27000.0,-9830.8339192,14.0,0.8601728201099764,False
GOLDM,GOLDM,OPT,INORB,68,0.2869198312236287,0.38235294117647056,358.4264705882353,109.68993162264705,248.7365389655882,102.83966244725738,31.472216668101265,7458.915350339999,17880.7407079,4/10,0.4,-263.03931652966406,-9.793045292365948,0.04477611940298507,26530.0,-2814.0603515000003,36.5,0.5597014925373135,False
GOLDM,GOLDM,OPT,LIQ15,39,0.16455696202531644,0.28205128205128205,4.871794871794871,-201.2774150256411,206.14920989743592,0.8016877637130801,-33.12159994092828,-7849.819186000002,15330.473253900002,3/9,0.3333333333333333,-272.1406233374216,-58.56304758926781,0.417910447761194,26310.0,-3327.4728446999998,20.0,0.82125,False
GOLDM,GOLDM,OPT,LIQ5,101,0.42616033755274263,0.31683168316831684,-201.87128712871288,-389.5901089883169,187.71882185960396,-86.0295358649789,-166.0278523536709,-39348.601007820005,40350.12505082001,1/11,0.09090909090909091,-272.61138507531615,-67.230935224419,0.8009950248756219,25380.0,-3208.3102629,14.0,0.8955223880597014,False
GOLDM,GOLDM,OPT,MOMA,88,0.37130801687763715,0.3409090909090909,59.81818181818182,-96.11776802590909,155.9359498440909,22.21097046413502,-35.68929783240507,-8458.36358628,18354.070207995002,3/12,0.25,-83.21053749329414,84.13910555196868,0.48756218905472637,23250.0,-4997.666707895,49.0,0.827935792734441,False
GOLDM,GOLDM,OPT,USORB,82,0.3459915611814346,0.3780487804878049,-11.890243902439025,-177.8522621012195,165.9620181987805,-4.113924050632911,-61.53538182405063,-14583.8854923,23609.131280799993,2/12,0.16666666666666666,-244.7657903930105,-72.49752638340527,0.38308457711442784,25362.5,-3013.3256535,14.0,0.82125,False
NATGASMINI,NATGASMINI,FUT,EVE,211,0.890295358649789,0.47393364928909953,111.73020493927726,26.677497254518634,85.05270768475862,99.47288287842827,23.750851986090428,5628.951920703432,12970.435372634125,6/12,0.5,-85.80370231811565,-0.7719157431362936,0.05970149253731343,,-6768.51416142273,114.0,0.5698778833107192,False
NATGASMINI,NATGASMINI,FUT,EVT,45,0.189873417721519,0.15555555555555556,-38.88914320203993,-123.49678892971123,84.60764572767131,-7.384014532032898,-23.448757391717322,-5557.355501837005,5647.144623514557,2/12,0.16666666666666666,-83.05934422729406,1.5917265150282116,0.835820895522388,,-964.4365132623291,0.0,0.9063118144218666,False
NATGASMINI,NATGASMINI,FUT,H60,2801,11.818565400843882,0.20135665833630847,13.352344734930048,-71.62063077349444,84.97297550842448,157.80555950438423,-846.453108846236,-200609.38679655793,202689.22709165106,1/12,0.08333333333333333,-86.77485571480311,-1.7943517772779427,0.06965174129353234,,-2316.0400150509645,20.0,0.5698778833107192,False
NATGASMINI,NATGASMINI,FUT,INORB,216,0.9113924050632911,0.3888888888888889,45.25461903324834,-39.57743116672163,84.83205019996997,41.24471608093519,-36.07057017726528,-8548.725132011872,11907.029995562132,4/12,0.3333333333333333,-90.22865730615442,-5.420149255681922,0.06965174129353234,,-685.2232017886353,23.0,0.5698778833107192,False
NATGASMINI,NATGASMINI,FUT,LIQ15,138,0.5822784810126582,0.30434782608695654,212.31866919476053,127.60695805776515,84.71171113699539,123.62859218935424,74.30278570452148,17609.760211971592,6506.196117960204,5/12,0.4166666666666667,-81.1860075736799,3.7336842910103165,0.014925373134328358,,-1115.8546766867066,20.0,0.4477611940298507,False
NATGASMINI,NATGASMINI,FUT,LIQ5,229,0.9662447257383966,0.24017467248908297,49.563195507599275,-35.18886522704344,84.75206073464274,47.89017624995879,-34.00105543034999,-8058.250136992948,16456.694385938725,5/12,0.4166666666666667,-75.23009925778935,9.552409159564554,0.20398009950248755,,-1964.542645,16.0,0.7343283582089551,False
NATGASMINI,NATGASMINI,FUT,MOMA,221,0.9324894514767933,0.4434389140271493,40.836886582870825,-44.05191994124538,84.88880652411619,38.07996596968124,-41.07795066251151,-9735.474307015229,19341.35574894852,4/12,0.3333333333333333,-86.4063855575428,-1.5491924026972557,0.2835820895522388,,-5717.620443262329,49.0,0.8033362598770852,False
NATGASMINI,NATGASMINI,FUT,USORB,233,0.9831223628691983,0.3948497854077253,-17.489175428136736,-102.36680545912779,84.87763003099104,-17.19399947154371,-100.63909566234926,-23851.465671976774,24241.06532876543,2/12,0.16666666666666666,-81.77475895269717,3.0788608272699842,0.6567164179104478,,-2468.0341115246583,12.0,0.8587200981394398,False
NATGASMINI,NATGASMINI,OPT,EVE,197,0.8312236286919831,0.41624365482233505,42.3604141939715,-26.165060068232904,68.52547426220443,35.21097719920838,-21.749016174860262,-5154.516833441882,11994.244291276766,6/12,0.5,-96.90375226140945,-28.888876049666486,0.01990049751243781,4437.5,-1329.6843441418791,99.0,0.44776119402985076,False
NATGASMINI,NATGASMINI,OPT,EVT,43,0.18143459915611815,0.4186046511627907,-1.744156660035599,-68.28259446065188,66.53843780061628,-0.31645036447903274,-12.388825155308146,-2936.1515618080307,3240.277588524127,2/12,0.16666666666666666,-74.75790065214636,-7.785096383677851,0.39303482587064675,4349.999904632568,-460.85973463431355,0.0,0.82125,False
NATGASMINI,NATGASMINI,OPT,H60,2875,12.130801687763713,0.21495652173913044,3.415654105725496,-71.96873972029796,75.38439382602346,41.434622590551896,-873.0385092652178,-206910.12669585663,207660.95166070608,0/12,0.0,-76.5152760197911,-1.77308833671447,0.13432835820895522,4387.499809265137,-1154.2466222872542,19.0,0.7317073170731708,False
NATGASMINI,NATGASMINI,OPT,INORB,191,0.8059071729957806,0.33507853403141363,25.32724060937372,-56.29234728803116,81.61958789740486,20.41140487928431,-45.36640646419389,-10751.838332013951,10811.321435147996,1/12,0.08333333333333333,-78.67795116634198,2.2068623584154468,0.03980099502487562,4437.5,-516.0133556900406,22.0,0.5597014925373135,False
NATGASMINI,NATGASMINI,OPT,LIQ15,135,0.569620253164557,0.2814814814814815,15.643502959498653,-56.7283772617653,72.37188022126395,8.910856116170118,-32.313632617461245,-7658.330930338316,7897.028602021444,3/12,0.25,-82.3137988380991,-8.342408397990724,0.15920398009950248,4137.499809265137,-1187.4447901223837,20.0,0.7317073170731708,False
NATGASMINI,NATGASMINI,OPT,LIQ5,217,0.9156118143459916,0.2488479262672811,-0.6336352792203701,-74.74513594553753,74.11150066631714,-0.580163947640592,-68.4375295366314,-16219.694500181642,16231.293328427668,0/12,0.0,-78.13795259624399,-4.560063487343774,0.3781094527363184,4275.000095367432,-594.0052132129001,18.0,0.82125,False
NATGASMINI,NATGASMINI,OPT,MOMA,206,0.869198312236287,0.3592233009708738,-5.691747323980618,-72.9189361234969,67.22718879951628,-4.947257167679355,-63.381016208609125,-15021.300841440363,15383.228402797573,3/12,0.25,-106.02936711328977,-39.10463865378662,0.14427860696517414,4300.000190734863,-1273.8404740540614,49.0,0.7317073170731708,False
NATGASMINI,NATGASMINI,OPT,USORB,219,0.9240506329113924,0.3698630136986301,-25.21118636000646,-93.16628107081162,67.95509471080516,-23.296412712411037,-86.09036098948415,-20403.415554507745,20563.818637373435,0/12,0.0,-80.18870996635613,-12.48564101226362,0.7661691542288557,4312.5,-584.5186765743542,12.0,0.8955223880597014,False
NATURALGAS,NATURALGAS,OPT,EVE,197,0.8716814159292036,0.43147208121827413,201.53877804727114,46.80421988509185,154.7345581621793,175.6776074128868,40.798368660898646,9220.431317363094,39541.64060302501,6/12,0.5,-226.38986361940925,-76.4506620817391,0.08955223880597014,22437.500953674316,-6459.621720709395,104.0,0.6293706293706294,False
NATURALGAS,NATURALGAS,OPT,EVT,43,0.1902654867256637,0.4883720930232558,-69.69472627307096,-213.22591989882497,143.53119362575399,-13.260501016557749,-40.56953343207732,-9168.714555649474,11631.66262971217,3/12,0.25,-161.18811184974334,-15.402767864229935,0.6467661691542289,22000.00047683716,-2303.368399142933,0.0,0.8587200981394398,False
NATURALGAS,NATURALGAS,OPT,H60,2922,12.929203539823009,0.2950034223134839,44.04408423501608,-144.1867683955386,188.23085263055464,569.4549297996327,-1864.2200763352378,-421313.73725176376,429170.1057731969,0/12,0.0,-186.67235793058362,-1.6834950357169172,0.014925373134328358,21749.99952316284,-5458.282790582806,20.0,0.4477611940298507,False
NATURALGAS,NATURALGAS,OPT,INORB,199,0.8805309734513275,0.4020100502512563,94.84927558419693,-121.74301693972684,216.59229252392376,83.51772496130614,-107.19849721683912,-24226.86037100564,26596.343432191585,3/12,0.25,-209.466183065603,3.9708434574744795,0.04477611940298507,22062.49952316284,-2388.979640950203,23.0,0.5597014925373135,False
NATURALGAS,NATURALGAS,OPT,LIQ15,121,0.5353982300884956,0.34710743801652894,136.05372127422618,-47.68847283655972,183.74219411078585,72.84292156717419,-25.532323952317373,-5770.305213223726,19774.469982550123,5/12,0.4166666666666667,-218.50814565615812,-36.730559932222164,0.11442786069651742,21187.500953674316,-3276.480535021162,20.0,0.7317073170731708,False
NATURALGAS,NATURALGAS,OPT,LIQ5,248,1.0973451327433628,0.34274193548387094,32.0060214688701,-152.98848200700996,184.99450347588004,35.121651877344185,-167.8811660961879,-37941.14353773847,38699.305366999564,1/12,0.08333333333333333,-194.52584690288984,-12.177962238270384,0.29850746268656714,21593.74952316284,-2381.658415579748,16.0,0.8033362598770852,False
NATURALGAS,NATURALGAS,OPT,MOMA,209,0.9247787610619469,0.4449760765550239,-13.965357005881385,-160.2802638296503,146.31490682376887,-12.914865549686768,-148.22378380706598,-33498.57514039691,49792.271878962674,4/12,0.3333333333333333,-264.20939239457914,-118.41303350621294,0.22885572139303484,20999.999046325684,-6161.1457746875,49.0,0.7628524046434494,False
NATURALGAS,NATURALGAS,OPT,USORB,220,0.9734513274336283,0.40454545454545454,-144.3608059124513,-293.20781057194415,148.8470046594929,-140.5282181448641,-285.4235324151669,-64505.718325827715,67124.77091783505,1/12,0.08333333333333333,-217.92502987173626,-69.23095589711409,0.8059701492537313,21406.25,-2781.7784231715677,12.0,0.8955223880597014,False
SILVER,SILVER,OPT,EVE,16,0.14414414414414414,0.1875,-3010.78125,-3307.296861934375,296.515611934375,-433.9864864864865,-476.72747559414415,-52916.74979095,55823.57451015001,0/3,0.0,-1798.4686209553313,-1504.0448966165416,0.6596858638743456,56542.5,-14374.052461,45.5,0.8587200981394398,False
SILVER,SILVER,OPT,H60,149,1.3423423423423424,0.31543624161073824,-160.8120805369128,-568.5535660213424,407.7414854844295,-215.8648648648649,-763.1935255601803,-84714.48133718001,96351.495130195,2/6,0.3333333333333333,-665.0159228711248,-267.56894562555243,0.4079601990049751,59955.0,-14374.052461,14.0,0.82125,False
SILVER,SILVER,OPT,INORB,11,0.0990990990990991,0.2727272727272727,-781.3636363636364,-1255.1997943545457,473.8361579909091,-77.43243243243244,-124.38916880990993,-13807.197737900002,16626.4378256,0/3,0.0,-1134.6358922933232,-677.0259146341464,0.49696969696969695,50070.0,-11227.340125,42.0,0.8282828282828283,False
SILVER,SILVER,OPT,LIQ15,6,0.05405405405405406,0.5,1647.5,1252.49562675,395.00437325,89.05405405405405,67.7024663108108,7514.9737605,2053.5754786999996,2/2,1.0,-434.603634842481,-72.12404580152672,0.17424242424242425,59467.5,-1962.9441358,20.0,0.7317073170731708,False
SILVER,SILVER,OPT,LIQ5,8,0.07207207207207207,0.125,-2790.09375,-3204.0285005856254,413.934750585625,-201.08783783783784,-230.9209730151802,-25632.228004685003,25632.228004685,0/4,0.0,-744.6846134622806,-300.83561151079135,0.9142857142857143,53190.0,-8882.4214768,20.0,0.9408016099278886,False
SILVER,SILVER,OPT,MOMA,9,0.08108108108108109,0.5555555555555556,3068.3333333333335,2753.157149433333,315.1761839,248.78378378378378,223.22895806216212,24778.414344899997,4013.8043622,3/4,0.75,1.8653166085097446,329.9013071895424,0.16883116883116883,59820.0,-3545.1728026,49.0,0.7317073170731708,False
SILVER,SILVER,OPT,USORB,15,0.13513513513513514,0.3333333333333333,-526.65,-832.9383743670002,306.288374367,-71.16891891891892,-112.55923977932434,-12494.075615505002,26661.142423105,1/4,0.25,-1102.1370054130696,-794.5289910226387,0.42934782608695654,59475.0,-6070.1149792,24.0,0.82125,False
SILVERM,SILVERM,FUT,EVE,138,0.5847457627118644,0.47101449275362317,-377.39130434782606,-685.0295361101447,307.63823176231887,-220.67796610169492,-400.56811857288125,-94534.07598319997,161019.612769,3/11,0.2727272727272727,-320.8703533166739,-14.415398550724634,0.6666666666666666,,-43650.28635,50.0,0.8587200981394398,False
SILVERM,SILVERM,FUT,H60,2123,8.995762711864407,0.19123881300047102,137.60480452190296,-187.8771692136599,325.48197373556286,1237.8601694915253,-1690.098433222881,-398863.23024059995,625361.8936112002,3/12,0.25,-316.79236334830756,8.492616580310882,0.1890547263681592,,-62404.6790052,13.0,0.7317073170731708,False
SILVERM,SILVERM,FUT,INORB,114,0.4830508474576271,0.3508771929824561,-28.68421052631579,-315.9970224526316,287.3128119263158,-13.85593220338983,-152.6426294898305,-36023.6605596,43876.24275420001,2/11,0.18181818181818182,-223.8880909409649,62.93991228070176,0.6119402985074627,,-7026.9787752,42.0,0.8587200981394398,False
SILVERM,SILVERM,FUT,LIQ15,94,0.3983050847457627,0.2553191489361702,302.7659574468085,-12.372505502127495,315.1384629489362,120.59322033898304,-4.928031852542308,-1163.0155171999845,102517.35189260001,5/12,0.4166666666666667,-83.18680314661701,235.0712765957447,0.42786069651741293,,-83553.6771772,20.0,0.82125,False
SILVERM,SILVERM,FUT,LIQ5,185,0.7838983050847458,0.2702702702702703,199.3783783783784,-110.84066769189185,310.2190460702702,156.29237288135593,-86.88781153813557,-20505.523522999993,123502.708701,4/12,0.3333333333333333,-396.10641490365407,-87.1591891891892,0.2935323383084577,,-83553.6771772,10.0,0.8033362598770852,False
SILVERM,SILVERM,FUT,MOMA,180,0.7627118644067796,0.4722222222222222,15.86111111111111,-308.92488176111095,324.78599287222215,12.097457627118644,-235.6206725296609,-55606.478716999976,106234.17856239999,4/12,0.3333333333333333,-283.7521439932778,41.904722222222226,0.5323383084577115,,-31513.0956556,49.0,0.8405341712490181,False
SILVERM,SILVERM,FUT,USORB,162,0.6864406779661016,0.35185185185185186,-398.0246913580247,-711.296208980247,313.27151762222223,-273.22033898305085,-488.2626519271187,-115229.98585480002,119846.0729978,4/12,0.3333333333333333,-287.396187186,25.705555555555552,0.9303482587064676,,-27681.5594272,12.0,0.9408016099278886,False
SILVERM,SILVERM,OPT,EVE,58,0.2457627118644068,0.3793103448275862,-589.3577586206897,-749.0073886456034,159.64963002491376,-144.84216101694915,-184.0780870400212,-43442.428541445,43442.428541445,1/10,0.1,-523.7579129213875,-358.14683799245324,0.681592039800995,20622.5,-7980.20465695,45.5,0.8587200981394398,False
SILVERM,SILVERM,OPT,H60,686,2.906779661016949,0.2521865889212828,-96.21629008746356,-319.00696654659254,222.79067645912897,-279.67955508474574,-927.2829620803494,-218838.77905096248,243452.97598386244,0/12,0.0,-330.51759621710283,-112.83489549359915,0.4527363184079602,26898.75,-6605.7625590650005,14.0,0.82125,False
SILVERM,SILVERM,OPT,INORB,30,0.1271186440677966,0.4,32.916666666666664,-219.7751255416667,252.6917922083333,4.184322033898305,-27.937515958686447,-6593.253766250002,9004.010503050002,2/8,0.25,-205.82792159824362,66.91793083111739,0.48756218905472637,26021.25,-2993.55962485,31.0,0.827935792734441,False
SILVERM,SILVERM,OPT,LIQ15,23,0.09745762711864407,0.17391304347826086,-665.4510869565217,-917.5262863801087,252.07519942358695,-64.85328389830508,-89.41993468958685,-21103.1045867425,23291.8346539925,1/6,0.16666666666666666,-410.46340159094615,-177.23925913496225,0.9203980099502488,35522.5,-6771.9626564925,13.0,0.9408016099278886,False
SILVERM,SILVERM,OPT,LIQ5,52,0.22033898305084745,0.2692307692307692,-314.13461538461536,-530.3673466653846,216.23273128076923,-69.21610169491525,-116.8606018076271,-27579.102026599998,29670.35073909999,1/9,0.1111111111111111,-376.9334886300909,-151.71054826556883,0.6766169154228856,24188.75,-5223.80319385,18.0,0.8587200981394398,False
SILVERM,SILVERM,OPT,MOMA,55,0.2330508474576271,0.38181818181818183,3.7045454545454546,-179.23139003045463,182.93593548499996,0.8633474576271186,-41.77002733760595,-9857.726451675006,22136.513488674995,2/9,0.2222222222222222,-598.0704931448003,-407.9382053238725,0.22388059701492538,26270.0,-5687.05019997,49.0,0.7628524046434494,False
SILVERM,SILVERM,OPT,USORB,53,0.2245762711864407,0.24528301886792453,-542.7735849056604,-725.7815574181132,183.0079725124528,-121.89406779661017,-162.99331586084745,-38466.42254316,38931.52183306,1/10,0.1,-342.18275333182027,-156.79138854712502,0.835820895522388,28787.5,-3869.12723445,12.0,0.9063118144218666,False
