und,inst,h,n_rule,net_rule,gross_rand,net_rand
COPPER,OPT,9,48,-1378.4632157891529,-414.56081037239363,-1105.1730549781128
COPPER,OPT,10,43,1178.0597314669903,426.74210476262994,-329.95179498251065
COPPER,OPT,11,65,208.6694714511144,123.45697466364005,-611.4136460614599
COPPER,OPT,12,50,-787.474067623104,-39.79495891046823,-814.1514100974988
COPPER,OPT,13,66,473.68900321101603,253.17211780343416,-523.9123798852827
COPPER,OPT,14,61,-533.5332661315904,129.87023212232637,-669.7308410688204
COPPER,OPT,15,69,1.0154045536058887,236.287625187656,-551.20485647329
COPPER,OPT,16,40,-778.0931136423034,-81.02442194259115,-874.7557475225826
COPPER,OPT,17,89,-95.28936624489981,46.99763723841561,-418.9916453883342
COPPER,OPT,18,135,573.9483642645041,-18.41621869265751,-475.17578924223307
COPPER,OPT,19,166,-920.6289604668696,-509.43876720696784,-973.4981641499159
COPPER,OPT,20,91,-298.3848364199791,-222.40633059890092,-681.2529315806676
COPPER,OPT,21,72,-820.6217109637952,-496.84361822557764,-960.3956739622138
COPPER,OPT,22,77,-1744.2597212126786,-709.611162959257,-1169.435931140299
CRUDEOIL,FUT,9,199,-64.70848183316582,-0.11110321464951556,-94.21260971398384
CRUDEOIL,FUT,10,270,-127.12053647851852,-8.477959674773034,-102.64207968090567
CRUDEOIL,FUT,11,262,-122.79414966564886,-2.950877192982456,-96.87435465205458
CRUDEOIL,FUT,12,255,-100.80765504627452,6.686837205537117,-86.94119580387759
CRUDEOIL,FUT,13,244,-54.09632668688525,-3.8180353951012553,-97.19719936741372
CRUDEOIL,FUT,14,269,-95.9084940550186,-1.0000388742030788,-94.31652210854455
CRUDEOIL,FUT,15,227,-93.53159240704845,8.266049930823714,-84.80367343693395
CRUDEOIL,FUT,16,245,-58.71191336653061,13.905847180398188,-79.83335412335623
CRUDEOIL,FUT,17,245,-109.6779519755102,-1.1852281129473832,-94.88680267322395
CRUDEOIL,FUT,18,410,-111.59156301560975,-4.63861351332349,-98.74384070196629
CRUDEOIL,FUT,19,554,-133.83863193068592,-4.797709062182598,-98.38938581560019
CRUDEOIL,FUT,20,344,-128.8086526232558,-2.774164673631799,-95.77052130734695
CRUDEOIL,FUT,21,271,-82.28217455645755,-4.439542206384222,-97.6981947162019
CRUDEOIL,FUT,22,392,-79.83367086530612,-0.06994383496929295,-93.85433232622434
CRUDEOIL,OPT,9,188,-504.29371857278267,7.3902044156643,-476.79204700307366
CRUDEOIL,OPT,10,250,-638.632743907328,-21.977211406026946,-505.45456091143103
CRUDEOIL,OPT,11,275,-594.236761363597,-43.492633483885506,-516.8112093476186
CRUDEOIL,OPT,12,270,-492.7282202016838,-32.033480559600655,-499.1873823825323
CRUDEOIL,OPT,13,262,-427.0942429872492,-17.90593789487977,-482.0782218764418
CRUDEOIL,OPT,14,285,-401.05262240296554,35.557056711835365,-437.38661204044473
CRUDEOIL,OPT,15,231,-477.7246347052862,-4.264358352299939,-466.1513375277822
CRUDEOIL,OPT,16,257,-326.6122433196295,-26.066027888422497,-505.0194084556605
CRUDEOIL,OPT,17,258,-401.6112369849351,-103.29444606683042,-395.48415434066624
CRUDEOIL,OPT,18,391,-375.7808258993814,-141.41157297485375,-438.02794174389095
CRUDEOIL,OPT,19,554,-515.6857155446176,-150.5566470801645,-441.9498414275655
CRUDEOIL,OPT,20,343,-492.8626485894332,-91.74110582535118,-369.450188560807
CRUDEOIL,OPT,21,281,-352.14860411469215,-115.97598165969875,-399.932939471443
CRUDEOIL,OPT,22,383,-522.373339795365,-291.81687979497144,-581.7516560350483
GOLD,OPT,9,1,113.58787499999994,-1279.8863636363637,-2084.709427402273
GOLD,OPT,10,2,-1598.994848,-75.86206896551724,-856.3346204367815
GOLD,OPT,11,1,-1438.3710609999998,-848.581081081081,-1660.7827711364864
GOLD,OPT,12,2,-1951.9053385,-1503.0,-2212.85329034
GOLD,OPT,13,2,5737.949269500001,-834.5555555555555,-1687.7478653977778
GOLD,OPT,14,3,510.2323423333334,207.5,-500.7907115499999
GOLD,OPT,15,1,-12836.8645153,-665.7926829268292,-1459.3946091231705
GOLD,OPT,16,1,-6547.3970477,-1663.723404255319,-2407.897166555319
GOLD,OPT,17,3,-1290.4974450166667,-510.14084507042264,-986.7224486704225
GOLD,OPT,18,3,-659.9333867666679,-984.3571428571429,-1461.9608753985715
GOLD,OPT,19,4,1561.3038215000001,-1664.3133802816901,-2125.2002644320423
GOLD,OPT,20,3,-69.89287576666659,-1407.5245098039215,-1839.8035868691177
GOLD,OPT,21,2,648.727367,437.36486486486484,-15.676850152702825
GOLD,OPT,22,6,-365.97169433333346,-179.31137724550902,-634.6272504377246
GOLDM,FUT,9,192,-88.80168645624997,-43.8286888532478,-585.7044208664795
GOLDM,FUT,10,201,-477.67280479402984,44.55241417738692,-505.80913111477093
GOLDM,FUT,11,229,315.9531573851528,147.27611500271232,-399.4485806096748
GOLDM,FUT,12,165,-769.9499938569697,-16.048311377926993,-569.2529972551968
GOLDM,FUT,13,212,-609.5282226283018,35.05738578617288,-519.4629966003123
GOLDM,FUT,14,179,-983.5781285139664,-163.43052662897946,-715.6870116017527
GOLDM,FUT,15,196,-953.7654203979591,-150.91005421389846,-705.163802226348
GOLDM,FUT,16,213,-615.522140661033,26.49500763538118,-530.4669867374228
GOLDM,FUT,17,266,-556.1990514947369,-111.55906865987565,-663.9064619339067
GOLDM,FUT,18,371,-704.6088317153639,-44.077391660360036,-594.135644812997
GOLDM,FUT,19,508,-669.880618976378,77.26019046742731,-473.09968108967155
GOLDM,FUT,20,270,-174.35899236296297,41.534209740065734,-512.386942494652
GOLDM,FUT,21,230,-753.1056292000001,-35.57423699359183,-584.9987882288693
GOLDM,FUT,22,296,-458.9050569554054,-69.56156811900782,-620.470548124385
GOLDM,OPT,9,75,-368.844910572,-38.90110105318131,-458.25915128391546
GOLDM,OPT,10,99,-257.6838545484848,21.936479093395857,-411.532217362778
GOLDM,OPT,11,109,-366.754272859266,-29.91276265931795,-461.5521886936669
GOLDM,OPT,12,68,-419.01268435588236,-10.183291124669045,-444.30887243418385
GOLDM,OPT,13,113,-444.1187532663717,-1.351400704648965,-434.1943130031172
GOLDM,OPT,14,99,-642.1031786540909,-3.936750732616997,-436.94863591233144
GOLDM,OPT,15,96,-663.7619511177082,-46.41710673707793,-477.042248197134
GOLDM,OPT,16,100,-391.42297144099996,-68.83088178667694,-506.4641042357967
GOLDM,OPT,17,136,-283.4341513726471,-10.685675703749872,-276.1417912191108
GOLDM,OPT,18,171,-98.57583796666667,-99.08967148542192,-356.1528397158594
GOLDM,OPT,19,221,-561.2914539843213,-105.7481414506731,-358.4900610192224
GOLDM,OPT,20,117,-266.73956073760684,-95.98812560319868,-350.6895677837946
GOLDM,OPT,21,112,-480.3823261882589,-62.219130148028725,-313.36094627261866
GOLDM,OPT,22,137,-129.64175602244526,28.830513067565924,-225.92797794594665
NATGASMINI,FUT,9,206,17.94363165776077,8.956814986457184,-101.17444348378773
NATGASMINI,FUT,10,289,-48.10296706391912,15.117917140616306,-94.77509399142814
NATGASMINI,FUT,11,255,-77.79534133873433,13.166087917448005,-96.92592378577636
NATGASMINI,FUT,12,207,-93.13487249681113,1.3335965622189487,-108.36350161017258
NATGASMINI,FUT,13,212,-113.89383733046405,-16.05712249724702,-126.13567418869872
NATGASMINI,FUT,14,225,-143.50837851370918,-14.882050441270453,-124.81917377291437
NATGASMINI,FUT,15,272,-108.86798020575019,3.748560972319318,-106.14087213876613
NATGASMINI,FUT,16,237,-65.42232385229505,-1.477567729284085,-111.44498830526973
NATGASMINI,FUT,17,305,-71.51286225779799,8.53116763984813,-101.3994712357709
NATGASMINI,FUT,18,378,-144.91118315918655,4.675062068555721,-104.97324552152898
NATGASMINI,FUT,19,510,11.711388465831984,-1.0148871380140072,-111.0669012801355
NATGASMINI,FUT,20,353,-110.36467759087452,-11.238562408113994,-121.35538911874393
NATGASMINI,FUT,21,282,-136.72592894014346,-16.17770736405868,-126.43234400089294
NATGASMINI,FUT,22,363,-100.46088182093385,-5.316391088467496,-115.24330665484476
NATGASMINI,OPT,9,183,-109.70804390300518,3.4301315315330467,-105.82992948622051
NATGASMINI,OPT,10,273,-85.1700642787025,2.198958526153008,-106.07062323898863
NATGASMINI,OPT,11,262,-88.35969069555846,10.11686269981281,-99.90172110413378
NATGASMINI,OPT,12,207,-97.08571513091442,3.1877189205290417,-104.01521839931596
NATGASMINI,OPT,13,213,-116.24790731975848,-4.191236924634204,-111.70421837815142
NATGASMINI,OPT,14,224,-114.46943208359606,5.092655265764103,-102.32546316503347
NATGASMINI,OPT,15,264,-106.21082882200847,6.090021931553059,-102.45255672576896
NATGASMINI,OPT,16,273,-108.77878872187003,-3.2931692571045845,-111.70400980110698
NATGASMINI,OPT,17,310,-55.93050259288507,3.3368624323534535,-78.39696449161208
NATGASMINI,OPT,18,375,-82.78702692451614,-11.213140490447751,-92.06741081180792
NATGASMINI,OPT,19,497,-60.54226071010934,-13.793267045476323,-95.54372973465806
NATGASMINI,OPT,20,373,-85.54225689834118,-13.400712258235213,-95.10954910418936
NATGASMINI,OPT,21,280,-98.50811370030834,-12.795487567388886,-93.83650581988176
NATGASMINI,OPT,22,349,-96.7394217469162,-29.00570364528398,-108.98283797771771
NATURALGAS,OPT,9,202,-360.48503116273537,11.660374391900316,-343.2802417833981
NATURALGAS,OPT,10,283,-229.2264750920727,12.355390572989906,-338.9010676642675
NATURALGAS,OPT,11,278,-217.92678639260768,37.4596928121793,-319.219855040525
NATURALGAS,OPT,12,220,-253.12459374807145,7.254474046215475,-334.38041391177217
NATURALGAS,OPT,13,223,-344.5806926723615,-9.64303105758851,-351.23859749571767
NATURALGAS,OPT,14,224,-359.6700947990341,18.7855079405106,-326.1278128511369
NATURALGAS,OPT,15,259,-357.81389932863505,20.576343921300598,-334.34996644001245
NATURALGAS,OPT,16,271,-288.03395408137425,-8.649076200341108,-365.2065532479125
NATURALGAS,OPT,17,320,-15.219319743840638,21.304338991755582,-198.73858505982443
NATURALGAS,OPT,18,377,-256.45901581290104,-44.39395902032261,-258.12648121970966
NATURALGAS,OPT,19,492,-101.79518215637762,-47.460867308108845,-266.4543141719473
NATURALGAS,OPT,20,368,-244.78137467488818,-39.995969672848666,-257.6934941870141
NATURALGAS,OPT,21,284,-297.1123762940444,-45.65957256663307,-261.7741832880418
NATURALGAS,OPT,22,358,-266.4259750533595,-78.4065088914288,-289.28257517362556
SILVER,OPT,9,9,-1797.7124782666667,-1232.0564516129032,-2092.1266502005133
SILVER,OPT,10,14,-1196.7272506214285,-367.5595238095238,-1223.483992188095
SILVER,OPT,11,14,-732.5375581428569,-803.0159482758621,-1681.084613535198
SILVER,OPT,12,10,-690.0493903,-498.344298245614,-1381.1472821436403
SILVER,OPT,13,13,-411.776946976923,249.26017699115044,-560.1250099052036
SILVER,OPT,14,6,-230.34169609999995,-227.85453400503778,-1087.6520219703652
SILVER,OPT,15,13,-416.54892928461516,-234.57612456747404,-1125.3118337977508
SILVER,OPT,16,16,-1228.250240425,-501.4859635811836,-1366.1514503666388
SILVER,OPT,17,9,-734.8593430000001,-656.4249329758713,-1139.0011898197588
SILVER,OPT,18,26,-1380.5222855771156,-717.6567357512954,-1204.1132735561919
SILVER,OPT,19,35,-1919.3802831610003,-1037.6615853658539,-1522.819891115061
SILVER,OPT,20,15,-1611.8273785919998,-896.0671232876713,-1367.1724023956438
SILVER,OPT,21,15,-436.70346142,-318.70306513409963,-816.0997301868582
SILVER,OPT,22,19,562.8570993105263,-250.72235023041492,-773.8933180132029
SILVERM,FUT,9,129,-144.94748112868217,121.15309641625431,-261.5556987579847
SILVERM,FUT,10,160,15.18786623249999,41.429742628758824,-363.28006712800635
SILVERM,FUT,11,195,503.77037278769234,41.813586184282435,-379.5659641298503
SILVERM,FUT,12,164,172.09905789756093,162.8511271133375,-258.50549183626174
SILVERM,FUT,13,165,-555.9062646581818,-84.1781089445062,-504.88354626068565
SILVERM,FUT,14,161,-1170.837084273292,-209.02815730070097,-635.763934291541
SILVERM,FUT,15,191,-1494.3663753801045,-200.0918806704598,-630.382734182444
SILVERM,FUT,16,193,-585.3426487430052,112.97557207171208,-330.8467638739551
SILVERM,FUT,17,234,224.7741648358974,49.010610285006194,-376.5840494704151
SILVERM,FUT,18,332,-541.2281579373494,-122.78916441745389,-540.7874361163349
SILVERM,FUT,19,387,-503.3923566950904,111.96609274631156,-309.2190809235855
SILVERM,FUT,20,228,-657.2120555114036,-2.2441912925783893,-436.0046200702594
SILVERM,FUT,21,182,627.1982261032967,174.80465154058592,-247.18378347000055
SILVERM,FUT,22,275,-355.75736205018177,25.25233420673875,-401.8032704975569
SILVERM,OPT,9,40,-514.71375200125,-16.191566378337733,-472.6470129391623
SILVERM,OPT,10,46,-218.95851431304345,27.824471442095298,-431.34199173926
SILVERM,OPT,11,58,-607.8650011112068,-82.27688412272863,-495.355745644781
SILVERM,OPT,12,44,-613.6130114704546,-44.633637053910405,-477.97464711886863
SILVERM,OPT,13,50,-365.68536312199996,-66.37222595830531,-513.2915408593745
SILVERM,OPT,14,49,-663.2355006030612,-21.035291130670277,-482.3414582264844
SILVERM,OPT,15,49,-433.76906780846934,-25.248963859416445,-487.62393146004064
SILVERM,OPT,16,53,33.282103645282994,-28.782295606633692,-462.5498161532455
SILVERM,OPT,17,70,-437.93016025071427,-256.297104983153,-544.295480630504
SILVERM,OPT,18,117,-525.4415570123931,-81.33618523894596,-361.194800561128
SILVERM,OPT,19,147,-481.6981382793707,-187.04451069078948,-438.3886364222442
SILVERM,OPT,20,84,-893.7485255514582,-330.8869067513369,-604.6022985312759
SILVERM,OPT,21,65,-970.3228019362308,-305.2446544151641,-604.4135471141544
SILVERM,OPT,22,85,-222.141298905,-316.5142665396605,-606.5623140501268
