und,inst,rule,day,trades,gross,net
COPPER,OPT,EVE,2025-08,4,5625.0011920928955,5155.251699666667
COPPER,OPT,EVE,2025-09,6,33132.49862194061,32278.72062257573
COPPER,OPT,EVE,2025-10,9,-2424.987554550171,-4255.074751922155
COPPER,OPT,EVE,2025-11,5,4899.999141693115,4129.718197337599
COPPER,OPT,EVE,2025-12,12,-11307.500123977661,-13903.402718307196
COPPER,OPT,EVE,2026-01,3,31300.00352859497,30615.469296437408
COPPER,OPT,EVE,2026-02,5,-14206.245422363281,-15431.455128750647
COPPER,OPT,EVE,2026-03,5,-6050.000190734863,-7298.511519141865
COPPER,OPT,EVE,2026-04,5,925.0020980834961,-196.11515274085923
COPPER,OPT,EVE,2026-05,9,-31032.498955726627,-33050.01438531199
COPPER,OPT,EVE,2026-06,10,-53125.004291534424,-55484.91150422173
COPPER,OPT,EVE,2026-07,2,-2074.9998092651367,-2600.8412986231806
COPPER,OPT,H60,2025-08,29,28124.99225139618,24515.452518092956
COPPER,OPT,H60,2025-09,69,63262.50398159027,52382.98199415747
COPPER,OPT,H60,2025-10,71,110212.4695777893,91710.42378791617
COPPER,OPT,H60,2025-11,53,1699.99361038208,-7025.125104082966
COPPER,OPT,H60,2025-12,92,38725.03042221069,16059.576214259678
COPPER,OPT,H60,2026-01,38,9800.009727478027,-1182.0699901626595
COPPER,OPT,H60,2026-02,51,-22382.498025894165,-37352.787857145784
COPPER,OPT,H60,2026-03,67,15287.495136260986,-3225.513274157916
COPPER,OPT,H60,2026-04,56,24000.000953674316,10581.501622529317
COPPER,OPT,H60,2026-05,96,-15009.996175765991,-40604.849465119274
COPPER,OPT,H60,2026-06,101,22174.978256225586,-4330.34708001805
COPPER,OPT,H60,2026-07,19,-10099.992752075195,-15806.364350715447
COPPER,OPT,INORB,2025-08,2,1024.9996185302734,683.6217646985053
COPPER,OPT,INORB,2025-09,6,4424.996376037598,3256.3809185532573
COPPER,OPT,INORB,2025-10,4,11124.99713897705,9808.711809256458
COPPER,OPT,INORB,2025-11,8,5649.994611740112,4013.9068835331204
COPPER,OPT,INORB,2025-12,6,250.00572204589844,-1389.9473849343306
COPPER,OPT,INORB,2026-01,2,-4699.995517730713,-5186.457304202032
COPPER,OPT,INORB,2026-02,4,3649.9929428100586,2313.8671594183916
COPPER,OPT,INORB,2026-03,3,-33425.00686645508,-34427.6616479269
COPPER,OPT,INORB,2026-04,2,24.998188018798828,-401.53875922284124
COPPER,OPT,INORB,2026-05,1,3125.0,2752.5570625
COPPER,OPT,INORB,2026-06,1,-799.9992370605469,-1077.1223293970108
COPPER,OPT,LIQ15,2025-08,2,-425.0001907348633,-662.7323967743873
COPPER,OPT,LIQ15,2025-09,8,1787.5018119812012,583.200952545233
COPPER,OPT,LIQ15,2025-10,5,-2424.9982833862305,-3783.056063812065
COPPER,OPT,LIQ15,2025-11,5,-5750.000476837158,-6635.966591608476
COPPER,OPT,LIQ15,2025-12,5,-3524.9972343444824,-4500.385724646711
COPPER,OPT,LIQ15,2026-01,1,-3150.00057220459,-3306.901170919514
COPPER,OPT,LIQ15,2026-02,1,-14977.49948501587,-15295.38553665864
COPPER,OPT,LIQ15,2026-03,2,25074.996948242188,24562.146902254484
COPPER,OPT,LIQ15,2026-04,2,-4878.748178482056,-5429.982256942353
COPPER,OPT,LIQ15,2026-05,3,-349.99847412109375,-930.7560976664543
COPPER,OPT,LIQ15,2026-06,1,-1300.0011444091797,-1504.427292668724
COPPER,OPT,LIQ15,2026-07,4,-13924.999237060547,-15087.111168397332
COPPER,OPT,LIQ5,2025-08,4,4499.999284744263,3977.6983606735944
COPPER,OPT,LIQ5,2025-09,8,23149.999380111694,21678.980207671382
COPPER,OPT,LIQ5,2025-10,8,-425.0013828277588,-2191.3607263805625
COPPER,OPT,LIQ5,2025-11,8,-4950.003623962402,-6794.26883229208
COPPER,OPT,LIQ5,2025-12,14,1074.995994567871,-2293.4310007468225
COPPER,OPT,LIQ5,2026-02,3,-250.0009536743164,-996.8981179356579
COPPER,OPT,LIQ5,2026-03,5,19162.5075340271,17753.33949809026
COPPER,OPT,LIQ5,2026-04,7,-5274.994373321533,-7130.964592385435
COPPER,OPT,LIQ5,2026-05,5,-1275.0029563903809,-2504.08733986392
COPPER,OPT,LIQ5,2026-06,7,8475.005626678467,6799.192220754001
COPPER,OPT,LIQ5,2026-07,3,-524.9977111816406,-1528.5778003648757
COPPER,OPT,MOMA,2025-08,1,50.00114440917969,-60.2242331609726
COPPER,OPT,MOMA,2025-09,2,-175.0016212463379,-416.9489525249958
COPPER,OPT,MOMA,2025-10,2,-2824.997901916504,-3252.6171933613778
COPPER,OPT,MOMA,2025-11,2,599.9982357025146,341.6514896126032
COPPER,OPT,MOMA,2025-12,6,-3987.5025749206543,-5242.821370411979
COPPER,OPT,MOMA,2026-01,2,-2575.0064849853516,-3039.7208087926865
COPPER,OPT,MOMA,2026-02,1,-10475.001335144043,-10726.85340834837
COPPER,OPT,MOMA,2026-03,4,-5325.002670288086,-6199.42953972683
COPPER,OPT,MOMA,2026-04,4,-2050.001621246338,-2797.0555604225633
COPPER,OPT,MOMA,2026-05,5,3425.004482269287,2208.148407610559
COPPER,OPT,MOMA,2026-06,11,1999.9980926513672,-263.34586216545085
COPPER,OPT,USORB,2025-08,3,-225.00038146972656,-546.273659012604
COPPER,OPT,USORB,2025-09,8,-4116.251468658447,-5208.64735125699
COPPER,OPT,USORB,2025-10,2,7074.995040893555,6613.1342196914675
COPPER,OPT,USORB,2025-11,5,-299.9997138977051,-1181.7261331245904
COPPER,OPT,USORB,2025-12,8,-6549.997329711914,-8215.276856002045
COPPER,OPT,USORB,2026-01,3,-1374.9980926513672,-2030.0698292743682
COPPER,OPT,USORB,2026-02,4,49.996376037597656,-961.4067367793077
COPPER,OPT,USORB,2026-03,6,1900.0053405761719,444.92878273086546
COPPER,OPT,USORB,2026-04,7,8699.99885559082,7164.135059311581
COPPER,OPT,USORB,2026-05,8,6049.997806549072,4213.4982773747915
COPPER,OPT,USORB,2026-06,10,-3074.9988555908203,-5183.183268847752
COPPER,OPT,USORB,2026-07,1,1999.9980926513672,1701.4611046056748
CRUDEOIL,FUT,EVE,2025-08,16,-1020.0,-1967.2324232
CRUDEOIL,FUT,EVE,2025-09,20,-490.0,-1679.6836188
CRUDEOIL,FUT,EVE,2025-10,18,-300.0,-1322.2122272
CRUDEOIL,FUT,EVE,2025-11,18,-940.0,-1958.9837184
CRUDEOIL,FUT,EVE,2025-12,21,600.0,-578.1471808
CRUDEOIL,FUT,EVE,2026-01,19,340.0,-765.7991391999999
CRUDEOIL,FUT,EVE,2026-02,19,1510.0,339.0355811999998
CRUDEOIL,FUT,EVE,2026-03,22,1550.0,-28.02199320000011
CRUDEOIL,FUT,EVE,2026-04,20,-5750.0,-7208.7901908
CRUDEOIL,FUT,EVE,2026-05,19,-12080.0,-13473.3366936
CRUDEOIL,FUT,EVE,2026-06,21,2510.0,1031.5189180000002
CRUDEOIL,FUT,EVE,2026-07,5,420.0,81.52061280000004
CRUDEOIL,FUT,EVT,2025-08,4,430.0,193.65065
CRUDEOIL,FUT,EVT,2025-09,4,10.0,-228.2507756
CRUDEOIL,FUT,EVT,2025-10,5,-370.0,-654.6994604
CRUDEOIL,FUT,EVT,2025-11,4,-20.0,-244.97598240000002
CRUDEOIL,FUT,EVT,2025-12,4,160.0,-63.76889279999999
CRUDEOIL,FUT,EVT,2026-01,4,-610.0,-842.964054
CRUDEOIL,FUT,EVT,2026-02,4,130.0,-118.2426676
CRUDEOIL,FUT,EVT,2026-03,3,-460.0,-673.5489912
CRUDEOIL,FUT,EVT,2026-04,5,-340.0,-703.6804864
CRUDEOIL,FUT,EVT,2026-05,3,-610.0,-828.9283852000001
CRUDEOIL,FUT,EVT,2026-06,4,270.0,-13.077792399999964
CRUDEOIL,FUT,EVT,2026-07,1,170.0,102.3628396
CRUDEOIL,FUT,H60,2025-08,189,-4310.0,-15447.6680108
CRUDEOIL,FUT,H60,2025-09,277,440.0,-16043.518004799998
CRUDEOIL,FUT,H60,2025-10,254,-3400.0,-17882.4814088
CRUDEOIL,FUT,H60,2025-11,236,740.0,-12603.0062568
CRUDEOIL,FUT,H60,2025-12,262,-1850.0,-16551.5839676
CRUDEOIL,FUT,H60,2026-01,240,120.0,-13795.3506552
CRUDEOIL,FUT,H60,2026-02,246,4510.0,-10634.319591599999
CRUDEOIL,FUT,H60,2026-03,274,-14840.0,-34499.8627608
CRUDEOIL,FUT,H60,2026-04,268,5530.0,-14033.6683924
CRUDEOIL,FUT,H60,2026-05,247,-1050.0,-19166.0346636
CRUDEOIL,FUT,H60,2026-06,288,-6190.0,-26525.442629999998
CRUDEOIL,FUT,H60,2026-07,69,-2090.0,-6760.3766668
CRUDEOIL,FUT,INORB,2025-08,16,140.0,-805.510184
CRUDEOIL,FUT,INORB,2025-09,22,-90.0,-1398.6906187999998
CRUDEOIL,FUT,INORB,2025-10,18,-200.0,-1230.566668
CRUDEOIL,FUT,INORB,2025-11,18,-380.0,-1398.0910016
CRUDEOIL,FUT,INORB,2025-12,20,-310.0,-1434.4183532
CRUDEOIL,FUT,INORB,2026-01,19,-140.0,-1235.3792848
CRUDEOIL,FUT,INORB,2026-02,20,-120.0,-1347.8297519999999
CRUDEOIL,FUT,INORB,2026-03,18,-3320.0,-4606.9938384
CRUDEOIL,FUT,INORB,2026-04,20,750.0,-711.4175292
CRUDEOIL,FUT,INORB,2026-05,19,-1110.0,-2505.54541
CRUDEOIL,FUT,INORB,2026-06,21,1200.0,-283.96580320000015
CRUDEOIL,FUT,INORB,2026-07,5,200.0,-139.21130639999996
CRUDEOIL,FUT,LIQ15,2025-08,12,-260.0,-966.1307095999999
CRUDEOIL,FUT,LIQ15,2025-09,10,1450.0,855.8977172
CRUDEOIL,FUT,LIQ15,2025-10,14,-40.0,-841.2142839999999
CRUDEOIL,FUT,LIQ15,2025-11,9,110.0,-397.83881159999993
CRUDEOIL,FUT,LIQ15,2025-12,17,-110.0,-1067.1676324
CRUDEOIL,FUT,LIQ15,2026-01,9,-1200.0,-1719.3793576
CRUDEOIL,FUT,LIQ15,2026-02,10,-880.0,-1500.0503152000001
CRUDEOIL,FUT,LIQ15,2026-03,10,-1300.0,-2016.739024
CRUDEOIL,FUT,LIQ15,2026-04,9,-160.0,-820.2069743999999
CRUDEOIL,FUT,LIQ15,2026-05,10,-2450.0,-3180.6417532
CRUDEOIL,FUT,LIQ15,2026-06,11,510.0,-264.03160840000015
CRUDEOIL,FUT,LIQ15,2026-07,4,30.0,-239.58191639999995
CRUDEOIL,FUT,LIQ5,2025-08,11,270.0,-377.88389799999993
CRUDEOIL,FUT,LIQ5,2025-09,21,120.0,-1127.5800663999999
CRUDEOIL,FUT,LIQ5,2025-10,25,-310.0,-1732.2742187999997
CRUDEOIL,FUT,LIQ5,2025-11,15,-370.0,-1217.9069468
CRUDEOIL,FUT,LIQ5,2025-12,30,40.0,-1643.499816
CRUDEOIL,FUT,LIQ5,2026-01,24,1380.0,-6.934128799999897
CRUDEOIL,FUT,LIQ5,2026-02,27,-320.0,-1989.3503735999998
CRUDEOIL,FUT,LIQ5,2026-03,14,-1680.0,-2688.3332232
CRUDEOIL,FUT,LIQ5,2026-04,24,4660.0,2905.2463288
CRUDEOIL,FUT,LIQ5,2026-05,25,2190.0,364.6038500000001
CRUDEOIL,FUT,LIQ5,2026-06,19,3250.0,1906.8210452000003
CRUDEOIL,FUT,LIQ5,2026-07,3,-240.0,-443.29944320000004
CRUDEOIL,FUT,MOMA,2025-08,16,-490.0,-1436.2197171999999
CRUDEOIL,FUT,MOMA,2025-09,21,-140.0,-1389.2943096
CRUDEOIL,FUT,MOMA,2025-10,20,-540.0,-1681.2464224
CRUDEOIL,FUT,MOMA,2025-11,19,300.0,-773.7156559999999
CRUDEOIL,FUT,MOMA,2025-12,20,150.0,-973.5392347999999
CRUDEOIL,FUT,MOMA,2026-01,19,-1040.0,-2146.6062608
CRUDEOIL,FUT,MOMA,2026-02,19,240.0,-929.9765039999999
CRUDEOIL,FUT,MOMA,2026-03,21,3540.0,2034.7049768000002
CRUDEOIL,FUT,MOMA,2026-04,20,5490.0,4027.4748179999997
CRUDEOIL,FUT,MOMA,2026-05,20,-6810.0,-8274.8165668
CRUDEOIL,FUT,MOMA,2026-06,21,4610.0,3128.8909556
CRUDEOIL,FUT,MOMA,2026-07,4,-230.0,-501.31550839999994
CRUDEOIL,FUT,MOMB,2025-08,4,-410.0,-646.0693724
CRUDEOIL,FUT,MOMB,2025-09,4,-190.0,-429.3690732
CRUDEOIL,FUT,MOMB,2025-10,4,370.0,140.6308156
CRUDEOIL,FUT,MOMB,2025-11,3,-350.0,-518.639394
CRUDEOIL,FUT,MOMB,2025-12,4,10.0,-213.89048119999998
CRUDEOIL,FUT,MOMB,2026-01,3,-130.0,-304.5788548
CRUDEOIL,FUT,MOMB,2026-02,3,-1700.0,-1885.7746312000002
CRUDEOIL,FUT,MOMB,2026-03,4,890.0,605.1709156
CRUDEOIL,FUT,MOMB,2026-04,5,-730.0,-1094.3585836000002
CRUDEOIL,FUT,MOMB,2026-05,4,510.0,217.96891399999998
CRUDEOIL,FUT,MOMB,2026-06,4,-10.0,-293.47961560000005
CRUDEOIL,FUT,MOMB,2026-07,1,40.0,-27.398781600000007
CRUDEOIL,FUT,USORB,2025-08,18,-620.0,-1686.3978088
CRUDEOIL,FUT,USORB,2025-09,21,-500.0,-1750.5381951999998
CRUDEOIL,FUT,USORB,2025-10,21,-600.0,-1796.3927176
CRUDEOIL,FUT,USORB,2025-11,19,40.0,-1033.9868304
CRUDEOIL,FUT,USORB,2025-12,22,-350.0,-1583.2182796
CRUDEOIL,FUT,USORB,2026-01,20,-360.0,-1524.2723296
CRUDEOIL,FUT,USORB,2026-02,20,-380.0,-1610.635096
CRUDEOIL,FUT,USORB,2026-03,22,-2500.0,-4077.9055544000003
CRUDEOIL,FUT,USORB,2026-04,21,230.0,-1302.7319916000001
CRUDEOIL,FUT,USORB,2026-05,21,-490.0,-2029.4819971999998
CRUDEOIL,FUT,USORB,2026-06,22,4960.0,3408.1057296
CRUDEOIL,FUT,USORB,2026-07,5,790.0,451.3502404
CRUDEOIL,OPT,EVE,2025-08,15,-4445.495986938477,-5929.358867115425
CRUDEOIL,OPT,EVE,2025-09,19,-1232.9935455322275,-3071.82399860397
CRUDEOIL,OPT,EVE,2025-10,17,-5004.001159667969,-6705.787210577113
CRUDEOIL,OPT,EVE,2025-11,17,-7782.003860473633,-9407.137742031966
CRUDEOIL,OPT,EVE,2025-12,20,1730.0003051757812,-149.10098810797126
CRUDEOIL,OPT,EVE,2026-01,18,2044.0038299560547,38.02938099676976
CRUDEOIL,OPT,EVE,2026-02,18,90.00167846679688,-2287.1618695300754
CRUDEOIL,OPT,EVE,2026-03,18,8185.511779785156,3448.3028556651916
CRUDEOIL,OPT,EVE,2026-04,19,-35093.50601196289,-39753.77208449191
CRUDEOIL,OPT,EVE,2026-05,17,-59897.00538635254,-63527.84992506177
CRUDEOIL,OPT,EVE,2026-06,20,11660.496063232422,8645.483030455272
CRUDEOIL,OPT,EVE,2026-07,5,530.0003051757812,-17.36258584292591
CRUDEOIL,OPT,EVT,2025-08,4,2430.0003051757812,2039.059861945038
CRUDEOIL,OPT,EVT,2025-09,3,-369.99969482421875,-657.119501789917
CRUDEOIL,OPT,EVT,2025-10,4,-979.998779296875,-1395.5066073717041
CRUDEOIL,OPT,EVT,2025-11,4,310.0013732910156,-82.81594105821227
CRUDEOIL,OPT,EVT,2025-12,4,1580.0003051757812,1196.874689263092
CRUDEOIL,OPT,EVT,2026-01,3,-2009.9998474121094,-2351.954679474472
CRUDEOIL,OPT,EVT,2026-02,4,489.99786376953125,-53.02567899349981
CRUDEOIL,OPT,EVT,2026-03,2,-2579.998779296875,-3072.329559371704
CRUDEOIL,OPT,EVT,2026-04,5,-3050.006103515625,-4216.45117297528
CRUDEOIL,OPT,EVT,2026-05,3,-4220.0042724609375,-4717.0811984110715
CRUDEOIL,OPT,EVT,2026-06,4,480.0018310546875,-160.1746448455201
CRUDEOIL,OPT,EVT,2026-07,1,609.9990844726562,489.72617963479615
CRUDEOIL,OPT,H60,2025-08,199,-28181.497650146484,-50814.72862027044
CRUDEOIL,OPT,H60,2025-09,304,7330.021667480469,-27304.095673595184
CRUDEOIL,OPT,H60,2025-10,265,-12059.998321533203,-42236.50755195522
CRUDEOIL,OPT,H60,2025-11,254,9420.00503540039,-18866.161281138015
CRUDEOIL,OPT,H60,2025-12,274,-2084.5003700256348,-31221.622486679356
CRUDEOIL,OPT,H60,2026-01,249,11641.000022888184,-21080.047114567762
CRUDEOIL,OPT,H60,2026-02,264,26110.01205444336,-13794.746567150863
CRUDEOIL,OPT,H60,2026-03,258,-19539.987182617188,-102435.63144206414
CRUDEOIL,OPT,H60,2026-04,281,25130.032348632812,-62247.06760593145
CRUDEOIL,OPT,H60,2026-05,242,-38937.989501953125,-102863.23228101133
CRUDEOIL,OPT,H60,2026-06,310,-69209.48593139648,-125985.73763037537
CRUDEOIL,OPT,H60,2026-07,79,-12839.994812011719,-23043.36960534744
CRUDEOIL,OPT,INORB,2025-08,15,1669.9981689453125,-237.0709105273436
CRUDEOIL,OPT,INORB,2025-09,20,-719.9989318847656,-3142.2852189986415
CRUDEOIL,OPT,INORB,2025-10,17,-69.9981689453125,-2158.4188181013487
CRUDEOIL,OPT,INORB,2025-11,17,-2349.9961853027344,-4487.2836725304105
CRUDEOIL,OPT,INORB,2025-12,19,-829.9995422363281,-3052.676289223648
CRUDEOIL,OPT,INORB,2026-01,19,1389.9986267089844,-1251.3546267974089
CRUDEOIL,OPT,INORB,2026-02,19,-510.0006103515625,-3672.8607586596067
CRUDEOIL,OPT,INORB,2026-03,14,-18180.001831054688,-23144.41246226996
CRUDEOIL,OPT,INORB,2026-04,19,6880.000305175781,-87.91421398031707
CRUDEOIL,OPT,INORB,2026-05,18,-210.00213623046875,-5827.503244648285
CRUDEOIL,OPT,INORB,2026-06,20,9069.9951171875,4911.123957529053
CRUDEOIL,OPT,INORB,2026-07,5,1489.9993896484375,764.063863340393
CRUDEOIL,OPT,LIQ15,2025-08,10,-2282.003707885742,-3355.513035379167
CRUDEOIL,OPT,LIQ15,2025-09,10,500.0022888183594,-659.7770509063569
CRUDEOIL,OPT,LIQ15,2025-10,13,-60.002899169921875,-1539.2304983300016
CRUDEOIL,OPT,LIQ15,2025-11,8,-460.0006103515625,-1324.768208920288
CRUDEOIL,OPT,LIQ15,2025-12,17,-69.99740600585938,-1975.6991981390229
CRUDEOIL,OPT,LIQ15,2026-01,9,-1469.9958801269531,-2639.8651570824436
CRUDEOIL,OPT,LIQ15,2026-02,9,-729.9972534179688,-2027.4414463558655
CRUDEOIL,OPT,LIQ15,2026-03,7,-2869.9951171875,-4800.555594255859
CRUDEOIL,OPT,LIQ15,2026-04,9,-11689.996337890625,-14641.071669733275
CRUDEOIL,OPT,LIQ15,2026-05,9,-3900.006103515625,-6402.722896506348
CRUDEOIL,OPT,LIQ15,2026-06,10,-13539.999389648438,-15287.15604237677
CRUDEOIL,OPT,LIQ15,2026-07,4,-969.9996948242188,-1452.9103402762146
CRUDEOIL,OPT,LIQ5,2025-08,9,-510.00213623046875,-1582.9578123937683
CRUDEOIL,OPT,LIQ5,2025-09,20,-5190.00244140625,-7361.601026832764
CRUDEOIL,OPT,LIQ5,2025-10,23,-2740.003204345703,-5368.508792525192
CRUDEOIL,OPT,LIQ5,2025-11,15,-2459.9998474121094,-4149.738438659348
CRUDEOIL,OPT,LIQ5,2025-12,29,930.0010681152344,-2313.241232957901
CRUDEOIL,OPT,LIQ5,2026-01,22,5910.001373291016,3125.6620846892547
CRUDEOIL,OPT,LIQ5,2026-02,26,-3469.9996948242188,-7452.928220585052
CRUDEOIL,OPT,LIQ5,2026-03,13,-26857.99591064453,-31095.873778971065
CRUDEOIL,OPT,LIQ5,2026-04,22,3740.0054931640625,-3514.2242543764046
CRUDEOIL,OPT,LIQ5,2026-05,24,8079.998779296875,1882.153834417054
CRUDEOIL,OPT,LIQ5,2026-06,18,3569.9966430664062,496.7912307234179
CRUDEOIL,OPT,LIQ5,2026-07,3,340.00091552734375,-105.47423805911257
CRUDEOIL,OPT,MOMA,2025-08,15,-6451.496315002441,-7921.311284731419
CRUDEOIL,OPT,MOMA,2025-09,20,980.0010681152344,-916.8706133743134
CRUDEOIL,OPT,MOMA,2025-10,19,-8836.999588012695,-10690.425157969039
CRUDEOIL,OPT,MOMA,2025-11,18,-3498.499412536621,-5218.366834358663
CRUDEOIL,OPT,MOMA,2025-12,20,-263.9937210083008,-2094.5401217583258
CRUDEOIL,OPT,MOMA,2026-01,18,-6429.502182006836,-8432.90123384213
CRUDEOIL,OPT,MOMA,2026-02,18,-975.0033569335938,-3281.3695734567505
CRUDEOIL,OPT,MOMA,2026-03,19,14250.0,9236.241386575926
CRUDEOIL,OPT,MOMA,2026-04,19,4127.510528564453,-582.9736541043185
CRUDEOIL,OPT,MOMA,2026-05,18,-34351.49620056152,-38135.30509601019
CRUDEOIL,OPT,MOMA,2026-06,20,-5892.996978759766,-8844.844372583662
CRUDEOIL,OPT,MOMA,2026-07,4,-3219.9981689453125,-3659.35377537561
CRUDEOIL,OPT,MOMB,2025-08,4,-1931.498146057129,-2312.801770931736
CRUDEOIL,OPT,MOMB,2025-09,3,-130.00030517578125,-421.095382157074
CRUDEOIL,OPT,MOMB,2025-10,3,-99.99847412109375,-399.99227642666625
CRUDEOIL,OPT,MOMB,2025-11,3,-1829.9972534179688,-2139.0105730104065
CRUDEOIL,OPT,MOMB,2025-12,4,-390.0016784667969,-767.4243419928437
CRUDEOIL,OPT,MOMB,2026-01,2,-1769.9996948242188,-1992.0743480549622
CRUDEOIL,OPT,MOMB,2026-02,3,-5750.500869750977,-6112.951591969581
CRUDEOIL,OPT,MOMB,2026-03,3,-4119.9981689453125,-4862.71071684552
CRUDEOIL,OPT,MOMB,2026-04,5,-8589.997863769531,-9747.570486370392
CRUDEOIL,OPT,MOMB,2026-05,4,1539.9948120117188,774.3138777079771
CRUDEOIL,OPT,MOMB,2026-06,4,-1689.9993896484375,-2327.3353831099244
CRUDEOIL,OPT,MOMB,2026-07,1,-419.99969482421875,-540.609472842926
CRUDEOIL,OPT,USORB,2025-08,17,-5845.501327514648,-7540.526257622093
CRUDEOIL,OPT,USORB,2025-09,20,-1865.5001068115234,-3828.968847041941
CRUDEOIL,OPT,USORB,2025-10,20,-4732.996139526367,-6741.321884296971
CRUDEOIL,OPT,USORB,2025-11,18,954.9996948242178,-793.5742430161018
CRUDEOIL,OPT,USORB,2025-12,21,-1529.9980163574219,-3492.168692691055
CRUDEOIL,OPT,USORB,2026-01,19,-1039.990234375,-3208.7531457687683
CRUDEOIL,OPT,USORB,2026-02,19,-2919.9966430664062,-5363.8558042263485
CRUDEOIL,OPT,USORB,2026-03,19,-16459.9853515625,-21517.63567909656
CRUDEOIL,OPT,USORB,2026-04,19,-1690.0054931640625,-6361.0360486611335
CRUDEOIL,OPT,USORB,2026-05,19,-6989.9993896484375,-11126.372960155762
CRUDEOIL,OPT,USORB,2026-06,21,24489.990234375,21267.01370430603
CRUDEOIL,OPT,USORB,2026-07,5,3530.0003051757812,2968.127308157074
GOLD,OPT,EVE,2025-08,2,4500.0,4007.905476
GOLD,OPT,H60,2025-08,15,12445.0,8890.2939241
GOLD,OPT,H60,2025-09,8,-12377.500000000004,-14156.158479950003
GOLD,OPT,H60,2025-11,1,-11835.0,-12201.9167653
GOLD,OPT,INORB,2025-11,1,1350.0,902.0253749999999
GOLD,OPT,LIQ5,2025-08,3,2800.0,2022.1144859999995
GOLD,OPT,MOMA,2025-08,2,-2850.0,-3151.6232710000004
GOLD,OPT,MOMA,2025-11,1,5500.0,5235.52439
GOLD,OPT,USORB,2025-08,1,4400.0,4186.104728
GOLDM,FUT,EVE,2025-08,17,4900.0,321.63254959999904
GOLDM,FUT,EVE,2025-09,21,30050.0,23942.838202
GOLDM,FUT,EVE,2025-10,21,22390.0,15705.716834799998
GOLDM,FUT,EVE,2025-11,19,-4700.0,-10793.2223976
GOLDM,FUT,EVE,2025-12,19,1190.0,-5262.140380399999
GOLDM,FUT,EVE,2026-01,12,66010.0,61479.1641068
GOLDM,FUT,EVE,2026-02,14,27490.0,22004.495637199998
GOLDM,FUT,EVE,2026-03,8,15020.0,11927.4327872
GOLDM,FUT,EVE,2026-04,19,24480.0,17222.539982399998
GOLDM,FUT,EVE,2026-05,19,-15220.0,-22666.6867768
GOLDM,FUT,EVE,2026-06,20,-36230.0,-43780.7805852
GOLDM,FUT,EVE,2026-07,3,3930.0,2825.79437
GOLDM,FUT,H60,2025-08,176,-6240.0,-53551.4358512
GOLDM,FUT,H60,2025-09,263,-17480.0,-93962.28863360001
GOLDM,FUT,H60,2025-10,244,-3710.0,-81289.746506
GOLDM,FUT,H60,2025-11,230,30590.0,-43217.525103600005
GOLDM,FUT,H60,2025-12,206,-4100.0,-74103.7866552
GOLDM,FUT,H60,2026-01,182,83160.0,14484.10215280001
GOLDM,FUT,H60,2026-02,190,-117430.0,-191230.8443948
GOLDM,FUT,H60,2026-03,143,37280.0,-17839.9562
GOLDM,FUT,H60,2026-04,248,-42750.0,-137266.1306228
GOLDM,FUT,H60,2026-05,251,-47130.0,-145623.93938280002
GOLDM,FUT,H60,2026-06,266,1570.0,-98792.276474
GOLDM,FUT,H60,2026-07,66,20920.0,-3349.364840799999
GOLDM,FUT,INORB,2025-08,16,-5180.0,-9484.3174432
GOLDM,FUT,INORB,2025-09,21,440.0,-5663.253035200001
GOLDM,FUT,INORB,2025-10,19,-11080.0,-17121.9408744
GOLDM,FUT,INORB,2025-11,17,-6550.0,-11995.2838804
GOLDM,FUT,INORB,2025-12,9,2060.0,-1009.1324207999996
GOLDM,FUT,INORB,2026-01,7,35150.0,32442.873423600002
GOLDM,FUT,INORB,2026-02,3,-230.0,-1407.9067756
GOLDM,FUT,INORB,2026-04,17,60.0,-6411.015536000001
GOLDM,FUT,INORB,2026-05,18,-9470.0,-16539.2013812
GOLDM,FUT,INORB,2026-06,20,21020.0,13460.202312000001
GOLDM,FUT,INORB,2026-07,4,4380.0,2917.4803056
GOLDM,FUT,LIQ15,2025-08,10,-460.0,-3145.678156
GOLDM,FUT,LIQ15,2025-09,13,-6870.0,-10662.977455600001
GOLDM,FUT,LIQ15,2025-10,6,5870.0,3997.1285252000002
GOLDM,FUT,LIQ15,2025-11,8,-7390.0,-9961.4831636
GOLDM,FUT,LIQ15,2025-12,14,6380.0,1619.68718
GOLDM,FUT,LIQ15,2026-01,8,29130.0,26055.66279
GOLDM,FUT,LIQ15,2026-02,6,-42320.0,-44618.604178400004
GOLDM,FUT,LIQ15,2026-03,1,-2300.0,-2669.7062472
GOLDM,FUT,LIQ15,2026-04,6,-15920.0,-18212.7817248
GOLDM,FUT,LIQ15,2026-05,12,2990.0,-1703.9815643999996
GOLDM,FUT,LIQ15,2026-06,8,13510.0,10470.029441199998
GOLDM,FUT,LIQ15,2026-07,3,-1020.0,-2131.9032695999995
GOLDM,FUT,LIQ5,2025-08,24,230.0,-6224.4060036
GOLDM,FUT,LIQ5,2025-09,20,3680.0,-2131.7111320000004
GOLDM,FUT,LIQ5,2025-10,24,120.0,-7554.8495920000005
GOLDM,FUT,LIQ5,2025-11,25,11310.0,3275.7385851999998
GOLDM,FUT,LIQ5,2025-12,18,7200.0,1080.2961336000008
GOLDM,FUT,LIQ5,2026-01,14,28370.0,23078.344309199998
GOLDM,FUT,LIQ5,2026-02,18,-2230.0,-9257.5017484
GOLDM,FUT,LIQ5,2026-03,10,-17070.0,-20900.1526692
GOLDM,FUT,LIQ5,2026-04,30,-23470.0,-34911.1680076
GOLDM,FUT,LIQ5,2026-05,17,-8700.0,-15354.080097600001
GOLDM,FUT,LIQ5,2026-06,25,-21760.0,-31211.8015944
GOLDM,FUT,LIQ5,2026-07,4,7540.0,6052.215931199999
GOLDM,FUT,MOMA,2025-08,16,-3750.0,-8058.46653
GOLDM,FUT,MOMA,2025-09,21,3970.0,-2134.1400596000003
GOLDM,FUT,MOMA,2025-10,19,3450.0,-2598.7700612000017
GOLDM,FUT,MOMA,2025-11,20,10580.0,4162.227052000001
GOLDM,FUT,MOMA,2025-12,17,28340.0,22557.483332
GOLDM,FUT,MOMA,2026-01,14,-10240.0,-15522.9438536
GOLDM,FUT,MOMA,2026-02,16,-7050.0,-13267.5685004
GOLDM,FUT,MOMA,2026-03,13,9570.0,4595.8562667999995
GOLDM,FUT,MOMA,2026-04,18,8350.0,1480.7559932000008
GOLDM,FUT,MOMA,2026-05,20,-11670.0,-19513.2251492
GOLDM,FUT,MOMA,2026-06,20,-16540.0,-24056.789518400004
GOLDM,FUT,MOMA,2026-07,5,3490.0,1646.9404364
GOLDM,FUT,USORB,2025-08,18,-2060.0,-6906.90964
GOLDM,FUT,USORB,2025-09,19,-3470.0,-8993.3265908
GOLDM,FUT,USORB,2025-10,20,-610.0,-6982.4575844
GOLDM,FUT,USORB,2025-11,20,-7580.0,-13993.155968000001
GOLDM,FUT,USORB,2025-12,16,-8240.0,-13697.9912752
GOLDM,FUT,USORB,2026-01,12,12810.0,8281.942700399999
GOLDM,FUT,USORB,2026-02,12,-15700.0,-20398.079564800002
GOLDM,FUT,USORB,2026-03,11,-13430.0,-17656.0921428
GOLDM,FUT,USORB,2026-04,21,330.0,-7676.0614324
GOLDM,FUT,USORB,2026-05,21,-5230.0,-13466.856442
GOLDM,FUT,USORB,2026-06,22,6940.0,-1340.635888000001
GOLDM,FUT,USORB,2026-07,5,-5560.0,-7400.6381688
GOLDM,OPT,EVE,2025-08,4,-905.0,-1201.6159905000002
GOLDM,OPT,EVE,2025-09,5,2310.0,1867.6868496000002
GOLDM,OPT,EVE,2025-10,1,980.0,903.1930282
GOLDM,OPT,EVE,2025-11,2,-495.0,-704.1109841
GOLDM,OPT,EVE,2025-12,5,-1625.0,-2084.4612389
GOLDM,OPT,EVE,2026-01,2,5945.0,5682.4506043
GOLDM,OPT,EVE,2026-02,3,-4315.0,-4793.9817803
GOLDM,OPT,EVE,2026-03,2,-410.0,-846.2843295999999
GOLDM,OPT,EVE,2026-04,14,5041.499999999996,3075.9992862699964
GOLDM,OPT,EVE,2026-05,18,1609.2499999999964,-859.8284870350035
GOLDM,OPT,EVE,2026-06,19,-22523.75,-24866.450032574998
GOLDM,OPT,EVE,2026-07,3,3035.0,2548.6650179
GOLDM,OPT,H60,2025-08,58,505.0,-4355.4887541
GOLDM,OPT,H60,2025-09,63,-5766.000000000002,-12085.604358280001
GOLDM,OPT,H60,2025-10,41,-9152.25,-14824.735585454999
GOLDM,OPT,H60,2025-11,33,-7165.0,-11195.1966391
GOLDM,OPT,H60,2025-12,52,-2690.0,-8930.251327
GOLDM,OPT,H60,2026-01,56,-1435.0,-10431.8752587
GOLDM,OPT,H60,2026-02,58,-41329.5,-51485.727191109996
GOLDM,OPT,H60,2026-03,60,1721.0,-11530.909961219999
GOLDM,OPT,H60,2026-04,221,-23100.0,-61789.2536116
GOLDM,OPT,H60,2026-05,241,-5708.75,-41444.265825475
GOLDM,OPT,H60,2026-06,244,14130.0,-22112.606975799998
GOLDM,OPT,H60,2026-07,70,-195.0,-12894.2914419
GOLDM,OPT,INORB,2025-08,2,-670.0,-832.3589686
GOLDM,OPT,INORB,2025-09,3,-222.0,-522.3123323599999
GOLDM,OPT,INORB,2025-10,2,680.0,297.7958102
GOLDM,OPT,INORB,2025-11,2,-2020.0,-2332.2822786
GOLDM,OPT,INORB,2025-12,3,-340.0,-700.8934118000001
GOLDM,OPT,INORB,2026-01,4,15780.0,15193.4195488
GOLDM,OPT,INORB,2026-04,14,-1595.0,-4268.2620305
GOLDM,OPT,INORB,2026-05,17,-4605.0,-7429.362200900001
GOLDM,OPT,INORB,2026-06,17,15000.0,11966.9133574
GOLDM,OPT,INORB,2026-07,4,2365.0,1514.2212067
GOLDM,OPT,LIQ15,2025-08,3,220.0,16.581583800000033
GOLDM,OPT,LIQ15,2025-09,3,940.0,649.4155844
GOLDM,OPT,LIQ15,2025-12,2,-685.0,-941.6203479
GOLDM,OPT,LIQ15,2026-01,3,930.0,628.9037416
GOLDM,OPT,LIQ15,2026-02,1,-830.0,-985.5316604
GOLDM,OPT,LIQ15,2026-04,5,-5575.0,-6381.1396997
GOLDM,OPT,LIQ15,2026-05,11,-3475.0,-5332.9869465
GOLDM,OPT,LIQ15,2026-06,8,9815.0,8611.2594593
GOLDM,OPT,LIQ15,2026-07,3,-1150.0,-1774.9374006
GOLDM,OPT,LIQ5,2025-08,8,-1950.0,-2540.6996846
GOLDM,OPT,LIQ5,2025-09,5,1420.0,961.6728482000001
GOLDM,OPT,LIQ5,2025-10,5,-355.0,-944.2205763000001
GOLDM,OPT,LIQ5,2025-11,8,-1310.0,-2240.8507118
GOLDM,OPT,LIQ5,2026-01,4,-3105.0,-3658.8437779
GOLDM,OPT,LIQ5,2026-02,7,-1655.0,-2716.1048913
GOLDM,OPT,LIQ5,2026-03,1,-645.0,-922.8089361
GOLDM,OPT,LIQ5,2026-04,24,-6495.0,-10089.3053161
GOLDM,OPT,LIQ5,2026-05,13,-1124.0,-3103.89334092
GOLDM,OPT,LIQ5,2026-06,22,-5740.0,-8820.110535
GOLDM,OPT,LIQ5,2026-07,4,570.0,-145.06811100000004
GOLDM,OPT,MOMA,2025-08,3,-1290.0,-1489.0110995999999
GOLDM,OPT,MOMA,2025-09,6,90.0,-483.2619738
GOLDM,OPT,MOMA,2025-10,3,-485.0,-772.3970889
GOLDM,OPT,MOMA,2025-11,2,265.0,88.5606305
GOLDM,OPT,MOMA,2025-12,9,-1374.250000000001,-2275.843018865001
GOLDM,OPT,MOMA,2026-01,4,6440.0,5892.193731400001
GOLDM,OPT,MOMA,2026-02,3,20.0,-316.360604
GOLDM,OPT,MOMA,2026-03,5,-126.5,-817.0345603699998
GOLDM,OPT,MOMA,2026-04,14,8115.0,6233.5915771
GOLDM,OPT,MOMA,2026-05,18,-1220.0,-3428.225589
GOLDM,OPT,MOMA,2026-06,17,-3965.25,-6094.613128245
GOLDM,OPT,MOMA,2026-07,4,-1205.0,-1856.4703125
GOLDM,OPT,USORB,2025-08,5,-40.0,-434.3485256
GOLDM,OPT,USORB,2025-09,2,205.0,28.767705100000057
GOLDM,OPT,USORB,2025-10,2,155.0,-76.66363190000004
GOLDM,OPT,USORB,2025-11,1,-1430.0,-1526.2357592
GOLDM,OPT,USORB,2025-12,7,-4350.0,-5034.1095974
GOLDM,OPT,USORB,2026-01,4,-235.0,-744.0751888999998
GOLDM,OPT,USORB,2026-02,4,-4300.0,-4926.2277912
GOLDM,OPT,USORB,2026-03,3,-3710.0,-4414.5702428
GOLDM,OPT,USORB,2026-04,15,3355.0,1249.1422699
GOLDM,OPT,USORB,2026-05,18,800.0,-1391.5849263999999
GOLDM,OPT,USORB,2026-06,16,10555.0,8606.7627803
GOLDM,OPT,USORB,2026-07,5,-1980.0,-2725.0767091999996
NATGASMINI,FUT,EVE,2025-08,13,-2800.006866455078,-3682.6445948063656
NATGASMINI,FUT,EVE,2025-09,18,2600.0213623046875,1332.4736056970216
NATGASMINI,FUT,EVE,2025-10,20,4275.001525878906,2827.568634949036
NATGASMINI,FUT,EVE,2025-11,19,4100.013732910156,2643.268501278991
NATGASMINI,FUT,EVE,2025-12,22,7250.0152587890625,5563.0611512280275
NATGASMINI,FUT,EVE,2026-01,20,11549.995422363281,10051.780868415222
NATGASMINI,FUT,EVE,2026-02,19,-3375.0,-4740.130618901367
NATGASMINI,FUT,EVE,2026-03,20,1150.0167846679688,-287.7301136099243
NATGASMINI,FUT,EVE,2026-04,18,-174.99923706054688,-1404.7280657414244
NATGASMINI,FUT,EVE,2026-05,18,3449.9969482421875,2160.4102993304446
NATGASMINI,FUT,EVE,2026-06,20,-2824.9740600585938,-4280.340634128724
NATGASMINI,FUT,EVE,2026-07,4,-1625.0076293945312,-1916.5371130075073
NATGASMINI,FUT,EVT,2025-08,4,-99.99847412109375,-373.6050435247802
NATGASMINI,FUT,EVT,2025-09,4,275.00152587890625,-6.958693736267051
NATGASMINI,FUT,EVT,2025-10,4,-700.0045776367188,-990.1390827822876
NATGASMINI,FUT,EVT,2025-11,4,-1525.0015258789062,-1832.588039736023
NATGASMINI,FUT,EVT,2025-12,4,375.0,69.91628673767093
NATGASMINI,FUT,EVT,2026-01,3,-224.99847412109375,-444.41975678863525
NATGASMINI,FUT,EVT,2026-02,4,0.0,-286.21490305236813
NATGASMINI,FUT,EVT,2026-03,4,0.0,-288.4419000000001
NATGASMINI,FUT,EVT,2026-04,5,-100.00228881835938,-442.5768257337952
NATGASMINI,FUT,EVT,2026-05,4,0.0,-285.8857582623291
NATGASMINI,FUT,EVT,2026-06,4,74.9969482421875,-216.23090663574217
NATGASMINI,FUT,EVT,2026-07,1,174.99542236328125,102.28912167755128
NATGASMINI,FUT,H60,2025-08,178,-2025.0205993652344,-13999.572710618133
NATGASMINI,FUT,H60,2025-09,283,-3574.9740600585938,-23557.462880257568
NATGASMINI,FUT,H60,2025-10,266,-875.0076293945312,-20136.26033146301
NATGASMINI,FUT,H60,2025-11,270,-4749.961853027344,-25461.034416027527
NATGASMINI,FUT,H60,2025-12,278,799.9954223632812,-20522.90219289642
NATGASMINI,FUT,H60,2026-01,236,56200.02746582031,38576.10484255798
NATGASMINI,FUT,H60,2026-02,263,-17275.035858154297,-36165.64338896133
NATGASMINI,FUT,H60,2026-03,229,6399.932861328125,-10069.069040347289
NATGASMINI,FUT,H60,2026-04,239,900.0434875488281,-15439.367088265533
NATGASMINI,FUT,H60,2026-05,243,2324.962615966797,-15079.555525120086
NATGASMINI,FUT,H60,2026-06,256,-1900.0167846679688,-20540.514875011293
NATGASMINI,FUT,H60,2026-07,60,1174.9725341796875,-3201.609190147705
NATGASMINI,FUT,INORB,2025-08,16,-150.00152587890625,-1233.221339833374
NATGASMINI,FUT,INORB,2025-09,22,-825.0083923339844,-2376.4125325019836
NATGASMINI,FUT,INORB,2025-10,18,-50.0030517578125,-1356.0064464227296
NATGASMINI,FUT,INORB,2025-11,19,-1549.9954223632812,-3007.460213628235
NATGASMINI,FUT,INORB,2025-12,20,5025.0091552734375,3489.92732685791
NATGASMINI,FUT,INORB,2026-01,18,5875.007629394531,4534.71310910614
NATGASMINI,FUT,INORB,2026-02,20,2974.9832153320312,1538.526679147034
NATGASMINI,FUT,INORB,2026-03,19,-1049.9954223632812,-2416.598652662048
NATGASMINI,FUT,INORB,2026-04,20,799.9954223632812,-566.3182909259033
NATGASMINI,FUT,INORB,2026-05,19,-675.0106811523438,-2035.9423418997192
NATGASMINI,FUT,INORB,2026-06,20,-1224.9832153320312,-2680.4481725112914
NATGASMINI,FUT,INORB,2026-07,5,625.0,260.5157432623291
NATGASMINI,FUT,LIQ15,2025-08,6,474.9946594238281,70.91857697311406
NATGASMINI,FUT,LIQ15,2025-09,16,-4049.9916076660156,-5175.060423153839
NATGASMINI,FUT,LIQ15,2025-10,14,4424.995422363281,3413.0599651528933
NATGASMINI,FUT,LIQ15,2025-11,12,4275.016784667969,3354.881759652405
NATGASMINI,FUT,LIQ15,2025-12,11,-2550.018310546875,-3393.213979814453
NATGASMINI,FUT,LIQ15,2026-01,15,22550.010681152344,21443.870578331604
NATGASMINI,FUT,LIQ15,2026-02,10,3774.993896484375,3059.292794006348
NATGASMINI,FUT,LIQ15,2026-03,13,749.9771118164062,-184.6287431369019
NATGASMINI,FUT,LIQ15,2026-04,14,-1650.0053405761719,-2604.85643605484
NATGASMINI,FUT,LIQ15,2026-05,13,2524.993896484375,1593.698811419678
NATGASMINI,FUT,LIQ15,2026-06,11,-1249.9847412109375,-2049.1650183459474
NATGASMINI,FUT,LIQ15,2026-07,3,24.993896484375,-194.03767305847168
NATGASMINI,FUT,LIQ5,2025-08,9,2925.0030517578125,2314.3843306497192
NATGASMINI,FUT,LIQ5,2025-09,25,-1974.9984741210938,-3727.037904390564
NATGASMINI,FUT,LIQ5,2025-10,23,-1100.006103515625,-2769.0534854321286
NATGASMINI,FUT,LIQ5,2025-11,13,2875.0076293945312,1877.8431960568234
NATGASMINI,FUT,LIQ5,2025-12,24,-4000.0076293945312,-5844.439007121888
NATGASMINI,FUT,LIQ5,2026-01,20,5125.0,3644.2322967376713
NATGASMINI,FUT,LIQ5,2026-02,20,10049.995422363281,8602.793658415223
NATGASMINI,FUT,LIQ5,2026-03,19,-1025.0167846679688,-2388.7524500784302
NATGASMINI,FUT,LIQ5,2026-04,30,-225.02517700195312,-2276.1107078861996
NATGASMINI,FUT,LIQ5,2026-05,14,2599.9984741210938,1596.7234446066284
NATGASMINI,FUT,LIQ5,2026-06,26,-2799.98779296875,-4689.292575194702
NATGASMINI,FUT,LIQ5,2026-07,6,-1099.9908447265625,-1537.0409333551027
NATGASMINI,FUT,MOMA,2025-08,16,1500.0038146972656,413.52447819503794
NATGASMINI,FUT,MOMA,2025-09,20,400.00152587890625,-1011.8472902838134
NATGASMINI,FUT,MOMA,2025-10,20,1624.9771118164062,177.12922749908432
NATGASMINI,FUT,MOMA,2025-11,19,-1100.0137329101562,-2557.926323442688
NATGASMINI,FUT,MOMA,2025-12,21,-5975.03662109375,-7584.945802891235
NATGASMINI,FUT,MOMA,2026-01,19,2450.0045776367188,1033.5804159457396
NATGASMINI,FUT,MOMA,2026-02,19,6999.988555908203,5634.036891866608
NATGASMINI,FUT,MOMA,2026-03,21,5200.01220703125,3690.562316968994
NATGASMINI,FUT,MOMA,2026-04,20,-1824.9931335449219,-3190.0544860624696
NATGASMINI,FUT,MOMA,2026-05,20,-199.98931884765625,-1633.184664486389
NATGASMINI,FUT,MOMA,2026-06,21,49.98016357421875,-1479.0259267141723
NATGASMINI,FUT,MOMA,2026-07,5,-99.98321533203125,-464.82314360992433
NATGASMINI,FUT,USORB,2025-08,18,-2525.0015258789062,-3746.6382678826903
NATGASMINI,FUT,USORB,2025-09,22,2324.9893188476562,772.2109204891968
NATGASMINI,FUT,USORB,2025-10,21,1275.0167846679688,-246.07699957611067
NATGASMINI,FUT,USORB,2025-11,20,-3050.0030517578125,-4583.100700324097
NATGASMINI,FUT,USORB,2025-12,22,225.0213623046875,-1461.5550431237793
NATGASMINI,FUT,USORB,2026-01,20,4075.01220703125,2576.3595437066647
NATGASMINI,FUT,USORB,2026-02,20,-2150.0015258789062,-3587.729064078674
NATGASMINI,FUT,USORB,2026-03,22,-2299.9954223632812,-3882.0960449398804
NATGASMINI,FUT,USORB,2026-04,21,-1375.0076293945312,-2807.99588235321
NATGASMINI,FUT,USORB,2026-05,20,299.9839782714844,-1132.1847169017028
NATGASMINI,FUT,USORB,2026-06,22,-424.99542236328125,-2025.628805152893
NATGASMINI,FUT,USORB,2026-07,5,-449.9969482421875,-814.5306118395996
NATGASMINI,OPT,EVE,2025-08,12,-1535.0003421306612,-2225.604721621004
NATGASMINI,OPT,EVE,2025-09,17,2387.4995708465576,1370.763476665759
NATGASMINI,OPT,EVE,2025-10,17,2372.5008368492126,1363.1012984512747
NATGASMINI,OPT,EVE,2025-11,18,2762.500286102295,1587.9981069085409
NATGASMINI,OPT,EVE,2025-12,21,2582.499647140503,1189.4057913050433
NATGASMINI,OPT,EVE,2026-01,18,4392.500185966492,3214.2675884292603
NATGASMINI,OPT,EVE,2026-02,18,-1433.7502241134644,-2593.429637294076
NATGASMINI,OPT,EVE,2026-03,19,-882.4988484382634,-2065.9073820032363
NATGASMINI,OPT,EVE,2026-04,17,-644.9998676776886,-1628.0951810097276
NATGASMINI,OPT,EVE,2026-05,17,1428.7503302097316,438.0072143124411
NATGASMINI,OPT,EVE,2026-06,19,-1935.0003600120551,-3041.1906665605206
NATGASMINI,OPT,EVE,2026-07,4,-1149.9996185302734,-1385.9194759873963
NATGASMINI,OPT,EVT,2025-08,4,200.00028610229492,-27.77562867728708
NATGASMINI,OPT,EVT,2025-09,4,237.49995231628418,11.292422072968492
NATGASMINI,OPT,EVT,2025-10,4,-312.5,-547.7445743915654
NATGASMINI,OPT,EVT,2025-11,3,-312.4995231628418,-504.92313638333326
NATGASMINI,OPT,EVT,2025-12,4,12.500286102294922,-242.1923439318085
NATGASMINI,OPT,EVT,2026-01,3,-299.9997138977051,-498.9391570402431
NATGASMINI,OPT,EVT,2026-02,4,124.9997615814209,-127.47412121646403
NATGASMINI,OPT,EVT,2026-03,4,-299.9999523162842,-548.2918044735766
NATGASMINI,OPT,EVT,2026-04,4,-187.5,-416.79915874999995
NATGASMINI,OPT,EVT,2026-05,4,474.9997854232788,245.82326815066102
NATGASMINI,OPT,EVT,2026-06,4,100.00038146972656,-133.02172426148417
NATGASMINI,OPT,EVT,2026-07,1,187.5,126.76627131626128
NATGASMINI,OPT,H60,2025-08,178,718.124708533287,-9934.87326902302
NATGASMINI,OPT,H60,2025-09,274,1287.5018119812012,-15391.36082746943
NATGASMINI,OPT,H60,2025-10,257,-185.62239408493065,-16366.504248209523
NATGASMINI,OPT,H60,2025-11,267,-262.503981590271,-18625.490782093704
NATGASMINI,OPT,H60,2025-12,290,1750.000238418579,-18751.825515939327
NATGASMINI,OPT,H60,2026-01,232,8343.746116757393,-7935.802776097617
NATGASMINI,OPT,H60,2026-02,281,-6587.499380111694,-26111.94339273069
NATGASMINI,OPT,H60,2026-03,243,2275.0078439712524,-13838.772321872137
NATGASMINI,OPT,H60,2026-04,253,-1024.9972343444824,-16416.959079536788
NATGASMINI,OPT,H60,2026-05,246,1083.7500512599945,-13797.320466690097
NATGASMINI,OPT,H60,2026-06,282,1934.9973440170288,-15522.172284026661
NATGASMINI,OPT,H60,2026-07,72,487.5004291534424,-4030.5970959063293
NATGASMINI,OPT,INORB,2025-08,10,200.00004768371582,-425.49117248637674
NATGASMINI,OPT,INORB,2025-09,17,49.99983310699463,-1014.0624820921159
NATGASMINI,OPT,INORB,2025-10,15,124.9995231628418,-910.0792484893417
NATGASMINI,OPT,INORB,2025-11,18,-649.9993801116943,-1941.4963368627214
NATGASMINI,OPT,INORB,2025-12,19,2725.001811981201,1330.441935501852
NATGASMINI,OPT,INORB,2026-01,16,1424.9987602233887,239.56598838261613
NATGASMINI,OPT,INORB,2026-02,19,787.5010967254639,-605.4159077338743
NATGASMINI,OPT,INORB,2026-03,18,12.500524520874023,-1244.547078114915
NATGASMINI,OPT,INORB,2026-04,18,537.4999046325684,-565.177379989667
NATGASMINI,OPT,INORB,2026-05,17,-374.99940395355225,-1443.9330366981196
NATGASMINI,OPT,INORB,2026-06,19,-387.5002861022949,-1625.371289074354
NATGASMINI,OPT,INORB,2026-07,5,387.500524520874,58.19955617437839
NATGASMINI,OPT,LIQ15,2025-08,6,-212.5002145767212,-556.0758598713469
NATGASMINI,OPT,LIQ15,2025-09,16,-1012.5006437301636,-1965.385612623961
NATGASMINI,OPT,LIQ15,2025-10,14,1974.9996662139893,1099.2726294508411
NATGASMINI,OPT,LIQ15,2025-11,12,1921.2494373321533,1160.96898911229
NATGASMINI,OPT,LIQ15,2025-12,10,-813.1246328353882,-1522.1067322895342
NATGASMINI,OPT,LIQ15,2026-01,15,2146.2496995925903,1119.8101866035763
NATGASMINI,OPT,LIQ15,2026-02,10,374.9992847442627,-306.10216280992034
NATGASMINI,OPT,LIQ15,2026-03,13,-1179.9997210502625,-2006.5928470090553
NATGASMINI,OPT,LIQ15,2026-04,13,-874.9997615814209,-1636.128532085557
NATGASMINI,OPT,LIQ15,2026-05,12,-262.49992847442627,-980.7132140893674
NATGASMINI,OPT,LIQ15,2026-06,11,24.999380111694336,-648.2719733447027
NATGASMINI,OPT,LIQ15,2026-07,3,25.000333786010742,-170.84680218707564
NATGASMINI,OPT,LIQ5,2025-08,9,312.4995231628418,-209.39136625206947
NATGASMINI,OPT,LIQ5,2025-09,23,-149.99914169311523,-1541.990826244173
NATGASMINI,OPT,LIQ5,2025-10,23,-512.5007629394531,-1954.8004064035702
NATGASMINI,OPT,LIQ5,2025-11,13,299.99804496765137,-615.0624032000399
NATGASMINI,OPT,LIQ5,2025-12,24,262.5002861022949,-1369.6776333469863
NATGASMINI,OPT,LIQ5,2026-01,19,599.9999046325684,-765.8900044384095
NATGASMINI,OPT,LIQ5,2026-02,18,762.5002861022949,-517.9543125766563
NATGASMINI,OPT,LIQ5,2026-03,17,-1099.998950958252,-2204.896134446297
NATGASMINI,OPT,LIQ5,2026-04,27,-299.9991178512573,-1896.473685655291
NATGASMINI,OPT,LIQ5,2026-05,14,-12.499213218688965,-861.1062389214874
NATGASMINI,OPT,LIQ5,2026-06,24,412.50038146972656,-1043.479279325428
NATGASMINI,OPT,LIQ5,2026-07,6,-712.5000953674316,-1081.4447137962818
NATGASMINI,OPT,MOMA,2025-08,13,112.50066757202148,-635.0761201179886
NATGASMINI,OPT,MOMA,2025-09,19,-462.4992609024048,-1577.0477647816588
NATGASMINI,OPT,MOMA,2025-10,19,1412.4993085861206,293.2795849541689
NATGASMINI,OPT,MOMA,2025-11,18,-2018.1255459785461,-3153.606110043237
NATGASMINI,OPT,MOMA,2025-12,20,-3626.873517036439,-4906.0911052762085
NATGASMINI,OPT,MOMA,2026-01,16,846.8748092651358,-208.70640384289078
NATGASMINI,OPT,MOMA,2026-02,18,2049.999475479126,894.1272073719549
NATGASMINI,OPT,MOMA,2026-03,20,2549.999713897705,1312.2646224830246
NATGASMINI,OPT,MOMA,2026-04,19,-611.8750512599947,-1703.7148625638786
NATGASMINI,OPT,MOMA,2026-05,19,-462.50033378601074,-1561.722197834091
NATGASMINI,OPT,MOMA,2026-06,20,-787.5000238418579,-1950.5823516126036
NATGASMINI,OPT,MOMA,2026-07,5,-175.00019073486328,-470.5585281237793
NATGASMINI,OPT,USORB,2025-08,17,-1424.9998331069946,-2396.5115004029967
NATGASMINI,OPT,USORB,2025-09,21,799.9985218048096,-424.40630756016253
NATGASMINI,OPT,USORB,2025-10,19,987.4999523162842,-179.01000401137821
NATGASMINI,OPT,USORB,2025-11,19,-1462.498664855957,-2680.239132835369
NATGASMINI,OPT,USORB,2025-12,21,500.0002384185791,-886.3214231419706
NATGASMINI,OPT,USORB,2026-01,17,87.50009536743164,-1029.9329500856782
NATGASMINI,OPT,USORB,2026-02,19,-1362.499475479126,-2583.1580587996914
NATGASMINI,OPT,USORB,2026-03,21,-2074.9993324279785,-3390.094588226423
NATGASMINI,OPT,USORB,2026-04,20,-1462.5000953674316,-2597.071374670324
NATGASMINI,OPT,USORB,2026-05,19,291.2499487400055,-824.2976832423356
NATGASMINI,OPT,USORB,2026-06,21,-237.50054836273193,-1461.9027847933457
NATGASMINI,OPT,USORB,2026-07,5,-162.50061988830566,-458.5257769881106
NATURALGAS,OPT,EVE,2025-08,12,-8743.74833703041,-9932.115883501267
NATURALGAS,OPT,EVE,2025-09,17,13187.507390975952,11310.164309427331
NATURALGAS,OPT,EVE,2025-10,17,13037.499785423277,11032.012284379613
NATURALGAS,OPT,EVE,2025-11,18,7937.498092651367,5458.0879246809
NATURALGAS,OPT,EVE,2025-12,21,15468.757629394531,12469.44519843749
NATURALGAS,OPT,EVE,2026-01,18,18287.50681877136,15798.464951628333
NATURALGAS,OPT,EVE,2026-02,18,-6100.004196166996,-8491.076846861593
NATURALGAS,OPT,EVE,2026-03,19,-5153.126358985901,-7460.17148904608
NATURALGAS,OPT,EVE,2026-04,17,-4840.624451637268,-6533.146591558287
NATURALGAS,OPT,EVE,2026-05,17,8259.372651576996,6522.987570058502
NATURALGAS,OPT,EVE,2026-06,19,-5762.502372264862,-7708.527875481156
NATURALGAS,OPT,EVE,2026-07,4,-5874.99737739563,-6297.326216950201
NATURALGAS,OPT,EVT,2025-08,4,-621.8778789043436,-1012.7886024504974
NATURALGAS,OPT,EVT,2025-09,4,0.0,-374.5380532078266
NATURALGAS,OPT,EVT,2025-10,4,-2062.4983310699463,-2483.9603612738847
NATURALGAS,OPT,EVT,2025-11,3,-374.9990463256836,-776.0988648028374
NATURALGAS,OPT,EVT,2025-12,4,62.499046325683594,-453.72302861585604
NATURALGAS,OPT,EVT,2026-01,3,-1999.9992847442627,-2427.2512395584345
NATURALGAS,OPT,EVT,2026-02,4,1499.9985694885254,997.4478909542562
NATURALGAS,OPT,EVT,2026-03,4,-1874.997615814209,-2356.1588349588396
NATURALGAS,OPT,EVT,2026-04,4,-875.0021457672119,-1261.0243813246966
NATURALGAS,OPT,EVT,2026-05,4,2312.5022649765015,1922.8549008937957
NATURALGAS,OPT,EVT,2026-06,4,-187.4983310699463,-594.5567827347518
NATURALGAS,OPT,EVT,2026-07,1,1124.9995231628418,1010.550695067072
NATURALGAS,OPT,H60,2025-08,191,2071.881428360939,-19493.711398055966
NATURALGAS,OPT,H60,2025-09,279,19624.987840652466,-13571.70951025095
NATURALGAS,OPT,H60,2025-10,266,17840.618431568146,-17226.307434581133
NATURALGAS,OPT,H60,2025-11,273,20562.5057220459,-21777.191365597293
NATURALGAS,OPT,H60,2025-12,293,33125.00715255737,-15204.64125539565
NATURALGAS,OPT,H60,2026-01,232,33321.8389749527,-3394.021881410182
NATURALGAS,OPT,H60,2026-02,284,-25000.030994415283,-69673.7756039743
NATURALGAS,OPT,H60,2026-03,248,19296.866178512573,-15778.665195007863
NATURALGAS,OPT,H60,2026-04,252,-5743.748486042023,-34300.54406459968
NATURALGAS,OPT,H60,2026-05,253,5303.12579870224,-23439.741345288847
NATURALGAS,OPT,H60,2026-06,281,3793.747305870056,-29575.826257462046
NATURALGAS,OPT,H60,2026-07,70,4500.014781951904,-4260.562303849363
NATURALGAS,OPT,INORB,2025-08,15,2062.4983310699463,206.3580369177103
NATURALGAS,OPT,INORB,2025-09,21,-1187.4979734420776,-3947.4738921458365
NATURALGAS,OPT,INORB,2025-10,17,-1374.9992847442627,-4047.350210456252
NATURALGAS,OPT,INORB,2025-11,16,-2625.0016689300537,-5310.617883546423
NATURALGAS,OPT,INORB,2025-12,19,11375.001668930054,7989.102494708085
NATURALGAS,OPT,INORB,2026-01,16,8375.003337860107,5486.021101164579
NATURALGAS,OPT,INORB,2026-02,18,3500.00262260437,358.6877673895599
NATURALGAS,OPT,INORB,2026-03,18,-4250.006675720215,-7109.456318507957
NATURALGAS,OPT,INORB,2026-04,19,2812.4994039535522,573.5062590267063
NATURALGAS,OPT,INORB,2026-05,17,-500.00131130218506,-2626.554922177112
NATURALGAS,OPT,INORB,2026-06,18,-1687.4957084655762,-4119.058135331154
NATURALGAS,OPT,INORB,2026-07,5,2375.0030994415283,1675.019122918725
NATURALGAS,OPT,LIQ15,2025-08,6,875.0015497207642,240.3932332515359
NATURALGAS,OPT,LIQ15,2025-09,14,-2812.4994039535522,-4351.090667636216
NATURALGAS,OPT,LIQ15,2025-10,13,6625.003814697266,4961.831976646519
NATURALGAS,OPT,LIQ15,2025-11,10,12750.000953674316,11295.696023042869
NATURALGAS,OPT,LIQ15,2025-12,11,-3412.5004410743713,-5171.663790773442
NATURALGAS,OPT,LIQ15,2026-01,14,9374.997615814209,7175.009046656562
NATURALGAS,OPT,LIQ15,2026-02,10,2624.995708465576,906.0370420045374
NATURALGAS,OPT,LIQ15,2026-03,12,-2875.0014305114746,-4434.011875300932
NATURALGAS,OPT,LIQ15,2026-04,7,-5249.997973442078,-5989.383878543889
NATURALGAS,OPT,LIQ15,2026-05,11,875.0015497207642,-438.11342330378295
NATURALGAS,OPT,LIQ15,2026-06,8,-874.9997615814209,-1805.1092916292428
NATURALGAS,OPT,LIQ15,2026-07,5,-1437.5019073486328,-2077.657085288286
NATURALGAS,OPT,LIQ5,2025-08,10,1312.500238418579,277.52568050143714
NATURALGAS,OPT,LIQ5,2025-09,19,-3875.000476837158,-5842.204421402002
NATURALGAS,OPT,LIQ5,2025-10,28,-5375.007390975952,-8856.94852195332
NATURALGAS,OPT,LIQ5,2025-11,17,-0.002384185791015625,-2763.093728343439
NATURALGAS,OPT,LIQ5,2025-12,27,5125.004053115845,1037.3754408842804
NATURALGAS,OPT,LIQ5,2026-01,23,10062.50262260437,6084.71253268249
NATURALGAS,OPT,LIQ5,2026-02,22,5125.001668930054,1428.2306169555422
NATURALGAS,OPT,LIQ5,2026-03,20,-2375.0030994415283,-5085.024061213159
NATURALGAS,OPT,LIQ5,2026-04,29,187.4983310699463,-3117.930472168421
NATURALGAS,OPT,LIQ5,2026-05,21,-999.9996423721313,-3389.842718554842
NATURALGAS,OPT,LIQ5,2026-06,25,437.50107288360596,-2456.4262676863314
NATURALGAS,OPT,LIQ5,2026-07,7,-1687.5016689300537,-2571.5129481767417
NATURALGAS,OPT,MOMA,2025-08,15,2624.9969005584717,1115.7209870172737
NATURALGAS,OPT,MOMA,2025-09,20,-2562.4990463256836,-4645.467535322404
NATURALGAS,OPT,MOMA,2025-10,19,2606.245517730713,609.2767692539162
NATURALGAS,OPT,MOMA,2025-11,18,-9937.494993209839,-12207.483473866869
NATURALGAS,OPT,MOMA,2025-12,20,-16737.49816417694,-19354.235800083494
NATURALGAS,OPT,MOMA,2026-01,17,2762.496471405022,397.0766684421469
NATURALGAS,OPT,MOMA,2026-02,18,11124.989986419678,8755.698383682442
NATURALGAS,OPT,MOMA,2026-03,20,13062.505722045898,10671.188148743391
NATURALGAS,OPT,MOMA,2026-04,19,-987.5042736530304,-2841.912769363526
NATURALGAS,OPT,MOMA,2026-05,18,-1125.0007152557373,-2885.0280086719986
NATURALGAS,OPT,MOMA,2026-06,20,-3312.496542930603,-5346.488477316058
NATURALGAS,OPT,MOMA,2026-07,5,-437.5004768371582,-969.2611268907548
NATURALGAS,OPT,USORB,2025-08,17,-6437.503099441528,-8087.942409940553
NATURALGAS,OPT,USORB,2025-09,21,2375.0007152557373,220.94172902591254
NATURALGAS,OPT,USORB,2025-10,20,3937.5001192092896,1629.4133599456193
NATURALGAS,OPT,USORB,2025-11,18,-6687.495708465576,-8983.668645257138
NATURALGAS,OPT,USORB,2025-12,21,-1812.4938011169434,-4751.476340239333
NATURALGAS,OPT,USORB,2026-01,18,124.99809265136719,-2330.031523933458
NATURALGAS,OPT,USORB,2026-02,19,-7625.002861022949,-10108.711484687996
NATURALGAS,OPT,USORB,2026-03,21,-10187.499523162842,-12772.149732070113
NATURALGAS,OPT,USORB,2026-04,20,-9250.00250339508,-11125.900039753305
NATURALGAS,OPT,USORB,2026-05,19,1990.6209111213684,17.34808455175471
NATURALGAS,OPT,USORB,2026-06,21,2500.0005960464478,346.28333152767414
NATURALGAS,OPT,USORB,2026-07,5,-687.5002384185791,-1219.387686427331
SILVER,OPT,EVE,2025-08,7,-16386.750000000004,-17787.860731915003
SILVER,OPT,EVE,2025-09,6,914.25,-350.50637533499867
SILVER,OPT,EVE,2025-11,3,-32700.0,-33465.6994962
SILVER,OPT,H60,2025-08,46,-4491.000000000004,-15366.597132580004
SILVER,OPT,H60,2025-09,65,8310.0,-10101.121533200001
SILVER,OPT,H60,2025-10,11,13140.0,9793.3803712
SILVER,OPT,H60,2025-11,24,-43770.0,-50998.2976572
SILVER,OPT,H60,2025-12,2,-4350.0,-4856.7293432
SILVER,OPT,H60,2026-06,1,7200.0,6849.5332328
SILVER,OPT,INORB,2025-08,5,795.0,-416.3695774999999
SILVER,OPT,INORB,2025-09,3,1260.0,232.03810319999957
SILVER,OPT,INORB,2025-11,3,-10650.0,-11762.523513600001
SILVER,OPT,LIQ15,2025-08,2,1710.0,1166.6101024000002
SILVER,OPT,LIQ15,2025-09,4,8175.0,7124.8277831
SILVER,OPT,LIQ5,2025-08,1,-6045.75,-6202.213912735
SILVER,OPT,LIQ5,2025-09,3,-6585.0,-7363.7185173
SILVER,OPT,LIQ5,2025-10,2,-780.0,-1443.498734599999
SILVER,OPT,LIQ5,2025-11,2,-8910.0,-9502.150383799999
SILVER,OPT,MOMA,2025-08,3,-3270.0,-3815.9446122
SILVER,OPT,MOMA,2025-09,4,11685.0,10779.5296481
SILVER,OPT,MOMA,2025-10,1,4080.0,3848.1887576
SILVER,OPT,MOMA,2026-06,1,15120.0,14755.9154264
SILVER,OPT,USORB,2025-08,7,-4464.75,-6101.0958543550005
SILVER,OPT,USORB,2025-09,4,-5475.0,-6288.4413343
SILVER,OPT,USORB,2025-10,1,2970.0,2770.5576122
SILVER,OPT,USORB,2025-11,3,-930.0,-1599.2263577999993
SILVERM,FUT,EVE,2025-08,17,11975.0,9008.6391578
SILVERM,FUT,EVE,2025-09,20,-10145.0,-13977.745964999998
SILVERM,FUT,EVE,2025-10,19,36585.0,32482.2859646
SILVERM,FUT,EVE,2025-11,17,3790.0,67.8741227999999
SILVERM,FUT,EVE,2025-12,17,-2065.0,-6627.810662599999
SILVERM,FUT,EVE,2026-01,15,-41435.0,-47259.5339118
SILVERM,FUT,EVE,2026-02,2,-11415.0,-12058.550124999998
SILVERM,FUT,EVE,2026-04,3,-2210.0,-3182.0694060000005
SILVERM,FUT,EVE,2026-05,7,-48320.0,-50757.5492572
SILVERM,FUT,EVE,2026-06,17,10950.0,5407.347370800002
SILVERM,FUT,EVE,2026-07,4,210.0,-1028.4532716000003
SILVERM,FUT,H60,2025-08,173,25935.0,-4256.715946599999
SILVERM,FUT,H60,2025-09,280,14390.0,-39102.2066484
SILVERM,FUT,H60,2025-10,227,103430.0,54525.7737892
SILVERM,FUT,H60,2025-11,211,37965.0,-8446.565502200003
SILVERM,FUT,H60,2025-12,213,24900.0,-32996.476386
SILVERM,FUT,H60,2026-01,193,255640.0,181907.70940239998
SILVERM,FUT,H60,2026-02,127,-120540.0,-163067.23346559997
SILVERM,FUT,H60,2026-03,87,82720.0,53997.8476916
SILVERM,FUT,H60,2026-04,113,-22070.0,-58122.022000799996
SILVERM,FUT,H60,2026-05,181,10065.0,-53246.26662300001
SILVERM,FUT,H60,2026-06,257,-93800.0,-176117.8465028
SILVERM,FUT,H60,2026-07,61,-26500.0,-45304.2367984
SILVERM,FUT,INORB,2025-08,15,1835.0,-774.3694621999998
SILVERM,FUT,INORB,2025-09,22,-2745.0,-6944.6665305999995
SILVERM,FUT,INORB,2025-10,18,720.0,-3154.5548400000007
SILVERM,FUT,INORB,2025-11,16,-3885.0,-7399.5717602
SILVERM,FUT,INORB,2025-12,11,-8690.0,-11751.326944800001
SILVERM,FUT,INORB,2026-01,3,-1050.0,-2174.3460711999996
SILVERM,FUT,INORB,2026-02,3,17075.0,16106.307789800001
SILVERM,FUT,INORB,2026-04,2,0.0,-644.7760248
SILVERM,FUT,INORB,2026-05,1,0.0,-350.87088959999994
SILVERM,FUT,INORB,2026-06,18,-10100.0,-15930.605430000001
SILVERM,FUT,INORB,2026-07,5,3570.0,2029.203604
SILVERM,FUT,LIQ15,2025-08,9,-275.0,-1842.6686845999998
SILVERM,FUT,LIQ15,2025-09,15,-7435.0,-10320.301605
SILVERM,FUT,LIQ15,2025-10,9,-2580.0,-4480.10439
SILVERM,FUT,LIQ15,2025-11,7,30500.0,28968.120689999996
SILVERM,FUT,LIQ15,2025-12,12,-23005.0,-26164.6581402
SILVERM,FUT,LIQ15,2026-01,7,-50560.0,-53036.77418960001
SILVERM,FUT,LIQ15,2026-02,6,90385.0,88384.59185659999
SILVERM,FUT,LIQ15,2026-03,2,13690.0,12997.081686
SILVERM,FUT,LIQ15,2026-04,3,15120.0,14157.775382400001
SILVERM,FUT,LIQ15,2026-05,4,8245.0,6888.8366946
SILVERM,FUT,LIQ15,2026-06,15,-44245.0,-49168.868041
SILVERM,FUT,LIQ15,2026-07,5,-1380.0,-2915.4487764000005
SILVERM,FUT,LIQ5,2025-08,18,-7080.0,-10205.5283188
SILVERM,FUT,LIQ5,2025-09,26,2445.0,-2500.2348718000003
SILVERM,FUT,LIQ5,2025-10,27,-8885.0,-14630.907724600002
SILVERM,FUT,LIQ5,2025-11,25,12220.0,6744.944585200001
SILVERM,FUT,LIQ5,2025-12,18,-5810.0,-10683.598313200002
SILVERM,FUT,LIQ5,2026-01,14,-3525.0,-9108.687652200002
SILVERM,FUT,LIQ5,2026-02,4,4240.0,2945.0759992
SILVERM,FUT,LIQ5,2026-03,4,39715.0,38405.179150200005
SILVERM,FUT,LIQ5,2026-04,10,37635.0,34391.336385
SILVERM,FUT,LIQ5,2026-05,12,1890.0,-2270.348709999999
SILVERM,FUT,LIQ5,2026-06,20,-31260.0,-37774.4556144
SILVERM,FUT,LIQ5,2026-07,7,-4700.0,-6870.0889376
SILVERM,FUT,MOMA,2025-08,16,-1560.0,-4358.487802400001
SILVERM,FUT,MOMA,2025-09,21,5380.0,1369.992652
SILVERM,FUT,MOMA,2025-10,20,-11940.0,-16256.841341199999
SILVERM,FUT,MOMA,2025-11,17,8465.0,4732.4465218000005
SILVERM,FUT,MOMA,2025-12,17,30030.0,25452.4158392
SILVERM,FUT,MOMA,2026-01,17,-25260.0,-31493.8106468
SILVERM,FUT,MOMA,2026-02,12,-690.0,-4671.526061999999
SILVERM,FUT,MOMA,2026-03,9,1005.0,-1963.9657829999987
SILVERM,FUT,MOMA,2026-04,11,11035.0,7519.1068866000005
SILVERM,FUT,MOMA,2026-05,14,-9095.0,-13986.0080426
SILVERM,FUT,MOMA,2026-06,21,-4060.0,-10760.492953999998
SILVERM,FUT,MOMA,2026-07,5,-455.0,-2002.2409846000003
SILVERM,FUT,USORB,2025-08,18,5830.0,2692.5057664
SILVERM,FUT,USORB,2025-09,22,-9300.0,-13501.7083212
SILVERM,FUT,USORB,2025-10,21,-5775.0,-10311.950889
SILVERM,FUT,USORB,2025-11,18,3735.0,-215.8049574000009
SILVERM,FUT,USORB,2025-12,19,-10480.0,-15668.8022532
SILVERM,FUT,USORB,2026-01,15,21545.0,15761.4826378
SILVERM,FUT,USORB,2026-02,6,-37640.0,-39572.0645896
SILVERM,FUT,USORB,2026-03,1,-1620.0,-1929.1400552
SILVERM,FUT,USORB,2026-04,4,2305.0,1021.9642717999998
SILVERM,FUT,USORB,2026-05,12,15285.0,11082.9083082
SILVERM,FUT,USORB,2026-06,21,-45690.0,-52441.2242596
SILVERM,FUT,USORB,2026-07,5,-2675.0,-4222.5497638
SILVERM,OPT,EVE,2025-08,8,-2230.0,-2892.1959215
SILVERM,OPT,EVE,2025-09,10,-406.375,-1213.3481652975001
SILVERM,OPT,EVE,2025-10,10,-252.0,-1382.3523021599995
SILVERM,OPT,EVE,2025-11,10,2126.625,1072.3415224424998
SILVERM,OPT,EVE,2025-12,3,-6857.25,-7255.821170305
SILVERM,OPT,EVE,2026-01,3,-12385.0,-13222.064602399998
SILVERM,OPT,EVE,2026-04,1,200.0,-42.15134599999999
SILVERM,OPT,EVE,2026-05,2,-8337.5,-8667.53324165
SILVERM,OPT,EVE,2026-06,10,-4093.75,-5571.545734575
SILVERM,OPT,EVE,2026-07,1,-1947.5,-2124.96407375
SILVERM,OPT,H60,2025-08,53,-196.00000000000182,-4541.861745780002
SILVERM,OPT,H60,2025-09,93,7880.249999999998,-1110.7052531550012
SILVERM,OPT,H60,2025-10,113,-3342.5,-18934.04645255
SILVERM,OPT,H60,2025-11,91,-5076.5,-15836.96555007
SILVERM,OPT,H60,2025-12,78,-43902.125,-56920.9834538825
SILVERM,OPT,H60,2026-01,28,-17112.5,-25128.521931850002
SILVERM,OPT,H60,2026-02,11,-8830.0,-11640.3008137
SILVERM,OPT,H60,2026-03,1,0.0,-216.441572
SILVERM,OPT,H60,2026-04,3,-2442.5,-3036.91330005
SILVERM,OPT,H60,2026-05,56,-18657.5,-29811.049377749998
SILVERM,OPT,H60,2026-06,130,17820.0,-8765.658099599998
SILVERM,OPT,H60,2026-07,29,7855.0,1302.2771837999999
SILVERM,OPT,INORB,2025-08,3,-360.0,-611.7985993
SILVERM,OPT,INORB,2025-09,4,-505.0,-894.3298023
SILVERM,OPT,INORB,2025-10,6,927.5,41.070560450000016
SILVERM,OPT,INORB,2025-11,2,1222.5,967.7126157499999
SILVERM,OPT,INORB,2025-12,2,-2775.0,-3183.5460365999998
SILVERM,OPT,INORB,2026-05,1,0.0,-290.8658847
SILVERM,OPT,INORB,2026-06,8,-360.0,-1975.8953099999999
SILVERM,OPT,INORB,2026-07,4,2837.5,1797.0143154500001
SILVERM,OPT,LIQ15,2025-08,2,-375.0,-561.223747
SILVERM,OPT,LIQ15,2025-09,5,302.5,-214.02753734999976
SILVERM,OPT,LIQ15,2025-12,5,-4835.0,-5795.987065
SILVERM,OPT,LIQ15,2026-05,1,-2370.0,-2561.2404022
SILVERM,OPT,LIQ15,2026-06,8,-11030.375,-12680.7929868175
SILVERM,OPT,LIQ15,2026-07,2,3002.5,2473.4919422500006
SILVERM,OPT,LIQ5,2025-08,2,-765.0,-930.0652772999999
SILVERM,OPT,LIQ5,2025-09,7,722.5,64.42716115000002
SILVERM,OPT,LIQ5,2025-10,11,-660.0,-2164.6835194
SILVERM,OPT,LIQ5,2025-11,6,2260.0,1509.8800275
SILVERM,OPT,LIQ5,2025-12,5,-3622.5,-4459.41307665
SILVERM,OPT,LIQ5,2026-01,1,-3477.5,-3759.16706855
SILVERM,OPT,LIQ5,2026-05,2,-185.0,-497.7664165
SILVERM,OPT,LIQ5,2026-06,13,-11305.0,-13615.650308100001
SILVERM,OPT,LIQ5,2026-07,5,697.5,-447.94167375000006
SILVERM,OPT,MOMA,2025-08,3,-702.5,-924.34223285
SILVERM,OPT,MOMA,2025-09,4,597.5,232.83765894999988
SILVERM,OPT,MOMA,2025-10,10,-1610.0,-2686.1442729
SILVERM,OPT,MOMA,2025-11,5,550.25,33.490719145000185
SILVERM,OPT,MOMA,2025-12,10,-4665.0,-5968.6113903
SILVERM,OPT,MOMA,2026-01,3,-7990.0,-8822.137481099999
SILVERM,OPT,MOMA,2026-05,7,1392.5,278.1659997500001
SILVERM,OPT,MOMA,2026-06,11,14153.5,12357.42543723
SILVERM,OPT,MOMA,2026-07,2,-1522.5,-1908.7020458499999
SILVERM,OPT,USORB,2025-08,6,-4235.0,-4709.964134100001
SILVERM,OPT,USORB,2025-09,6,-2862.5,-3381.44717485
SILVERM,OPT,USORB,2025-10,6,-4872.5,-5662.141248350001
SILVERM,OPT,USORB,2025-11,7,-2130.0,-2810.2299921000003
SILVERM,OPT,USORB,2025-12,8,-5474.5,-6525.349526909999
SILVERM,OPT,USORB,2026-01,3,-3490.0,-4315.8322579000005
SILVERM,OPT,USORB,2026-02,1,-2435.0,-2563.4786937999997
SILVERM,OPT,USORB,2026-05,4,5415.0,4605.8130035
SILVERM,OPT,USORB,2026-06,9,-7772.5,-9267.28036825
SILVERM,OPT,USORB,2026-07,3,-910.0,-1472.3973504
