underlying,flag,first_date,last_date,trading_days,expiry_days_detected,rows_in_session,days_ATM-10,days_ATM-9,days_ATM-8,days_ATM-7,days_ATM-6,days_ATM-5,days_ATM-4,days_ATM-3,days_ATM-2,days_ATM-1,days_ATM,days_ATM+1,days_ATM+2,days_ATM+3,days_ATM+4,days_ATM+5,days_ATM+6,days_ATM+7,days_ATM+8,days_ATM+9,days_ATM+10
BANKEX,MONTH,2023-10-05,2026-10-06,738,33,7285267,624,633,631,625,627,641,642,643,645,645,736,645,645,646,644,648,643,638,633,630,635
BANKEX,WEEK,2023-10-05,2024-11-29,281,53,3796861,277,278,279,278,279,279,279,279,279,279,281,278,279,279,278,278,278,278,278,278,278
BANKNIFTY,MONTH,2021-08-04,2026-10-06,1278,37,20049842,1278,1278,1278,1278,1278,1278,1278,1278,1278,1278,1278,1278,1278,1278,1278,1278,1278,1278,1278,1278,1278
BANKNIFTY,WEEK,2021-08-04,2024-11-29,820,124,12883973,820,820,820,820,820,820,820,820,820,820,820,820,820,820,820,820,820,820,820,820,820
FINNIFTY,MONTH,2021-08-05,2026-10-06,1270,44,11818881,852,848,882,864,920,927,967,963,988,977,1269,987,1002,955,970,930,917,866,865,841,841
FINNIFTY,WEEK,2021-08-04,2024-11-29,820,139,10449618,766,768,770,776,772,776,767,764,764,757,819,769,771,772,766,768,765,753,755,746,727
MIDCPNIFTY,MONTH,2022-01-31,2026-10-06,943,42,9901795,645,637,670,661,671,670,700,699,708,713,942,706,708,695,705,687,669,657,679,649,652
MIDCPNIFTY,WEEK,2023-04-03,2024-11-29,400,71,5599039,356,358,363,365,368,372,372,375,374,376,400,376,375,376,375,374,368,364,364,360,358
NIFTY,MONTH,2020-08-03,2026-10-06,1529,55,24080280,1529,1529,1529,1529,1529,1529,1529,1529,1529,1529,1529,1529,1529,1529,1529,1529,1529,1529,1529,1529,1529
NIFTY,WEEK,2020-08-03,2026-10-06,1529,277,24112605,1529,1529,1529,1529,1529,1529,1529,1529,1529,1529,1529,1529,1529,1529,1529,1529,1529,1529,1529,1529,1529
NIFTYNXT50,MONTH,2025-11-26,2026-10-06,209,4,1017248,128,130,141,154,160,167,171,176,182,184,188,188,191,185,179,175,169,162,164,156,158
SENSEX,MONTH,2023-05-15,2026-10-06,827,32,8367129,614,618,635,643,646,666,659,666,674,672,823,682,672,667,667,659,658,638,623,620,626
SENSEX,WEEK,2023-05-15,2026-10-06,842,153,12770289,833,839,840,841,841,842,841,841,841,841,842,842,842,842,842,842,840,840,836,831,830
