time,open_interest,mm_long,mm_short,swap_long,swap_short
2022-08-30 00:00:00+00:00,459165,91761,79973,86070,184402
2022-09-06 00:00:00+00:00,465908,85842,92804,87940,175944
2022-09-13 00:00:00+00:00,463674,80300,98637,88814,172633
2022-09-20 00:00:00+00:00,469395,78544,115239,96320,154084
2022-09-27 00:00:00+00:00,457061,74171,117265,95632,145147
2022-10-04 00:00:00+00:00,437065,82806,89681,92811,170207
2022-10-11 00:00:00+00:00,431395,78365,83945,89504,170564
2022-10-18 00:00:00+00:00,434701,73344,99042,88947,163412
2022-10-25 00:00:00+00:00,456072,72016,110804,91650,161437
2022-11-01 00:00:00+00:00,467276,78213,119614,94979,160988
2022-11-08 00:00:00+00:00,488471,88059,104405,94889,167447
2022-11-15 00:00:00+00:00,495171,95065,69608,93757,191083
2022-11-22 00:00:00+00:00,449542,92161,72730,96891,186561
2022-11-29 00:00:00+00:00,433661,88032,73312,98970,181577
2022-12-06 00:00:00+00:00,422100,93629,70142,92319,184445
2022-12-13 00:00:00+00:00,437040,103737,66288,94229,195915
2022-12-20 00:00:00+00:00,436653,104813,65718,92184,197001
2022-12-27 00:00:00+00:00,440040,106983,56106,91331,202715
2023-01-03 00:00:00+00:00,449393,109140,54559,90625,206697
2023-01-10 00:00:00+00:00,481519,116604,54795,88381,212156
2023-01-17 00:00:00+00:00,491818,124222,54845,90498,222476
2023-01-24 00:00:00+00:00,499927,131501,51622,92041,230986
2023-01-31 00:00:00+00:00,471642,138125,53678,88758,232458
2023-02-07 00:00:00+00:00,439755,115521,55945,90840,212824
2023-02-14 00:00:00+00:00,426116,106106,64933,92860,192039
2023-02-21 00:00:00+00:00,422648,104710,68004,91556,191128
2023-02-28 00:00:00+00:00,426890,99425,72850,93853,192117
2023-03-07 00:00:00+00:00,458474,103439,89040,95312,184633
2023-03-14 00:00:00+00:00,459064,118560,58839,100461,219834
2023-03-21 00:00:00+00:00,469874,125090,43861,94971,237253
2023-03-28 00:00:00+00:00,478611,130530,31370,93156,250335
2023-04-04 00:00:00+00:00,476592,142348,32217,93463,275774
2023-04-11 00:00:00+00:00,476567,135015,30409,95817,277432
2023-04-18 00:00:00+00:00,482254,137170,34474,97059,279540
2023-04-25 00:00:00+00:00,473209,135979,33176,97156,274064
2023-05-02 00:00:00+00:00,493804,143191,29401,98325,280378
2023-05-09 00:00:00+00:00,518951,143463,32477,99775,285522
2023-05-16 00:00:00+00:00,521832,139786,35803,99973,277316
2023-05-23 00:00:00+00:00,479080,128550,35411,99737,260335
2023-05-30 00:00:00+00:00,449515,122904,36201,93334,251967
2023-06-06 00:00:00+00:00,436301,120985,27557,91274,259683
2023-06-13 00:00:00+00:00,432898,110512,35869,93585,252488
2023-06-20 00:00:00+00:00,438037,110314,34275,94588,254246
2023-06-27 00:00:00+00:00,431861,108209,38534,95100,244202
2023-07-03 00:00:00+00:00,448063,123017,39869,90454,247746
2023-07-11 00:00:00+00:00,483170,124394,41951,89493,248168
2023-07-18 00:00:00+00:00,482104,147644,32326,84927,259368
2023-07-25 00:00:00+00:00,476176,132603,37316,86053,245319
2023-08-01 00:00:00+00:00,439383,123802,43793,88352,244985
2023-08-08 00:00:00+00:00,427759,114585,55979,88184,229288
2023-08-15 00:00:00+00:00,433611,113146,83610,86688,207088
2023-08-22 00:00:00+00:00,430239,105085,95976,87166,190600
2023-08-29 00:00:00+00:00,442806,120609,81367,83759,203886
2023-09-05 00:00:00+00:00,438672,120222,69857,81715,215580
2023-09-12 00:00:00+00:00,441221,117737,83166,83274,205736
2023-09-19 00:00:00+00:00,438078,121172,73782,82606,210250
2023-09-26 00:00:00+00:00,435620,114668,91230,88126,196295
2023-10-03 00:00:00+00:00,431226,100500,108061,85747,175533
2023-10-10 00:00:00+00:00,436499,93934,120701,91619,163620
2023-10-17 00:00:00+00:00,439581,104708,89605,84592,182625
2023-10-24 00:00:00+00:00,463476,122456,66708,81233,206961
2023-10-31 00:00:00+00:00,475808,140111,65271,79294,217816
2023-11-07 00:00:00+00:00,484347,140609,62374,82014,223122
2023-11-14 00:00:00+00:00,486634,132924,68609,83706,217660
2023-11-21 00:00:00+00:00,508429,144381,65246,80946,225272
2023-11-28 00:00:00+00:00,505658,169695,54802,76804,244788
2023-12-05 00:00:00+00:00,487469,159907,50520,76376,253627
2023-12-12 00:00:00+00:00,469939,149634,54106,76081,243774
2023-12-19 00:00:00+00:00,481203,155697,47421,75017,254059
2023-12-26 00:00:00+00:00,491343,152801,46347,74400,261732
2024-01-02 00:00:00+00:00,500364,154384,45235,76117,269894
2024-01-09 00:00:00+00:00,489849,134333,45874,78213,250913
2024-01-16 00:00:00+00:00,489334,130931,47702,75791,242657
2024-01-23 00:00:00+00:00,465872,111298,50265,78535,231679
2024-01-30 00:00:00+00:00,430328,108093,52069,77882,214041
2024-02-06 00:00:00+00:00,419121,114316,46247,77734,221357
2024-02-13 00:00:00+00:00,420812,100642,66466,78854,199591
2024-02-20 00:00:00+00:00,407063,98840,48917,77980,198940
2024-02-27 00:00:00+00:00,411195,103885,47732,78743,197423
2024-03-05 00:00:00+00:00,471616,145106,35343,77009,234914
2024-03-12 00:00:00+00:00,516057,173994,32911,75076,244909
2024-03-19 00:00:00+00:00,535047,172588,29692,77067,245387
2024-03-26 00:00:00+00:00,503642,163006,27211,80421,251256
2024-04-02 00:00:00+00:00,500045,173073,25993,80217,261044
2024-04-09 00:00:00+00:00,505214,174617,32885,79228,261784
2024-04-16 00:00:00+00:00,517193,169910,35174,78012,266867
2024-04-23 00:00:00+00:00,516249,176400,34261,75873,270152
2024-04-30 00:00:00+00:00,519791,171853,36826,73085,269856
2024-05-07 00:00:00+00:00,529835,164780,38681,73131,268227
2024-05-14 00:00:00+00:00,522952,171868,41433,75210,277761
2024-05-21 00:00:00+00:00,530591,190605,42082,76171,297864
2024-05-28 00:00:00+00:00,485430,174444,25616,69148,289454
2024-06-04 00:00:00+00:00,447488,172560,20261,56738,282783
2024-06-11 00:00:00+00:00,436857,168424,15459,55474,275178
2024-06-18 00:00:00+00:00,444345,177639,17018,55910,281082
2024-06-25 00:00:00+00:00,452190,174756,16554,58751,287636
2024-07-02 00:00:00+00:00,454730,167688,16873,59925,279979
2024-07-09 00:00:00+00:00,516324,181982,24515,62183,290421
2024-07-16 00:00:00+00:00,579862,216502,31970,62675,311661
2024-07-23 00:00:00+00:00,572306,197802,34942,58598,305308
2024-07-30 00:00:00+00:00,510914,185586,33222,55083,283175
2024-08-06 00:00:00+00:00,480645,180303,29517,56985,278874
2024-08-13 00:00:00+00:00,505872,203844,25929,54827,294394
2024-08-20 00:00:00+00:00,532867,222142,28837,53461,305972
2024-08-27 00:00:00+00:00,521759,217976,17685,52822,306757
2024-09-03 00:00:00+00:00,511136,212086,19996,55089,297347
2024-09-10 00:00:00+00:00,511501,213645,23190,52865,284390
2024-09-17 00:00:00+00:00,537627,241844,25489,45549,303089
2024-09-24 00:00:00+00:00,564640,256435,37406,45705,305381
2024-10-01 00:00:00+00:00,533107,247867,33405,42840,295138
2024-10-08 00:00:00+00:00,520316,227596,33537,44853,277678
2024-10-15 00:00:00+00:00,541232,233871,34450,43311,281271
2024-10-22 00:00:00+00:00,573760,242427,37267,39452,282058
2024-10-29 00:00:00+00:00,579468,234856,39683,40174,269225
2024-11-05 00:00:00+00:00,558034,219687,36684,39763,253459
2024-11-12 00:00:00+00:00,535981,203661,38365,36733,234859
2024-11-19 00:00:00+00:00,502952,193355,38181,34758,226763
2024-11-26 00:00:00+00:00,472660,203596,24306,32845,238285
2024-12-03 00:00:00+00:00,462040,203580,22845,32964,256898
2024-12-10 00:00:00+00:00,483346,218482,22404,33312,263738
2024-12-17 00:00:00+00:00,466571,201880,18378,32522,245300
2024-12-24 00:00:00+00:00,454646,186099,20602,31583,230130
2024-12-31 00:00:00+00:00,458584,182128,15959,31829,229764
2025-01-07 00:00:00+00:00,477043,191873,14232,32687,240366
2025-01-14 00:00:00+00:00,526467,206968,11346,30150,258615
2025-01-21 00:00:00+00:00,571387,226964,11095,30427,276429
2025-01-28 00:00:00+00:00,577505,227871,17331,29725,272549
2025-02-04 00:00:00+00:00,542004,240485,30952,21824,286555
2025-02-11 00:00:00+00:00,528719,229071,34268,19501,268488
2025-02-18 00:00:00+00:00,522330,222538,37209,16566,252218
2025-02-25 00:00:00+00:00,512179,212694,32882,14682,242292
2025-03-04 00:00:00+00:00,489270,204965,38307,16574,229110
2025-03-11 00:00:00+00:00,511276,204907,37331,18459,226388
2025-03-18 00:00:00+00:00,533566,220879,37045,16899,237687
2025-03-25 00:00:00+00:00,511482,213505,38773,16248,232089
2025-04-01 00:00:00+00:00,498746,204833,62834,24256,227002
2025-04-08 00:00:00+00:00,445468,175393,44407,27128,206664
2025-04-15 00:00:00+00:00,456628,168400,43546,29121,209428
2025-04-22 00:00:00+00:00,465351,166360,45458,37696,194654
2025-04-29 00:00:00+00:00,451868,150715,44820,34475,180162
2025-05-06 00:00:00+00:00,452414,144383,42292,37106,183924
2025-05-13 00:00:00+00:00,440842,144410,43183,33350,183024
2025-05-20 00:00:00+00:00,448000,149149,41520,34444,193275
2025-05-27 00:00:00+00:00,437538,147502,36686,39356,200751
2025-06-03 00:00:00+00:00,415941,159966,36384,40187,212905
2025-06-10 00:00:00+00:00,417143,160680,36589,38867,212220
2025-06-17 00:00:00+00:00,441214,167646,37135,40135,224900
2025-06-24 00:00:00+00:00,434958,163829,38701,40583,220728
2025-07-01 00:00:00+00:00,437662,165086,34726,37260,223916
2025-07-08 00:00:00+00:00,443144,164685,35743,35359,226901
2025-07-15 00:00:00+00:00,448531,172657,35930,33649,237601
2025-07-22 00:00:00+00:00,489423,194753,34819,33299,264274
2025-07-29 00:00:00+00:00,445259,170918,36662,39149,250058
2025-08-05 00:00:00+00:00,449647,186304,32317,36874,273003
2025-08-12 00:00:00+00:00,446152,182337,34050,35951,259266
2025-08-19 00:00:00+00:00,438541,173388,36003,39607,249567
2025-08-26 00:00:00+00:00,443760,175494,33577,45622,254259
2025-09-02 00:00:00+00:00,492908,196127,34625,47568,266164
2025-09-09 00:00:00+00:00,509625,198907,35388,48287,259108
2025-09-16 00:00:00+00:00,516221,195347,36376,46465,283452
2025-09-23 00:00:00+00:00,528789,198826,38277,49618,280869
2025-09-30 00:00:00+00:00,493748,184199,38972,41038,263877
2025-10-07 00:00:00+00:00,485559,170587,40828,45558,243978
2025-10-14 00:00:00+00:00,485788,152187,43877,51318,226728
2025-10-21 00:00:00+00:00,472421,135503,43276,56832,209171
2025-10-28 00:00:00+00:00,457122,138605,34446,48310,227143
2025-11-04 00:00:00+00:00,450399,130688,30143,47195,224286
2025-11-10 00:00:00+00:00,459997,134155,30068,43176,229253
2025-11-18 00:00:00+00:00,471953,130222,32017,44947,231635
2025-11-25 00:00:00+00:00,432946,136979,27670,39044,233755
2025-12-02 00:00:00+00:00,418490,140143,19819,33860,240501
2025-12-09 00:00:00+00:00,432569,143383,19835,34556,247742
2025-12-16 00:00:00+00:00,471093,152873,20277,31970,262079
2025-12-23 00:00:00+00:00,492103,160581,24311,30143,262385
2025-12-30 00:00:00+00:00,481866,148642,22602,37010,257775
2026-01-06 00:00:00+00:00,488116,146445,23232,37456,258949
2026-01-13 00:00:00+00:00,527455,158825,24080,31166,277107
2026-01-20 00:00:00+00:00,528004,163668,26224,29522,276922
2026-01-27 00:00:00+00:00,488463,143321,25162,34124,241820
2026-02-03 00:00:00+00:00,409694,118936,26864,40303,223447
2026-02-10 00:00:00+00:00,404391,119232,27210,43244,222537
2026-02-17 00:00:00+00:00,407078,123011,27118,41702,217086
2026-02-24 00:00:00+00:00,420182,121233,25259,38848,219836
2026-03-03 00:00:00+00:00,409789,123456,25539,39360,219152
2026-03-10 00:00:00+00:00,413956,125077,26678,38318,221598
2026-03-17 00:00:00+00:00,411388,130147,28104,36975,217789
2026-03-24 00:00:00+00:00,403925,119562,27941,36069,217681
2026-03-31 00:00:00+00:00,361409,120092,27278,30201,211931
2026-04-07 00:00:00+00:00,354877,120726,30694,30165,204620
2026-04-14 00:00:00+00:00,362274,125422,30281,28289,210841
2026-04-21 00:00:00+00:00,365842,123681,30705,28115,210637
2026-04-28 00:00:00+00:00,369530,122257,32505,28032,202653
2026-05-05 00:00:00+00:00,367932,123353,29099,27319,207142
2026-05-12 00:00:00+00:00,376496,127242,29227,25671,215727
2026-05-19 00:00:00+00:00,379325,122894,29354,28950,202665
2026-05-26 00:00:00+00:00,353489,124277,26831,29033,195289
2026-06-02 00:00:00+00:00,326052,129367,17188,27505,213696
2026-06-09 00:00:00+00:00,332709,126280,20417,28443,210179
2026-06-16 00:00:00+00:00,339330,128043,14322,29455,219971
2026-06-23 00:00:00+00:00,352167,131102,15707,27738,223806
2026-06-30 00:00:00+00:00,369541,134577,14486,25821,229845
2026-07-07 00:00:00+00:00,371776,134941,18780,25445,226741
2026-07-14 00:00:00+00:00,383689,136905,16126,25177,220816
2026-07-21 00:00:00+00:00,383368,141487,16656,24959,218837
2026-07-28 00:00:00+00:00,384603,135093,15298,23661,215421
2026-08-04 00:00:00+00:00,371551,139809,9043,20753,228388
2026-08-11 00:00:00+00:00,400309,148634,10972,19092,243797
2026-08-18 00:00:00+00:00,406260,154595,12947,18704,247361
2026-08-25 00:00:00+00:00,427957,159819,15072,16656,261683
2026-09-01 00:00:00+00:00,415196,149721,12950,17798,251227
2026-09-08 00:00:00+00:00,411227,145804,10832,14542,253855
2026-09-15 00:00:00+00:00,409899,142394,9278,14690,248350
2026-09-22 00:00:00+00:00,412800,135699,8310,14626,250752
