time,value
2022-08-25 00:00:00+00:00,123.0586
2022-08-26 00:00:00+00:00,123.0656
2022-08-29 00:00:00+00:00,123.4686
2022-08-30 00:00:00+00:00,123.6848
2022-08-31 00:00:00+00:00,123.535
2022-09-01 00:00:00+00:00,124.4006
2022-09-02 00:00:00+00:00,123.7743
2022-09-06 00:00:00+00:00,124.767
2022-09-07 00:00:00+00:00,124.8408
2022-09-08 00:00:00+00:00,124.578
2022-09-09 00:00:00+00:00,123.7874
2022-09-12 00:00:00+00:00,123.3332
2022-09-13 00:00:00+00:00,124.4242
2022-09-14 00:00:00+00:00,124.4509
2022-09-15 00:00:00+00:00,124.8843
2022-09-16 00:00:00+00:00,124.8794
2022-09-19 00:00:00+00:00,125.0104
2022-09-20 00:00:00+00:00,125.1248
2022-09-21 00:00:00+00:00,125.7399
2022-09-22 00:00:00+00:00,126.1667
2022-09-23 00:00:00+00:00,127.2853
2022-09-26 00:00:00+00:00,128.4539
2022-09-27 00:00:00+00:00,128.4386
2022-09-28 00:00:00+00:00,128.0884
2022-09-29 00:00:00+00:00,127.5437
2022-09-30 00:00:00+00:00,127.5148
2022-10-03 00:00:00+00:00,127.0813
2022-10-04 00:00:00+00:00,126.1819
2022-10-05 00:00:00+00:00,126.8616
2022-10-06 00:00:00+00:00,127.2493
2022-10-07 00:00:00+00:00,127.3111
2022-10-11 00:00:00+00:00,127.6641
2022-10-12 00:00:00+00:00,128.1481
2022-10-13 00:00:00+00:00,127.7286
2022-10-14 00:00:00+00:00,128.3325
2022-10-17 00:00:00+00:00,127.6448
2022-10-18 00:00:00+00:00,127.9153
2022-10-19 00:00:00+00:00,128.3968
2022-10-20 00:00:00+00:00,128.0052
2022-10-21 00:00:00+00:00,127.6735
2022-10-24 00:00:00+00:00,128.0304
2022-10-25 00:00:00+00:00,127.3771
2022-10-26 00:00:00+00:00,126.4723
2022-10-27 00:00:00+00:00,126.7028
2022-10-28 00:00:00+00:00,127.2135
2022-10-31 00:00:00+00:00,127.6219
2022-11-01 00:00:00+00:00,127.3987
2022-11-02 00:00:00+00:00,127.3115
2022-11-03 00:00:00+00:00,128.1743
2022-11-04 00:00:00+00:00,127.1468
2022-11-07 00:00:00+00:00,126.3062
2022-11-08 00:00:00+00:00,125.633
2022-11-09 00:00:00+00:00,125.9861
2022-11-10 00:00:00+00:00,124.7044
2022-11-14 00:00:00+00:00,123.4277
2022-11-15 00:00:00+00:00,123.039
2022-11-16 00:00:00+00:00,123.2817
2022-11-17 00:00:00+00:00,123.977
2022-11-18 00:00:00+00:00,123.8524
2022-11-21 00:00:00+00:00,124.7009
2022-11-22 00:00:00+00:00,124.2365
2022-11-23 00:00:00+00:00,123.7574
2022-11-25 00:00:00+00:00,123.3386
2022-11-28 00:00:00+00:00,123.6032
2022-11-29 00:00:00+00:00,123.6615
2022-11-30 00:00:00+00:00,123.5175
2022-12-01 00:00:00+00:00,122.0045
2022-12-02 00:00:00+00:00,122.0102
2022-12-05 00:00:00+00:00,122.6384
2022-12-06 00:00:00+00:00,123.0191
2022-12-07 00:00:00+00:00,122.7608
2022-12-08 00:00:00+00:00,122.4152
2022-12-09 00:00:00+00:00,122.4201
2022-12-12 00:00:00+00:00,122.7714
2022-12-13 00:00:00+00:00,121.8493
2022-12-14 00:00:00+00:00,121.8226
2022-12-15 00:00:00+00:00,122.5519
2022-12-16 00:00:00+00:00,122.6505
2022-12-19 00:00:00+00:00,122.5275
2022-12-20 00:00:00+00:00,122.1357
2022-12-21 00:00:00+00:00,122.2828
2022-12-22 00:00:00+00:00,122.2419
2022-12-23 00:00:00+00:00,121.9743
2022-12-27 00:00:00+00:00,121.7539
2022-12-28 00:00:00+00:00,122.0075
2022-12-29 00:00:00+00:00,121.6577
2022-12-30 00:00:00+00:00,121.4256
2023-01-03 00:00:00+00:00,122.0905
2023-01-04 00:00:00+00:00,121.5008
2023-01-05 00:00:00+00:00,122.1017
2023-01-06 00:00:00+00:00,121.0852
2023-01-09 00:00:00+00:00,120.1508
2023-01-10 00:00:00+00:00,120.2483
2023-01-11 00:00:00+00:00,120.1614
2023-01-12 00:00:00+00:00,119.4218
2023-01-13 00:00:00+00:00,119.1673
2023-01-17 00:00:00+00:00,119.2121
2023-01-18 00:00:00+00:00,119.0755
2023-01-19 00:00:00+00:00,119.6107
2023-01-20 00:00:00+00:00,119.3486
2023-01-23 00:00:00+00:00,119.1434
2023-01-24 00:00:00+00:00,119.0958
2023-01-25 00:00:00+00:00,118.9686
2023-01-26 00:00:00+00:00,119.021
2023-01-27 00:00:00+00:00,118.9223
2023-01-30 00:00:00+00:00,118.8953
2023-01-31 00:00:00+00:00,118.9802
2023-02-01 00:00:00+00:00,118.6259
2023-02-02 00:00:00+00:00,118.3421
2023-02-03 00:00:00+00:00,119.5095
2023-02-06 00:00:00+00:00,120.541
2023-02-07 00:00:00+00:00,120.3475
2023-02-08 00:00:00+00:00,120.1436
2023-02-09 00:00:00+00:00,119.9781
2023-02-10 00:00:00+00:00,120.1419
2023-02-13 00:00:00+00:00,119.9828
2023-02-14 00:00:00+00:00,119.9229
2023-02-15 00:00:00+00:00,120.4557
2023-02-16 00:00:00+00:00,120.4651
2023-02-17 00:00:00+00:00,120.5526
2023-02-21 00:00:00+00:00,120.6256
2023-02-22 00:00:00+00:00,120.8389
2023-02-23 00:00:00+00:00,121.0896
2023-02-24 00:00:00+00:00,121.5681
2023-02-27 00:00:00+00:00,121.3941
2023-02-28 00:00:00+00:00,121.3341
2023-03-01 00:00:00+00:00,120.6347
2023-03-02 00:00:00+00:00,121.1302
2023-03-03 00:00:00+00:00,120.7742
2023-03-06 00:00:00+00:00,120.485
2023-03-07 00:00:00+00:00,121.4623
2023-03-08 00:00:00+00:00,121.4511
2023-03-09 00:00:00+00:00,121.4458
2023-03-10 00:00:00+00:00,121.2421
2023-03-13 00:00:00+00:00,120.8897
2023-03-14 00:00:00+00:00,121.0141
2023-03-15 00:00:00+00:00,122.1079
2023-03-16 00:00:00+00:00,121.7221
2023-03-17 00:00:00+00:00,121.5643
2023-03-20 00:00:00+00:00,121.0141
2023-03-21 00:00:00+00:00,120.8958
2023-03-22 00:00:00+00:00,120.6217
2023-03-23 00:00:00+00:00,119.7587
2023-03-24 00:00:00+00:00,120.4598
2023-03-27 00:00:00+00:00,120.2541
2023-03-28 00:00:00+00:00,119.7138
2023-03-29 00:00:00+00:00,119.7258
2023-03-30 00:00:00+00:00,119.4078
2023-03-31 00:00:00+00:00,119.3602
2023-04-03 00:00:00+00:00,119.3204
2023-04-04 00:00:00+00:00,119.142
2023-04-05 00:00:00+00:00,119.2953
2023-04-06 00:00:00+00:00,119.3072
2023-04-07 00:00:00+00:00,119.3547
2023-04-10 00:00:00+00:00,119.7948
2023-04-11 00:00:00+00:00,119.5248
2023-04-12 00:00:00+00:00,119.003
2023-04-13 00:00:00+00:00,118.3915
2023-04-14 00:00:00+00:00,118.8567
2023-04-17 00:00:00+00:00,119.2787
2023-04-18 00:00:00+00:00,119.1049
2023-04-19 00:00:00+00:00,119.303
2023-04-20 00:00:00+00:00,119.1199
2023-04-21 00:00:00+00:00,119.3117
2023-04-24 00:00:00+00:00,119.2039
2023-04-25 00:00:00+00:00,119.613
2023-04-26 00:00:00+00:00,119.3228
2023-04-27 00:00:00+00:00,119.4298
2023-04-28 00:00:00+00:00,119.2248
2023-05-01 00:00:00+00:00,119.4435
2023-05-02 00:00:00+00:00,119.6105
2023-05-03 00:00:00+00:00,119.1233
2023-05-04 00:00:00+00:00,119.0465
2023-05-05 00:00:00+00:00,118.5548
2023-05-08 00:00:00+00:00,118.5759
2023-05-09 00:00:00+00:00,118.8239
2023-05-10 00:00:00+00:00,118.5864
2023-05-11 00:00:00+00:00,119.0303
2023-05-12 00:00:00+00:00,119.3671
2023-05-15 00:00:00+00:00,119.1608
2023-05-16 00:00:00+00:00,119.1743
2023-05-17 00:00:00+00:00,119.607
2023-05-18 00:00:00+00:00,120.0886
2023-05-19 00:00:00+00:00,119.7751
2023-05-22 00:00:00+00:00,120.0875
2023-05-23 00:00:00+00:00,120.3204
2023-05-24 00:00:00+00:00,120.4752
2023-05-25 00:00:00+00:00,120.8413
2023-05-26 00:00:00+00:00,120.6304
2023-05-30 00:00:00+00:00,120.5546
2023-05-31 00:00:00+00:00,120.9662
2023-06-01 00:00:00+00:00,120.0491
2023-06-02 00:00:00+00:00,120.0049
2023-06-05 00:00:00+00:00,120.0048
2023-06-06 00:00:00+00:00,119.9718
2023-06-07 00:00:00+00:00,119.859
2023-06-08 00:00:00+00:00,119.5712
2023-06-09 00:00:00+00:00,119.4322
2023-06-12 00:00:00+00:00,119.6376
2023-06-13 00:00:00+00:00,119.1899
2023-06-14 00:00:00+00:00,118.776
2023-06-15 00:00:00+00:00,118.5521
2023-06-16 00:00:00+00:00,118.4184
2023-06-20 00:00:00+00:00,118.938
2023-06-21 00:00:00+00:00,118.727
2023-06-22 00:00:00+00:00,118.7552
2023-06-23 00:00:00+00:00,119.152
2023-06-26 00:00:00+00:00,119.0761
2023-06-27 00:00:00+00:00,118.8949
2023-06-28 00:00:00+00:00,119.3382
2023-06-29 00:00:00+00:00,119.527
2023-06-30 00:00:00+00:00,119.3606
2023-07-03 00:00:00+00:00,119.2119
2023-07-05 00:00:00+00:00,119.3483
2023-07-06 00:00:00+00:00,119.8193
2023-07-07 00:00:00+00:00,119.0761
2023-07-10 00:00:00+00:00,118.9548
2023-07-11 00:00:00+00:00,118.7344
2023-07-12 00:00:00+00:00,117.6385
2023-07-13 00:00:00+00:00,117.1831
2023-07-14 00:00:00+00:00,117.0463
2023-07-17 00:00:00+00:00,117.1267
2023-07-18 00:00:00+00:00,117.0264
2023-07-19 00:00:00+00:00,117.3462
2023-07-20 00:00:00+00:00,117.5947
2023-07-21 00:00:00+00:00,117.9418
2023-07-24 00:00:00+00:00,117.8124
2023-07-25 00:00:00+00:00,117.8565
2023-07-26 00:00:00+00:00,117.76
2023-07-27 00:00:00+00:00,117.8938
2023-07-28 00:00:00+00:00,117.788
2023-07-31 00:00:00+00:00,117.8241
2023-08-01 00:00:00+00:00,118.5738
2023-08-02 00:00:00+00:00,119.1268
2023-08-03 00:00:00+00:00,119.3963
2023-08-04 00:00:00+00:00,118.821
2023-08-07 00:00:00+00:00,119.0809
2023-08-08 00:00:00+00:00,119.6407
2023-08-09 00:00:00+00:00,119.476
2023-08-10 00:00:00+00:00,119.1581
2023-08-11 00:00:00+00:00,119.6268
2023-08-14 00:00:00+00:00,120.0725
2023-08-15 00:00:00+00:00,120.2127
2023-08-16 00:00:00+00:00,120.3551
2023-08-17 00:00:00+00:00,120.5242
2023-08-18 00:00:00+00:00,120.4321
2023-08-21 00:00:00+00:00,120.4627
2023-08-22 00:00:00+00:00,120.3554
2023-08-23 00:00:00+00:00,120.0307
2023-08-24 00:00:00+00:00,120.2354
2023-08-25 00:00:00+00:00,120.5137
2023-08-28 00:00:00+00:00,120.3155
2023-08-29 00:00:00+00:00,120.2669
2023-08-30 00:00:00+00:00,119.7937
2023-08-31 00:00:00+00:00,120.225
2023-09-01 00:00:00+00:00,120.759
2023-09-05 00:00:00+00:00,121.4345
2023-09-06 00:00:00+00:00,121.8671
2023-09-07 00:00:00+00:00,121.9528
2023-09-08 00:00:00+00:00,121.9475
2023-09-11 00:00:00+00:00,121.3386
2023-09-12 00:00:00+00:00,121.2913
2023-09-13 00:00:00+00:00,121.0549
2023-09-14 00:00:00+00:00,121.2395
2023-09-15 00:00:00+00:00,121.199
2023-09-18 00:00:00+00:00,121.1938
2023-09-19 00:00:00+00:00,121.1645
2023-09-20 00:00:00+00:00,120.9648
2023-09-21 00:00:00+00:00,121.5528
2023-09-22 00:00:00+00:00,121.5306
2023-09-25 00:00:00+00:00,122.1143
2023-09-26 00:00:00+00:00,122.4742
2023-09-27 00:00:00+00:00,122.9895
2023-09-28 00:00:00+00:00,122.5342
2023-09-29 00:00:00+00:00,122.3077
2023-10-02 00:00:00+00:00,123.0545
2023-10-03 00:00:00+00:00,123.7848
2023-10-04 00:00:00+00:00,123.5946
2023-10-05 00:00:00+00:00,123.8993
2023-10-06 00:00:00+00:00,123.3563
2023-10-10 00:00:00+00:00,122.9282
2023-10-11 00:00:00+00:00,122.7697
2023-10-12 00:00:00+00:00,123.2101
2023-10-13 00:00:00+00:00,123.5954
2023-10-16 00:00:00+00:00,123.3185
2023-10-17 00:00:00+00:00,123.1202
2023-10-18 00:00:00+00:00,123.8148
2023-10-19 00:00:00+00:00,123.798
2023-10-20 00:00:00+00:00,123.612
2023-10-23 00:00:00+00:00,123.2846
2023-10-24 00:00:00+00:00,123.6416
2023-10-25 00:00:00+00:00,123.7871
2023-10-26 00:00:00+00:00,124.0064
2023-10-27 00:00:00+00:00,123.62
2023-10-30 00:00:00+00:00,123.4076
2023-10-31 00:00:00+00:00,123.8364
2023-11-01 00:00:00+00:00,123.7922
2023-11-02 00:00:00+00:00,122.8818
2023-11-03 00:00:00+00:00,121.7564
2023-11-06 00:00:00+00:00,121.6484
2023-11-07 00:00:00+00:00,122.0777
2023-11-08 00:00:00+00:00,122.0926
2023-11-09 00:00:00+00:00,122.1281
2023-11-13 00:00:00+00:00,122.4264
2023-11-14 00:00:00+00:00,121.35
2023-11-15 00:00:00+00:00,121.0749
2023-11-16 00:00:00+00:00,121.1754
2023-11-17 00:00:00+00:00,120.8477
2023-11-20 00:00:00+00:00,120.2533
2023-11-21 00:00:00+00:00,120.2241
2023-11-22 00:00:00+00:00,120.6802
2023-11-24 00:00:00+00:00,120.2105
2023-11-27 00:00:00+00:00,120.173
2023-11-28 00:00:00+00:00,119.5904
2023-11-29 00:00:00+00:00,119.8159
2023-11-30 00:00:00+00:00,120.2434
2023-12-01 00:00:00+00:00,119.9424
2023-12-04 00:00:00+00:00,120.4727
2023-12-05 00:00:00+00:00,120.7913
2023-12-06 00:00:00+00:00,120.5334
2023-12-07 00:00:00+00:00,120.6013
2023-12-08 00:00:00+00:00,120.7607
2023-12-11 00:00:00+00:00,120.9279
2023-12-12 00:00:00+00:00,120.6817
2023-12-13 00:00:00+00:00,121.1571
2023-12-14 00:00:00+00:00,119.5683
2023-12-15 00:00:00+00:00,119.7382
2023-12-18 00:00:00+00:00,119.9102
2023-12-19 00:00:00+00:00,119.4632
2023-12-20 00:00:00+00:00,119.5435
2023-12-21 00:00:00+00:00,119.3168
2023-12-22 00:00:00+00:00,119.0625
2023-12-26 00:00:00+00:00,118.8875
2023-12-27 00:00:00+00:00,118.4729
2023-12-28 00:00:00+00:00,118.4104
2023-12-29 00:00:00+00:00,118.4208
2024-01-02 00:00:00+00:00,119.2686
2024-01-03 00:00:00+00:00,119.6958
2024-01-04 00:00:00+00:00,119.6208
2024-01-05 00:00:00+00:00,119.388
2024-01-08 00:00:00+00:00,119.2506
2024-01-09 00:00:00+00:00,119.6666
2024-01-10 00:00:00+00:00,119.7614
2024-01-11 00:00:00+00:00,119.8916
2024-01-12 00:00:00+00:00,119.534
2024-01-16 00:00:00+00:00,120.5759
2024-01-17 00:00:00+00:00,121.0402
2024-01-18 00:00:00+00:00,120.8895
2024-01-19 00:00:00+00:00,120.6442
2024-01-22 00:00:00+00:00,120.6178
2024-01-23 00:00:00+00:00,121.1001
2024-01-24 00:00:00+00:00,120.4916
2024-01-25 00:00:00+00:00,120.8311
2024-01-26 00:00:00+00:00,120.6173
2024-01-29 00:00:00+00:00,120.8538
2024-01-30 00:00:00+00:00,120.6025
2024-01-31 00:00:00+00:00,120.4331
2024-02-01 00:00:00+00:00,120.3335
2024-02-02 00:00:00+00:00,120.902
2024-02-05 00:00:00+00:00,121.349
2024-02-06 00:00:00+00:00,120.9588
2024-02-07 00:00:00+00:00,120.9049
2024-02-08 00:00:00+00:00,121.0798
2024-02-09 00:00:00+00:00,121.039
2024-02-12 00:00:00+00:00,120.9378
2024-02-13 00:00:00+00:00,121.5202
2024-02-14 00:00:00+00:00,121.4002
2024-02-15 00:00:00+00:00,121.2121
2024-02-16 00:00:00+00:00,121.1505
2024-02-20 00:00:00+00:00,121.0199
2024-02-21 00:00:00+00:00,121.0379
2024-02-22 00:00:00+00:00,121.102
2024-02-23 00:00:00+00:00,121.0369
2024-02-26 00:00:00+00:00,121.0592
2024-02-27 00:00:00+00:00,120.9647
2024-02-28 00:00:00+00:00,121.128
2024-02-29 00:00:00+00:00,121.1824
2024-03-01 00:00:00+00:00,121.0111
2024-03-04 00:00:00+00:00,120.872
2024-03-05 00:00:00+00:00,120.8846
2024-03-06 00:00:00+00:00,120.4649
2024-03-07 00:00:00+00:00,120.1909
2024-03-08 00:00:00+00:00,119.975
2024-03-11 00:00:00+00:00,120.0394
2024-03-12 00:00:00+00:00,120.1668
2024-03-13 00:00:00+00:00,119.9642
2024-03-14 00:00:00+00:00,120.241
2024-03-15 00:00:00+00:00,120.4003
2024-03-18 00:00:00+00:00,120.5752
2024-03-19 00:00:00+00:00,120.9332
2024-03-20 00:00:00+00:00,120.9289
2024-03-21 00:00:00+00:00,120.8086
2024-03-22 00:00:00+00:00,121.1842
2024-03-25 00:00:00+00:00,121.0295
2024-03-26 00:00:00+00:00,121.0742
2024-03-27 00:00:00+00:00,121.0089
2024-03-28 00:00:00+00:00,121.0635
2024-03-29 00:00:00+00:00,121.0191
2024-04-01 00:00:00+00:00,121.5151
2024-04-02 00:00:00+00:00,121.3035
2024-04-03 00:00:00+00:00,121.0198
2024-04-04 00:00:00+00:00,120.7613
2024-04-05 00:00:00+00:00,120.9646
2024-04-08 00:00:00+00:00,120.7359
2024-04-09 00:00:00+00:00,120.7048
2024-04-10 00:00:00+00:00,121.5727
2024-04-11 00:00:00+00:00,121.6081
2024-04-12 00:00:00+00:00,122.2885
2024-04-15 00:00:00+00:00,122.425
2024-04-16 00:00:00+00:00,123.1234
2024-04-17 00:00:00+00:00,123.0207
2024-04-18 00:00:00+00:00,123.0017
2024-04-19 00:00:00+00:00,123.1075
2024-04-22 00:00:00+00:00,123.0609
2024-04-23 00:00:00+00:00,122.7227
2024-04-24 00:00:00+00:00,122.89
2024-04-25 00:00:00+00:00,122.8384
2024-04-26 00:00:00+00:00,122.9471
2024-04-29 00:00:00+00:00,122.5449
2024-04-30 00:00:00+00:00,122.9853
2024-05-01 00:00:00+00:00,123.0168
2024-05-02 00:00:00+00:00,122.4384
2024-05-03 00:00:00+00:00,122.1375
2024-05-06 00:00:00+00:00,121.8913
2024-05-07 00:00:00+00:00,122.093
2024-05-08 00:00:00+00:00,122.1926
2024-05-09 00:00:00+00:00,122.1634
2024-05-10 00:00:00+00:00,122.014
2024-05-13 00:00:00+00:00,122.0261
2024-05-14 00:00:00+00:00,121.9256
2024-05-15 00:00:00+00:00,121.3543
2024-05-16 00:00:00+00:00,121.2236
2024-05-17 00:00:00+00:00,121.2354
2024-05-20 00:00:00+00:00,121.2289
2024-05-21 00:00:00+00:00,121.3793
2024-05-22 00:00:00+00:00,121.5462
2024-05-23 00:00:00+00:00,121.7477
2024-05-24 00:00:00+00:00,121.6172
2024-05-28 00:00:00+00:00,121.43
2024-05-29 00:00:00+00:00,122.1641
2024-05-30 00:00:00+00:00,121.9601
2024-05-31 00:00:00+00:00,122.098
2024-06-03 00:00:00+00:00,122.3509
2024-06-04 00:00:00+00:00,122.7256
2024-06-05 00:00:00+00:00,122.5339
2024-06-06 00:00:00+00:00,122.3713
2024-06-07 00:00:00+00:00,123.549
2024-06-10 00:00:00+00:00,123.9125
2024-06-11 00:00:00+00:00,124.0349
2024-06-12 00:00:00+00:00,123.8295
2024-06-13 00:00:00+00:00,124.0235
2024-06-14 00:00:00+00:00,124.1694
2024-06-17 00:00:00+00:00,124.239
2024-06-18 00:00:00+00:00,123.9776
2024-06-20 00:00:00+00:00,124.192
2024-06-21 00:00:00+00:00,124.1086
2024-06-24 00:00:00+00:00,123.7125
2024-06-25 00:00:00+00:00,123.9417
2024-06-26 00:00:00+00:00,124.26
2024-06-27 00:00:00+00:00,124.3379
2024-06-28 00:00:00+00:00,124.2103
2024-07-01 00:00:00+00:00,124.4667
2024-07-02 00:00:00+00:00,124.2917
2024-07-03 00:00:00+00:00,123.7768
2024-07-05 00:00:00+00:00,123.4762
2024-07-08 00:00:00+00:00,123.3576
2024-07-09 00:00:00+00:00,123.4071
2024-07-10 00:00:00+00:00,123.1895
2024-07-11 00:00:00+00:00,122.769
2024-07-12 00:00:00+00:00,122.4404
2024-07-15 00:00:00+00:00,122.6347
2024-07-16 00:00:00+00:00,122.7264
2024-07-17 00:00:00+00:00,122.518
2024-07-18 00:00:00+00:00,122.7909
2024-07-19 00:00:00+00:00,123.147
2024-07-22 00:00:00+00:00,123.2172
2024-07-23 00:00:00+00:00,123.3843
2024-07-24 00:00:00+00:00,123.5575
2024-07-25 00:00:00+00:00,123.5286
2024-07-26 00:00:00+00:00,123.672
2024-07-29 00:00:00+00:00,124.1392
2024-07-30 00:00:00+00:00,124.2855
2024-07-31 00:00:00+00:00,123.6373
2024-08-01 00:00:00+00:00,123.8693
2024-08-02 00:00:00+00:00,123.4681
2024-08-05 00:00:00+00:00,123.5787
2024-08-06 00:00:00+00:00,123.6532
2024-08-07 00:00:00+00:00,123.5698
2024-08-08 00:00:00+00:00,123.4466
2024-08-09 00:00:00+00:00,122.9276
2024-08-12 00:00:00+00:00,123.2204
2024-08-13 00:00:00+00:00,123.0146
2024-08-14 00:00:00+00:00,122.4297
2024-08-15 00:00:00+00:00,122.5844
2024-08-16 00:00:00+00:00,122.3972
2024-08-19 00:00:00+00:00,121.8788
2024-08-20 00:00:00+00:00,121.7728
2024-08-21 00:00:00+00:00,121.8535
2024-08-22 00:00:00+00:00,122.3626
2024-08-23 00:00:00+00:00,121.4597
2024-08-26 00:00:00+00:00,121.6943
2024-08-27 00:00:00+00:00,121.8672
2024-08-28 00:00:00+00:00,121.8943
2024-08-29 00:00:00+00:00,122.2333
2024-08-30 00:00:00+00:00,122.3262
2024-09-03 00:00:00+00:00,122.7811
2024-09-04 00:00:00+00:00,122.5144
2024-09-05 00:00:00+00:00,122.4533
2024-09-06 00:00:00+00:00,122.4991
2024-09-09 00:00:00+00:00,122.7156
2024-09-10 00:00:00+00:00,123.0071
2024-09-11 00:00:00+00:00,122.7754
2024-09-12 00:00:00+00:00,122.4423
2024-09-13 00:00:00+00:00,121.6551
2024-09-16 00:00:00+00:00,121.4976
2024-09-17 00:00:00+00:00,121.6031
2024-09-18 00:00:00+00:00,121.5618
2024-09-19 00:00:00+00:00,121.3059
2024-09-20 00:00:00+00:00,121.4052
2024-09-23 00:00:00+00:00,121.4303
2024-09-24 00:00:00+00:00,121.1291
2024-09-25 00:00:00+00:00,121.4447
2024-09-26 00:00:00+00:00,121.0785
2024-09-27 00:00:00+00:00,121.1111
2024-09-30 00:00:00+00:00,121.2864
2024-10-01 00:00:00+00:00,121.6881
2024-10-02 00:00:00+00:00,121.5724
2024-10-03 00:00:00+00:00,122.1197
2024-10-04 00:00:00+00:00,122.2197
2024-10-07 00:00:00+00:00,122.4241
2024-10-08 00:00:00+00:00,122.6625
2024-10-09 00:00:00+00:00,122.8821
2024-10-10 00:00:00+00:00,123.0951
2024-10-11 00:00:00+00:00,122.9805
2024-10-15 00:00:00+00:00,123.5124
2024-10-16 00:00:00+00:00,123.9235
2024-10-17 00:00:00+00:00,124.1122
2024-10-18 00:00:00+00:00,123.9185
2024-10-21 00:00:00+00:00,124.4757
2024-10-22 00:00:00+00:00,124.4107
2024-10-23 00:00:00+00:00,124.6931
2024-10-24 00:00:00+00:00,124.5127
2024-10-25 00:00:00+00:00,124.6105
2024-10-28 00:00:00+00:00,124.8076
2024-10-29 00:00:00+00:00,124.8612
2024-10-30 00:00:00+00:00,124.8153
2024-10-31 00:00:00+00:00,124.7988
2024-11-01 00:00:00+00:00,124.8076
2024-11-04 00:00:00+00:00,124.5903
2024-11-05 00:00:00+00:00,124.5532
2024-11-06 00:00:00+00:00,125.7035
2024-11-07 00:00:00+00:00,124.775
2024-11-08 00:00:00+00:00,125.5811
2024-11-12 00:00:00+00:00,126.7762
2024-11-13 00:00:00+00:00,126.9572
2024-11-14 00:00:00+00:00,127.0015
2024-11-15 00:00:00+00:00,126.8848
2024-11-18 00:00:00+00:00,126.6045
2024-11-19 00:00:00+00:00,126.3994
2024-11-20 00:00:00+00:00,126.88
2024-11-21 00:00:00+00:00,127.1047
2024-11-22 00:00:00+00:00,127.4712
2024-11-25 00:00:00+00:00,126.9948
2024-11-26 00:00:00+00:00,127.4301
2024-11-27 00:00:00+00:00,126.8205
2024-11-29 00:00:00+00:00,126.5798
2024-12-02 00:00:00+00:00,127.1272
2024-12-03 00:00:00+00:00,126.9565
2024-12-04 00:00:00+00:00,126.7574
2024-12-05 00:00:00+00:00,126.4286
2024-12-06 00:00:00+00:00,126.688
2024-12-09 00:00:00+00:00,126.5981
2024-12-10 00:00:00+00:00,126.957
2024-12-11 00:00:00+00:00,126.8483
2024-12-12 00:00:00+00:00,126.9556
2024-12-13 00:00:00+00:00,127.3096
2024-12-16 00:00:00+00:00,127.2687
2024-12-17 00:00:00+00:00,127.5043
2024-12-18 00:00:00+00:00,127.6418
2024-12-19 00:00:00+00:00,128.6366
2024-12-20 00:00:00+00:00,127.893
2024-12-23 00:00:00+00:00,128.3021
2024-12-24 00:00:00+00:00,128.3377
2024-12-26 00:00:00+00:00,128.3329
2024-12-27 00:00:00+00:00,128.45
2024-12-30 00:00:00+00:00,128.8205
2024-12-31 00:00:00+00:00,129.2775
2025-01-02 00:00:00+00:00,129.4598
2025-01-03 00:00:00+00:00,129.4535
2025-01-06 00:00:00+00:00,128.538
2025-01-07 00:00:00+00:00,128.613
2025-01-08 00:00:00+00:00,129.0785
2025-01-09 00:00:00+00:00,129.2827
2025-01-10 00:00:00+00:00,129.8664
2025-01-13 00:00:00+00:00,130.0413
2025-01-14 00:00:00+00:00,129.3812
2025-01-15 00:00:00+00:00,129.2092
2025-01-16 00:00:00+00:00,129.436
2025-01-17 00:00:00+00:00,129.4859
2025-01-21 00:00:00+00:00,128.4151
2025-01-22 00:00:00+00:00,128.3402
2025-01-23 00:00:00+00:00,128.2162
2025-01-24 00:00:00+00:00,127.4611
2025-01-27 00:00:00+00:00,128.0912
2025-01-28 00:00:00+00:00,128.2817
2025-01-29 00:00:00+00:00,128.3418
2025-01-30 00:00:00+00:00,128.1004
2025-01-31 00:00:00+00:00,128.4828
2025-02-03 00:00:00+00:00,129.109
2025-02-04 00:00:00+00:00,128.1083
2025-02-05 00:00:00+00:00,127.9751
2025-02-06 00:00:00+00:00,128.2017
2025-02-07 00:00:00+00:00,128.4292
2025-02-10 00:00:00+00:00,128.6382
2025-02-11 00:00:00+00:00,128.4322
2025-02-12 00:00:00+00:00,128.3288
2025-02-13 00:00:00+00:00,127.8931
2025-02-14 00:00:00+00:00,127.1491
2025-02-18 00:00:00+00:00,127.2906
2025-02-19 00:00:00+00:00,127.7317
2025-02-20 00:00:00+00:00,127.1126
2025-02-21 00:00:00+00:00,127.1408
2025-02-24 00:00:00+00:00,127.1921
2025-02-25 00:00:00+00:00,127.3752
2025-02-26 00:00:00+00:00,127.2822
2025-02-27 00:00:00+00:00,127.9704
2025-02-28 00:00:00+00:00,128.2805
2025-03-03 00:00:00+00:00,127.75
2025-03-04 00:00:00+00:00,127.9966
2025-03-05 00:00:00+00:00,126.504
2025-03-06 00:00:00+00:00,126.1099
2025-03-07 00:00:00+00:00,125.9814
2025-03-10 00:00:00+00:00,126.268
2025-03-11 00:00:00+00:00,126.0457
2025-03-12 00:00:00+00:00,125.8664
2025-03-13 00:00:00+00:00,126.0031
2025-03-14 00:00:00+00:00,125.6942
2025-03-17 00:00:00+00:00,125.3688
2025-03-18 00:00:00+00:00,125.488
2025-03-19 00:00:00+00:00,125.8006
2025-03-20 00:00:00+00:00,125.985
2025-03-21 00:00:00+00:00,126.2679
2025-03-24 00:00:00+00:00,126.1956
2025-03-25 00:00:00+00:00,126.0535
2025-03-26 00:00:00+00:00,126.2364
2025-03-27 00:00:00+00:00,126.3626
2025-03-28 00:00:00+00:00,126.4187
2025-03-31 00:00:00+00:00,126.7075
2025-04-01 00:00:00+00:00,126.4338
2025-04-02 00:00:00+00:00,126.3811
2025-04-03 00:00:00+00:00,124.7316
2025-04-04 00:00:00+00:00,125.8129
2025-04-07 00:00:00+00:00,126.8282
2025-04-08 00:00:00+00:00,126.8668
2025-04-09 00:00:00+00:00,126.628
2025-04-10 00:00:00+00:00,125.089
2025-04-11 00:00:00+00:00,124.0163
2025-04-14 00:00:00+00:00,123.6598
2025-04-15 00:00:00+00:00,123.776
2025-04-16 00:00:00+00:00,123.2724
2025-04-17 00:00:00+00:00,123.1298
2025-04-18 00:00:00+00:00,122.9865
2025-04-21 00:00:00+00:00,122.3145
2025-04-22 00:00:00+00:00,122.4175
2025-04-23 00:00:00+00:00,123.0252
2025-04-24 00:00:00+00:00,122.9251
2025-04-25 00:00:00+00:00,122.8858
2025-04-28 00:00:00+00:00,122.7176
2025-04-29 00:00:00+00:00,122.5944
2025-04-30 00:00:00+00:00,122.5921
2025-05-01 00:00:00+00:00,123.1405
2025-05-02 00:00:00+00:00,122.4962
2025-05-05 00:00:00+00:00,122.2613
2025-05-06 00:00:00+00:00,122.0417
2025-05-07 00:00:00+00:00,122.117
2025-05-08 00:00:00+00:00,122.7568
2025-05-09 00:00:00+00:00,122.5191
2025-05-12 00:00:00+00:00,123.4863
2025-05-13 00:00:00+00:00,122.9583
2025-05-14 00:00:00+00:00,122.6746
2025-05-15 00:00:00+00:00,122.8174
2025-05-16 00:00:00+00:00,123.0737
2025-05-19 00:00:00+00:00,122.4186
2025-05-20 00:00:00+00:00,122.3199
2025-05-21 00:00:00+00:00,121.7496
2025-05-22 00:00:00+00:00,122.0429
2025-05-23 00:00:00+00:00,121.3837
2025-05-27 00:00:00+00:00,121.6099
2025-05-28 00:00:00+00:00,121.9888
2025-05-29 00:00:00+00:00,121.5617
2025-05-30 00:00:00+00:00,121.7674
2025-06-02 00:00:00+00:00,121.1881
2025-06-03 00:00:00+00:00,121.4592
2025-06-04 00:00:00+00:00,121.0539
2025-06-05 00:00:00+00:00,120.9596
2025-06-06 00:00:00+00:00,121.161
2025-06-09 00:00:00+00:00,120.9103
2025-06-10 00:00:00+00:00,121.0485
2025-06-11 00:00:00+00:00,120.587
2025-06-12 00:00:00+00:00,120.1723
2025-06-13 00:00:00+00:00,120.3245
2025-06-16 00:00:00+00:00,120.1565
2025-06-17 00:00:00+00:00,120.5048
2025-06-18 00:00:00+00:00,120.7305
2025-06-20 00:00:00+00:00,121.0408
2025-06-23 00:00:00+00:00,121.1694
2025-06-24 00:00:00+00:00,120.3645
2025-06-25 00:00:00+00:00,120.3336
2025-06-26 00:00:00+00:00,119.6451
2025-06-27 00:00:00+00:00,119.659
2025-06-30 00:00:00+00:00,119.4088
2025-07-01 00:00:00+00:00,119.3436
2025-07-02 00:00:00+00:00,119.3037
2025-07-03 00:00:00+00:00,119.2382
2025-07-07 00:00:00+00:00,119.6201
2025-07-08 00:00:00+00:00,119.8371
2025-07-09 00:00:00+00:00,119.7311
2025-07-10 00:00:00+00:00,119.8343
2025-07-11 00:00:00+00:00,119.9214
2025-07-14 00:00:00+00:00,120.2209
2025-07-15 00:00:00+00:00,120.5105
2025-07-16 00:00:00+00:00,120.4175
2025-07-17 00:00:00+00:00,120.6384
2025-07-18 00:00:00+00:00,120.356
2025-07-21 00:00:00+00:00,119.9961
2025-07-22 00:00:00+00:00,119.681
2025-07-23 00:00:00+00:00,119.5697
2025-07-24 00:00:00+00:00,119.5664
2025-07-25 00:00:00+00:00,119.9857
2025-07-28 00:00:00+00:00,120.6149
2025-07-29 00:00:00+00:00,120.9674
2025-07-30 00:00:00+00:00,121.4042
2025-07-31 00:00:00+00:00,121.721
2025-08-01 00:00:00+00:00,121.2122
2025-08-04 00:00:00+00:00,120.9859
2025-08-05 00:00:00+00:00,120.9082
2025-08-06 00:00:00+00:00,120.5082
2025-08-07 00:00:00+00:00,120.5043
2025-08-08 00:00:00+00:00,120.3329
2025-08-11 00:00:00+00:00,120.6892
2025-08-12 00:00:00+00:00,120.2736
2025-08-13 00:00:00+00:00,120.13
2025-08-14 00:00:00+00:00,120.6446
2025-08-15 00:00:00+00:00,120.3377
2025-08-18 00:00:00+00:00,120.5622
2025-08-19 00:00:00+00:00,120.7224
2025-08-20 00:00:00+00:00,120.7757
2025-08-21 00:00:00+00:00,121.0843
2025-08-22 00:00:00+00:00,120.2774
2025-08-25 00:00:00+00:00,120.4214
2025-08-26 00:00:00+00:00,120.5274
2025-08-27 00:00:00+00:00,120.7274
2025-08-28 00:00:00+00:00,120.2595
2025-08-29 00:00:00+00:00,120.2082
2025-09-02 00:00:00+00:00,120.6837
2025-09-03 00:00:00+00:00,120.5052
2025-09-04 00:00:00+00:00,120.7629
2025-09-05 00:00:00+00:00,120.1282
2025-09-08 00:00:00+00:00,120.0971
2025-09-09 00:00:00+00:00,120.1569
2025-09-10 00:00:00+00:00,120.1223
2025-09-11 00:00:00+00:00,119.9534
2025-09-12 00:00:00+00:00,120.0611
2025-09-15 00:00:00+00:00,119.5644
2025-09-16 00:00:00+00:00,119.1348
2025-09-17 00:00:00+00:00,119.1582
2025-09-18 00:00:00+00:00,119.6616
2025-09-19 00:00:00+00:00,119.7858
2025-09-22 00:00:00+00:00,119.8152
2025-09-23 00:00:00+00:00,119.6202
2025-09-24 00:00:00+00:00,120.1707
2025-09-25 00:00:00+00:00,120.5419
2025-09-26 00:00:00+00:00,120.4349
2025-09-29 00:00:00+00:00,120.115
2025-09-30 00:00:00+00:00,120.1368
2025-10-01 00:00:00+00:00,120.1502
2025-10-02 00:00:00+00:00,120.4296
2025-10-03 00:00:00+00:00,120.0881
2025-10-06 00:00:00+00:00,120.2722
2025-10-07 00:00:00+00:00,120.4884
2025-10-08 00:00:00+00:00,120.7766
2025-10-09 00:00:00+00:00,121.0902
2025-10-10 00:00:00+00:00,121.1163
2025-10-14 00:00:00+00:00,121.1822
2025-10-15 00:00:00+00:00,120.8642
2025-10-16 00:00:00+00:00,120.6698
2025-10-17 00:00:00+00:00,120.7028
2025-10-20 00:00:00+00:00,120.6209
2025-10-21 00:00:00+00:00,120.8895
2025-10-22 00:00:00+00:00,120.8958
2025-10-23 00:00:00+00:00,120.9531
2025-10-24 00:00:00+00:00,120.9345
2025-10-27 00:00:00+00:00,120.7988
2025-10-28 00:00:00+00:00,120.6361
2025-10-29 00:00:00+00:00,120.5312
2025-10-30 00:00:00+00:00,121.2832
2025-10-31 00:00:00+00:00,121.3859
2025-11-03 00:00:00+00:00,121.4512
2025-11-04 00:00:00+00:00,121.8271
2025-11-05 00:00:00+00:00,121.8482
2025-11-06 00:00:00+00:00,121.6948
2025-11-07 00:00:00+00:00,121.388
2025-11-10 00:00:00+00:00,121.2984
2025-11-12 00:00:00+00:00,121.0458
2025-11-13 00:00:00+00:00,120.7725
2025-11-14 00:00:00+00:00,120.9666
2025-11-17 00:00:00+00:00,121.1146
2025-11-18 00:00:00+00:00,121.2127
2025-11-19 00:00:00+00:00,121.4978
2025-11-20 00:00:00+00:00,121.6889
2025-11-21 00:00:00+00:00,121.8653
2025-11-24 00:00:00+00:00,121.9171
2025-11-25 00:00:00+00:00,121.6335
2025-11-26 00:00:00+00:00,121.2437
2025-11-28 00:00:00+00:00,121.0527
2025-12-01 00:00:00+00:00,120.9862
2025-12-02 00:00:00+00:00,121.1467
2025-12-03 00:00:00+00:00,120.7336
2025-12-04 00:00:00+00:00,120.6766
2025-12-05 00:00:00+00:00,120.6863
2025-12-08 00:00:00+00:00,120.776
2025-12-09 00:00:00+00:00,120.6832
2025-12-10 00:00:00+00:00,120.6752
2025-12-11 00:00:00+00:00,119.98
2025-12-12 00:00:00+00:00,120.1442
2025-12-15 00:00:00+00:00,119.9561
2025-12-16 00:00:00+00:00,119.8902
2025-12-17 00:00:00+00:00,120.155
2025-12-18 00:00:00+00:00,120.0528
2025-12-19 00:00:00+00:00,120.1652
2025-12-22 00:00:00+00:00,119.9912
2025-12-23 00:00:00+00:00,119.7057
2025-12-24 00:00:00+00:00,119.4372
2025-12-26 00:00:00+00:00,119.4723
2025-12-29 00:00:00+00:00,119.5899
2025-12-30 00:00:00+00:00,119.4939
2025-12-31 00:00:00+00:00,119.7456
2026-01-02 00:00:00+00:00,119.6059
2026-01-05 00:00:00+00:00,119.6192
2026-01-06 00:00:00+00:00,119.7807
2026-01-07 00:00:00+00:00,119.8719
2026-01-08 00:00:00+00:00,120.0904
2026-01-09 00:00:00+00:00,120.2215
2026-01-12 00:00:00+00:00,119.9958
2026-01-13 00:00:00+00:00,120.1401
2026-01-14 00:00:00+00:00,119.9537
2026-01-15 00:00:00+00:00,119.9951
2026-01-16 00:00:00+00:00,120.0838
2026-01-20 00:00:00+00:00,119.4455
2026-01-21 00:00:00+00:00,119.3431
2026-01-22 00:00:00+00:00,119.1962
2026-01-23 00:00:00+00:00,118.8976
2026-01-26 00:00:00+00:00,118.0525
2026-01-27 00:00:00+00:00,117.4523
2026-01-28 00:00:00+00:00,117.5117
2026-01-29 00:00:00+00:00,117.4396
2026-01-30 00:00:00+00:00,117.8996
2026-02-02 00:00:00+00:00,118.3609
2026-02-03 00:00:00+00:00,117.9764
2026-02-04 00:00:00+00:00,118.2602
2026-02-05 00:00:00+00:00,118.5034
2026-02-06 00:00:00+00:00,118.2407
2026-02-09 00:00:00+00:00,117.6392
2026-02-10 00:00:00+00:00,117.5216
2026-02-11 00:00:00+00:00,117.4601
2026-02-12 00:00:00+00:00,117.5376
2026-02-13 00:00:00+00:00,117.5258
2026-02-17 00:00:00+00:00,117.7375
2026-02-18 00:00:00+00:00,117.8426
2026-02-19 00:00:00+00:00,118.2354
2026-02-20 00:00:00+00:00,117.9917
2026-02-23 00:00:00+00:00,117.9395
2026-02-24 00:00:00+00:00,117.9463
2026-02-25 00:00:00+00:00,117.769
2026-02-26 00:00:00+00:00,117.9042
2026-02-27 00:00:00+00:00,117.8223
2026-03-02 00:00:00+00:00,118.667
2026-03-03 00:00:00+00:00,119.4341
2026-03-04 00:00:00+00:00,119.0705
2026-03-05 00:00:00+00:00,119.5683
2026-03-06 00:00:00+00:00,119.491
2026-03-09 00:00:00+00:00,119.5151
2026-03-10 00:00:00+00:00,118.7255
2026-03-11 00:00:00+00:00,119.2885
2026-03-12 00:00:00+00:00,119.8227
2026-03-13 00:00:00+00:00,120.5518
2026-03-16 00:00:00+00:00,120.097
2026-03-17 00:00:00+00:00,119.8328
2026-03-18 00:00:00+00:00,119.9276
2026-03-19 00:00:00+00:00,120.1802
2026-03-20 00:00:00+00:00,120.2757
2026-03-23 00:00:00+00:00,119.9371
2026-03-24 00:00:00+00:00,120.1295
2026-03-25 00:00:00+00:00,120.1282
2026-03-26 00:00:00+00:00,120.389
2026-03-27 00:00:00+00:00,120.8851
2026-03-30 00:00:00+00:00,121.2851
2026-03-31 00:00:00+00:00,121.035
2026-04-01 00:00:00+00:00,120.1198
2026-04-02 00:00:00+00:00,120.503
2026-04-03 00:00:00+00:00,120.6565
2026-04-06 00:00:00+00:00,120.4302
2026-04-07 00:00:00+00:00,120.32
2026-04-08 00:00:00+00:00,119.0596
2026-04-09 00:00:00+00:00,118.8998
2026-04-10 00:00:00+00:00,118.8552
2026-04-13 00:00:00+00:00,118.9916
2026-04-14 00:00:00+00:00,118.3581
2026-04-15 00:00:00+00:00,118.3623
2026-04-16 00:00:00+00:00,118.3616
2026-04-17 00:00:00+00:00,118.0795
2026-04-20 00:00:00+00:00,118.2374
2026-04-21 00:00:00+00:00,118.4331
2026-04-22 00:00:00+00:00,118.6004
2026-04-23 00:00:00+00:00,118.7155
2026-04-24 00:00:00+00:00,118.7294
2026-04-27 00:00:00+00:00,118.5458
2026-04-28 00:00:00+00:00,118.7717
2026-04-29 00:00:00+00:00,119.0975
2026-04-30 00:00:00+00:00,118.671
2026-05-01 00:00:00+00:00,118.3926
2026-05-04 00:00:00+00:00,118.8264
2026-05-05 00:00:00+00:00,118.6207
2026-05-06 00:00:00+00:00,118.0982
2026-05-07 00:00:00+00:00,118.0116
2026-05-08 00:00:00+00:00,118.0392
2026-05-11 00:00:00+00:00,118.0562
2026-05-12 00:00:00+00:00,118.5238
2026-05-13 00:00:00+00:00,118.4737
2026-05-14 00:00:00+00:00,118.6696
2026-05-15 00:00:00+00:00,119.2825
2026-05-18 00:00:00+00:00,119.0574
2026-05-19 00:00:00+00:00,119.451
2026-05-20 00:00:00+00:00,119.1624
2026-05-21 00:00:00+00:00,119.369
2026-05-22 00:00:00+00:00,119.2868
2026-05-26 00:00:00+00:00,119.1696
2026-05-27 00:00:00+00:00,119.1829
2026-05-28 00:00:00+00:00,119.0318
2026-05-29 00:00:00+00:00,118.8783
2026-06-01 00:00:00+00:00,119.1653
2026-06-02 00:00:00+00:00,119.0359
2026-06-03 00:00:00+00:00,119.3848
2026-06-04 00:00:00+00:00,119.3615
2026-06-05 00:00:00+00:00,120.0831
2026-06-08 00:00:00+00:00,120.034
2026-06-09 00:00:00+00:00,119.9617
2026-06-10 00:00:00+00:00,119.9134
2026-06-11 00:00:00+00:00,120.1174
2026-06-12 00:00:00+00:00,119.5073
2026-06-15 00:00:00+00:00,119.3158
2026-06-16 00:00:00+00:00,119.256
2026-06-17 00:00:00+00:00,119.3871
2026-06-18 00:00:00+00:00,120.3958
2026-06-22 00:00:00+00:00,120.5463
2026-06-23 00:00:00+00:00,121.0552
2026-06-24 00:00:00+00:00,121.412
2026-06-25 00:00:00+00:00,121.0559
2026-06-26 00:00:00+00:00,120.8866
2026-06-29 00:00:00+00:00,120.9525
2026-06-30 00:00:00+00:00,120.9248
2026-07-01 00:00:00+00:00,121.1455
2026-07-02 00:00:00+00:00,120.6902
2026-07-06 00:00:00+00:00,120.835
2026-07-07 00:00:00+00:00,120.8145
2026-07-08 00:00:00+00:00,121.1307
2026-07-09 00:00:00+00:00,120.753
2026-07-10 00:00:00+00:00,120.5046
2026-07-13 00:00:00+00:00,120.7413
2026-07-14 00:00:00+00:00,120.4728
2026-07-15 00:00:00+00:00,120.3088
2026-07-16 00:00:00+00:00,120.331
2026-07-17 00:00:00+00:00,120.5315
2026-07-20 00:00:00+00:00,120.5401
2026-07-21 00:00:00+00:00,120.5779
2026-07-22 00:00:00+00:00,120.5736
2026-07-23 00:00:00+00:00,120.9075
2026-07-24 00:00:00+00:00,120.7105
2026-07-27 00:00:00+00:00,120.7739
2026-07-28 00:00:00+00:00,120.6247
2026-07-29 00:00:00+00:00,120.7892
2026-07-30 00:00:00+00:00,119.6753
2026-07-31 00:00:00+00:00,119.7034
2026-08-03 00:00:00+00:00,119.6951
2026-08-04 00:00:00+00:00,119.5977
2026-08-05 00:00:00+00:00,119.3881
2026-08-06 00:00:00+00:00,119.5113
2026-08-07 00:00:00+00:00,119.0649
2026-08-10 00:00:00+00:00,119.1187
2026-08-11 00:00:00+00:00,119.179
2026-08-12 00:00:00+00:00,119.1179
2026-08-13 00:00:00+00:00,119.1848
2026-08-14 00:00:00+00:00,118.9028
2026-08-17 00:00:00+00:00,118.814
2026-08-18 00:00:00+00:00,118.9831
2026-08-19 00:00:00+00:00,118.3328
2026-08-20 00:00:00+00:00,118.2548
2026-08-21 00:00:00+00:00,118.0628
2026-08-24 00:00:00+00:00,118.3195
2026-08-25 00:00:00+00:00,118.2283
2026-08-26 00:00:00+00:00,118.4461
2026-08-27 00:00:00+00:00,118.3583
2026-08-28 00:00:00+00:00,118.7479
2026-08-31 00:00:00+00:00,118.5679
2026-09-01 00:00:00+00:00,118.6568
2026-09-02 00:00:00+00:00,118.5296
2026-09-03 00:00:00+00:00,118.127
2026-09-04 00:00:00+00:00,118.0732
2026-09-08 00:00:00+00:00,117.9127
2026-09-09 00:00:00+00:00,117.8834
2026-09-10 00:00:00+00:00,118.0787
2026-09-11 00:00:00+00:00,118.2126
2026-09-14 00:00:00+00:00,118.6923
2026-09-15 00:00:00+00:00,118.8822
2026-09-16 00:00:00+00:00,118.9206
2026-09-17 00:00:00+00:00,119.3489
2026-09-18 00:00:00+00:00,119.5133
