date,event
2023-09-20,fomc
2023-11-01,fomc
2023-12-13,fomc
2024-01-31,fomc
2024-03-20,fomc
2024-05-01,fomc
2024-06-12,fomc
2024-07-31,fomc
2024-09-18,fomc
2024-11-07,fomc
2024-12-18,fomc
2025-01-29,fomc
2025-03-19,fomc
2025-05-07,fomc
2025-06-18,fomc
2025-07-30,fomc
2025-08-22,fomc
2025-09-17,fomc
2025-10-29,fomc
2025-12-10,fomc
2026-01-28,fomc
2026-03-18,fomc
2026-04-29,fomc
2026-06-17,fomc
2026-07-29,fomc
2026-09-16,fomc
2026-10-28,fomc
2026-12-09,fomc
2023-07-07,jobs
2023-08-04,jobs
2023-09-01,jobs
2023-10-06,jobs
2023-11-03,jobs
2023-12-01,jobs
2024-01-05,jobs
2024-02-02,jobs
2024-03-01,jobs
2024-04-05,jobs
2024-05-03,jobs
2024-06-07,jobs
2024-07-05,jobs
2024-08-02,jobs
2024-09-06,jobs
2024-10-04,jobs
2024-11-01,jobs
2024-12-06,jobs
2025-01-03,jobs
2025-02-07,jobs
2025-03-07,jobs
2025-04-04,jobs
2025-05-02,jobs
2025-06-06,jobs
2025-07-04,jobs
2025-08-01,jobs
2025-09-05,jobs
2025-10-03,jobs
2025-11-07,jobs
2025-12-05,jobs
2026-01-02,jobs
2026-02-06,jobs
2026-03-06,jobs
2026-04-03,jobs
2026-05-01,jobs
2026-06-05,jobs
2026-07-03,jobs
2026-08-07,jobs
2026-09-04,jobs
2026-10-02,jobs
2026-11-06,jobs
