h,s,event,entries,days,gross_tr,net_tr,hit,realised_over_implied
15,straddle,EIA day,1058,21,-1.5500777159836883,-312.4630220815761,0.07466918714555766,0.5489044661271302
15,straddle,EIA in window,19,19,-127.89467259457237,-380.8183178977155,0.0,0.6198432656769393
15,straddle,OPEC Monday,336,6,-6.8452199300130205,-346.4186725016191,0.08928571428571429,0.6912746607307839
15,straddle,CPI day,224,4,-13.66069998059954,-280.33019236678876,0.07589285714285714,0.5764185448342429
15,straddle,CPI in window,4,4,-132.49988555908203,-354.90039931705553,0.0,0.4395471542524947
15,straddle,FOMC day,168,3,-13.869063059488932,-329.207647920901,0.06547619047619048,0.5281711517638892
15,straddle,FOMC next day,168,3,16.96429479689825,-298.2405267354368,0.1130952380952381,0.5658187036323608
15,straddle,no event,3813,72,-0.3881488983130286,-309.68539252384636,0.0936270653029111,0.548828401802712
15,strangle,EIA day,1077,21,1.8198355105372634,-300.0775729433029,0.07520891364902507,0.5503972250648856
15,strangle,EIA in window,20,20,-154.4999885559082,-409.70745584065935,0.0,0.5557135091743183
15,strangle,OPEC Monday,336,6,-6.874995004563105,-332.21861449527006,0.09523809523809523,0.6912746607307839
15,strangle,CPI day,224,4,-8.883949688502721,-257.4586755846698,0.10267857142857142,0.5764185448342429
15,strangle,CPI in window,4,4,-104.99963760375977,-313.2138140808729,0.0,0.4395471542524947
15,strangle,FOMC day,168,3,-6.309507006690616,-306.1421576441953,0.07142857142857142,0.5281711517638892
15,strangle,FOMC next day,168,3,25.59516089303153,-274.42624672669456,0.13095238095238096,0.5658187036323608
15,strangle,no event,3856,73,2.7513741952255057,-294.5667587464801,0.09491701244813278,0.5450928080304412
30,straddle,EIA day,1037,21,-6.962373562466098,-318.8074860834807,0.1128254580520733,0.5394984690584292
30,straddle,EIA in window,38,19,-155.7895961560701,-408.8318198910682,0.02631578947368421,0.631315420411398
30,straddle,OPEC Monday,330,6,-9.0909160267223,-350.052719829396,0.1393939393939394,0.7214078093092973
30,straddle,CPI day,220,4,-30.772715481844816,-298.3485664591863,0.12272727272727273,0.550249900255471
30,straddle,CPI in window,8,4,-312.5,-534.9959662748246,0.0,0.8732921433245381
30,straddle,FOMC day,165,3,-23.030335397431344,-339.4695561599718,0.10909090909090909,0.5295593599819075
30,straddle,FOMC next day,165,3,35.3334345962062,-280.9228699040304,0.15757575757575756,0.587786652581215
30,straddle,no event,3743,72,0.5577823741850674,-309.76327208210057,0.14052898744322737,0.5465547735316144
30,strangle,EIA day,1056,21,-2.6976621512210732,-305.5823162420056,0.11647727272727272,0.5382440708548756
30,strangle,EIA in window,40,20,-201.24994277954102,-456.4854538674229,0.0,0.600608372865766
30,strangle,OPEC Monday,330,6,0.3029840642755682,-326.4239385339971,0.14545454545454545,0.7214078093092973
30,strangle,CPI day,220,4,-23.681833093816582,-273.1027406195633,0.15,0.550249900255471
30,strangle,CPI in window,8,4,-307.4995994567871,-515.8642076868643,0.0,0.8732921433245381
30,strangle,FOMC day,165,3,-7.575685905687736,-308.478341927202,0.11515151515151516,0.5295593599819075
30,strangle,FOMC next day,165,3,54.242352572354406,-246.79616180408678,0.15151515151515152,0.587786652581215
30,strangle,no event,3785,73,1.9396432954694982,-296.33704172480356,0.1487450462351387,0.5439256513478327
60,straddle,EIA day,995,21,-28.291439267259147,-342.1307079956296,0.16884422110552763,0.5351169374510261
60,straddle,EIA in window,76,19,-290.39479305869656,-543.5454050565911,0.11842105263157894,0.6083403084688304
60,straddle,OPEC Monday,318,6,-15.660390314066186,-359.4770140275168,0.1949685534591195,0.6996838545119215
60,straddle,CPI day,212,4,-37.16980916149211,-306.7111104576633,0.1792452830188679,0.5698333119312028
60,straddle,CPI in window,16,4,-353.74999046325684,-576.1317657134432,0.0,0.7283070781178402
60,straddle,FOMC day,159,3,-50.50314177507125,-369.1867637565587,0.16352201257861634,0.577517798486654
60,straddle,FOMC next day,159,3,84.27675834991648,-234.23459357612134,0.22641509433962265,0.5937355095028469
60,straddle,no event,3604,72,1.4856462341037628,-310.92680547802127,0.20005549389567148,0.5562437113125073
60,strangle,EIA day,1014,21,-25.462248010277982,-330.4437037808275,0.16863905325443787,0.527386177125508
60,strangle,EIA in window,79,20,-345.0632795502868,-596.8563509783913,0.10126582278481013,0.5718001793920191
60,strangle,OPEC Monday,318,6,-1.095064031253071,-330.61588813784545,0.2138364779874214,0.6996838545119215
60,strangle,CPI day,212,4,-25.990589609685934,-277.2543319391808,0.21226415094339623,0.5698333119312028
60,strangle,CPI in window,16,4,-346.87485694885254,-555.0688368718315,0.0,0.7283070781178402
60,strangle,FOMC day,159,3,-27.672939180578076,-330.74551003820625,0.16981132075471697,0.577517798486654
60,strangle,FOMC next day,159,3,104.02510181163092,-199.14877983934718,0.27672955974842767,0.5937355095028469
60,strangle,no event,3644,73,7.9123315381951445,-292.3455584083917,0.20828759604829858,0.5536889880164015
240,straddle,EIA day,752,20,-126.65736776717166,-459.44901094905885,0.23537234042553193,0.5365036092188358
240,straddle,EIA in window,184,19,-463.4040832519531,-717.5366184221664,0.16304347826086957,0.5315757849146812
240,straddle,OPEC Monday,246,6,-96.02225388937849,-460.73726311530794,0.24390243902439024,0.6070801067597401
240,straddle,CPI day,164,4,-227.9268288030857,-511.7410796464017,0.21341463414634146,0.5549740272002899
240,straddle,CPI in window,64,4,-418.7499940395355,-688.8525397898782,0.1875,0.520014468572707
240,straddle,FOMC day,123,3,103.25199530376652,-233.6730773305167,0.2845528455284553,0.5746260135094112
240,straddle,FOMC next day,123,3,359.99998387282454,23.89896383112358,0.44715447154471544,0.5989409597565808
240,straddle,no event,2768,71,84.6492289118684,-245.4696935843224,0.319364161849711,0.6327514215847395
240,strangle,EIA day,763,21,-121.0755774421742,-443.44317695819205,0.2516382699868938,0.5442105755583243
240,strangle,EIA in window,188,20,-579.5063810145601,-826.5102943786325,0.15425531914893617,0.5238170058822113
240,strangle,OPEC Monday,246,6,-78.45556987979548,-428.1906619615065,0.25203252032520324,0.6070801067597401
240,strangle,CPI day,164,4,-187.01215720758205,-451.4730544341236,0.21951219512195122,0.5549740272002899
240,strangle,CPI in window,64,4,-389.84371423721313,-641.7043933207669,0.1875,0.520014468572707
240,strangle,FOMC day,123,3,125.76642850550209,-194.624642131682,0.2845528455284553,0.5746260135094112
240,strangle,FOMC next day,123,3,402.79245919328395,82.82263177327023,0.4634146341463415,0.5989409597565808
240,strangle,no event,2791,73,123.79998624303443,-192.87088619125007,0.3296309566463633,0.6370410584685012
