h,period,slot,realised_over_implied,n
15,design,09:15-14:00,0.46207689169003796,2991
15,design,14:00-17:30,0.6494133085691376,2127
15,design,17:30-23:25,0.6696287766291126,3450
15,holdout,09:15-14:00,0.5459393392766458,2432
15,holdout,14:00-17:30,0.6330821496020748,1738
15,holdout,17:30-23:25,0.7448199267431707,2828
15,design,all,0.5956958640197679,8568
15,holdout,all,0.6494322514085658,6998
30,design,09:15-14:00,0.46841359818846173,2991
30,design,14:00-17:30,0.6438487492955159,2125
30,design,17:30-23:25,0.6823850625542752,3293
30,holdout,09:15-14:00,0.564637602684256,2432
30,holdout,14:00-17:30,0.6360161355056687,1738
30,holdout,17:30-23:25,0.746966545839671,2700
30,design,all,0.6002309934538584,8409
30,holdout,all,0.6556867666753239,6870
60,design,09:15-14:00,0.49276072298448176,2991
60,design,14:00-17:30,0.6470209689064194,2121
60,design,17:30-23:25,0.6815183471360521,2980
60,holdout,09:15-14:00,0.5979264153855145,2432
60,holdout,14:00-17:30,0.6639376665156425,1738
60,holdout,17:30-23:25,0.7754806412973977,2442
60,design,all,0.6059632977726398,8092
60,holdout,all,0.6821321686063421,6612
240,design,09:15-14:00,0.5872453467200638,2981
240,design,14:00-17:30,0.7434219581253876,2107
240,design,17:30-23:25,0.7095821658698965,1096
240,holdout,09:15-14:00,0.7178991305633269,2432
240,holdout,14:00-17:30,0.7390105627564146,1738
240,holdout,17:30-23:25,0.7728631095317039,894
240,design,all,0.6640863873186883,6184
240,holdout,all,0.7351399591342967,5064
