session,file,sha256,n_rows,n_strikes,first_ts,last_ts,n_settlement_bars,oi_lot,oi_units,source,fetched_on
2023-01-05,2023-01-05_chain.parquet,296cd7025c89388ea20611fe1ad403cf42f6c5ea6b8f7d1648b03e1970e676a8,31105,44,2023-01-05 09:15:00+05:30,2023-01-05 15:29:00+05:30,30,50,lot_multiplied,upstox-v3-historical-candle,
2023-01-12,2023-01-12_chain.parquet,a6dfb0badbb0e45985e009cd2170274b98e739a0a461d8c4f9087d12500cdb98,30738,44,2023-01-12 09:15:00+05:30,2023-01-12 15:29:00+05:30,30,50,lot_multiplied,upstox-v3-historical-candle,
2023-01-19,2023-01-19_chain.parquet,888d7bd450a81522da794809b2a661d3e5b507d28e838ddc75edacb2d7801848,29683,43,2023-01-19 09:15:00+05:30,2023-01-19 15:29:00+05:30,30,50,lot_multiplied,upstox-v3-historical-candle,
2023-01-25,2023-01-25_chain.parquet,1750cac6239c1db0c761259f6e1f33748a0b950b674c02594f5319e9687d85f8,31543,44,2023-01-25 09:15:00+05:30,2023-01-25 15:29:00+05:30,30,50,lot_multiplied,upstox-v3-historical-candle,
2023-02-02,2023-02-02_chain.parquet,76c7b9053885d803d75ec66078063ccad9563fb13b7b7527d0e63a193a49a8e7,30809,42,2023-02-02 09:15:00+05:30,2023-02-02 15:29:00+05:30,30,50,lot_multiplied,upstox-v3-historical-candle,
2023-02-09,2023-02-09_chain.parquet,22770a994b7653a39eef527d5b7c13b5d3b63e8dedf8bbe4427c6a6fb070df9c,30525,43,2023-02-09 09:15:00+05:30,2023-02-09 15:29:00+05:30,30,50,lot_multiplied,upstox-v3-historical-candle,
2023-02-16,2023-02-16_chain.parquet,19906b40f7bf5230a0634ebca913863920e4c7d7ad57512592fad92256864b91,31214,43,2023-02-16 09:15:00+05:30,2023-02-16 15:29:00+05:30,30,50,lot_multiplied,upstox-v3-historical-candle,
2023-02-23,2023-02-23_chain.parquet,939871e02e8e3a285be901588ef319de8754d7d4b1b1932e822e9c5ad4f71311,30276,42,2023-02-23 09:15:00+05:30,2023-02-23 15:29:00+05:30,30,50,lot_multiplied,upstox-v3-historical-candle,
2023-03-02,2023-03-02_chain.parquet,38cad1121521c6541f40b067f417fac199a5761d7b7407709b43250dc22562c7,30288,42,2023-03-02 09:15:00+05:30,2023-03-02 15:29:00+05:30,30,50,lot_multiplied,upstox-v3-historical-candle,
2023-03-09,2023-03-09_chain.parquet,99019c0bcf2f6356f93f664c2d658878737e2bf0e4bc95362bb0113cc182c5de,30437,43,2023-03-09 09:15:00+05:30,2023-03-09 15:29:00+05:30,30,50,lot_multiplied,upstox-v3-historical-candle,
2023-03-16,2023-03-16_chain.parquet,4f305d1596dd465762055b54fe62513b0f8bc63d244be37ee97fe0c7daf6ea44,30471,41,2023-03-16 09:15:00+05:30,2023-03-16 15:29:00+05:30,30,50,lot_multiplied,upstox-v3-historical-candle,
2023-03-23,2023-03-23_chain.parquet,8a7b9bfeafdf3d2c9a48661d55053e35ba294351e77aa842fd51f32fa1f77952,30019,41,2023-03-23 09:15:00+05:30,2023-03-23 15:29:00+05:30,30,50,lot_multiplied,upstox-v3-historical-candle,
2023-03-29,2023-03-29_chain.parquet,c942689a8ecf158d5c59c751e058e5dfa3eff7195bfe63e8182426f13e31f860,30009,41,2023-03-29 09:15:00+05:30,2023-03-29 15:29:00+05:30,30,50,lot_multiplied,upstox-v3-historical-candle,
2023-04-06,2023-04-06_chain.parquet,f818c7009e2dbb00a1c580100ae14eda997d03a524499688a1861ba488b9f6a0,31315,43,2023-04-06 09:15:00+05:30,2023-04-06 15:29:00+05:30,30,50,lot_multiplied,upstox-v3-historical-candle,
2023-04-13,2023-04-13_chain.parquet,5d17ccfaee27248c44f877ccb6ac5cfaefdf5ba3d65c773df00e51ffd0545aa4,29759,43,2023-04-13 09:15:00+05:30,2023-04-13 15:29:00+05:30,30,50,lot_multiplied,upstox-v3-historical-candle,
2023-04-20,2023-04-20_chain.parquet,d6ba5436de02f872592293c26ccbf0af8d9f763bab2c46551e1a57423746f310,29436,42,2023-04-20 09:15:00+05:30,2023-04-20 15:29:00+05:30,30,50,lot_multiplied,upstox-v3-historical-candle,
2023-04-27,2023-04-27_chain.parquet,df3b04d2355bde58327d86a80c07b915d1540db9f2fb9d3ce0a7855d9ab62a3e,31806,43,2023-04-27 09:15:00+05:30,2023-04-27 15:29:00+05:30,30,50,lot_multiplied,upstox-v3-historical-candle,
2023-05-04,2023-05-04_chain.parquet,3b675680b946d0d8569ffd00d5b1012e81b302e9c8b2d6c1bd5f306eca7b103c,30295,44,2023-05-04 09:15:00+05:30,2023-05-04 15:29:00+05:30,30,50,lot_multiplied,upstox-v3-historical-candle,
2023-05-11,2023-05-11_chain.parquet,4949896a8ebe7a53d0c5a26b3bc356652e195a660c6b42528f038d27d902de3c,30842,44,2023-05-11 09:15:00+05:30,2023-05-11 15:29:00+05:30,30,50,lot_multiplied,upstox-v3-historical-candle,
2023-05-18,2023-05-18_chain.parquet,51462e9002eb62e22fdda57f3c17dbb34336eb96513c14ad1aa0d39d8be0bd27,30289,43,2023-05-18 09:15:00+05:30,2023-05-18 15:29:00+05:30,30,50,lot_multiplied,upstox-v3-historical-candle,
2023-05-25,2023-05-25_chain.parquet,45841b68d75f2a0cf1bac90baf8e9bf3c5e85d58c651c40bfc38c206002abfe1,32618,44,2023-05-25 09:15:00+05:30,2023-05-25 15:29:00+05:30,30,50,lot_multiplied,upstox-v3-historical-candle,
2023-06-01,2023-06-01_chain.parquet,f0a0120f27401b55fc385baaa82852942027f85479a0c3bcaa470564498fec3f,31522,45,2023-06-01 09:15:00+05:30,2023-06-01 15:29:00+05:30,30,50,lot_multiplied,upstox-v3-historical-candle,
2023-06-08,2023-06-08_chain.parquet,cf5dd04f7b369516308fcac8eda9e33b2e84debfc1efcc698ff95bc62ee7e007,31595,45,2023-06-08 09:15:00+05:30,2023-06-08 15:29:00+05:30,30,50,lot_multiplied,upstox-v3-historical-candle,
2023-06-15,2023-06-15_chain.parquet,1084372bd7f5448ab7061be7edc54f33c5275c8e656e8935d89efe89d86226b2,30270,45,2023-06-15 09:15:00+05:30,2023-06-15 15:29:00+05:30,30,50,lot_multiplied,upstox-v3-historical-candle,
2023-06-22,2023-06-22_chain.parquet,79b4965d4de8f4697108e2b50dbe38a00562f1a7d761dd51f60019c5ea36beb6,31544,46,2023-06-22 09:15:00+05:30,2023-06-22 15:29:00+05:30,30,50,lot_multiplied,upstox-v3-historical-candle,
2023-07-06,2023-07-06_chain.parquet,0437452e6fc9fcab8b1fe2a51d7c99aafeca440787bb5e26f324a8653f5a02b9,32653,47,2023-07-06 09:15:00+05:30,2023-07-06 15:29:00+05:30,30,50,lot_multiplied,upstox-v3-historical-candle,
2023-07-13,2023-07-13_chain.parquet,c8a3acad135be27b086ad936f180b3256f80cac169d7321fa69248db00457ce0,31971,46,2023-07-13 09:15:00+05:30,2023-07-13 15:29:00+05:30,30,50,lot_multiplied,upstox-v3-historical-candle,
2023-07-20,2023-07-20_chain.parquet,0e12308f82eb1ecb5d431b22d1cf20c6dd5c6626b86b6395ce68f400380c5f7b,32317,48,2023-07-20 09:15:00+05:30,2023-07-20 15:29:00+05:30,30,50,lot_multiplied,upstox-v3-historical-candle,
2023-07-27,2023-07-27_chain.parquet,c0cbe1ab954634547315dd32c7fa7388dc991dc18b3a1cb92ffd8d2f401a03ff,34009,47,2023-07-27 09:15:00+05:30,2023-07-27 15:29:00+05:30,30,50,lot_multiplied,upstox-v3-historical-candle,
2023-08-03,2023-08-03_chain.parquet,1457a4aea18baa83049582252b0796e7720342fb2801419d52b668c6bbe0df53,33507,47,2023-08-03 09:15:00+05:30,2023-08-03 15:29:00+05:30,30,50,lot_multiplied,upstox-v3-historical-candle,
2023-08-10,2023-08-10_chain.parquet,86edf35a5d600050bafb9b286c2836bc7a53d3f4ee885ae9c72f131e070b19bb,32040,47,2023-08-10 09:15:00+05:30,2023-08-10 15:29:00+05:30,30,50,lot_multiplied,upstox-v3-historical-candle,
2023-08-17,2023-08-17_chain.parquet,82241616ea3b9dd234d269aa212fe0d561f4e4a314d9f5ab0e73f8f5115131e4,32674,47,2023-08-17 09:15:00+05:30,2023-08-17 15:29:00+05:30,30,50,lot_multiplied,upstox-v3-historical-candle,
2023-08-24,2023-08-24_chain.parquet,9c0d87e6f7d2a2040d6c3b8d6a5be027e39532490c6580218c560666fca39781,32017,47,2023-08-24 09:15:00+05:30,2023-08-24 15:29:00+05:30,30,50,lot_multiplied,upstox-v3-historical-candle,
2023-08-31,2023-08-31_chain.parquet,5c872fa73bdc3ed0a293d012a098d59132018d61ae1366f6c666f4092c178ca9,33575,47,2023-08-31 09:15:00+05:30,2023-08-31 15:29:00+05:30,30,50,lot_multiplied,upstox-v3-historical-candle,
2023-09-07,2023-09-07_chain.parquet,2cc4038809d69e0bfeeb418ac37e3e8ec04863d19b10f16e7b47e0839ad18a36,31492,48,2023-09-07 09:15:00+05:30,2023-09-07 15:29:00+05:30,30,50,lot_multiplied,upstox-v3-historical-candle,
2023-09-14,2023-09-14_chain.parquet,cf9cb28c2b6a252c40d505740ca8ef27c1add554e807f708baeb125926ed4c43,33080,48,2023-09-14 09:15:00+05:30,2023-09-14 15:29:00+05:30,30,50,lot_multiplied,upstox-v3-historical-candle,
2023-09-21,2023-09-21_chain.parquet,00a49eaacb3063fb4f94bbf3a4301ee04f93272d08d133ae35213d27968ac1f2,33887,48,2023-09-21 09:15:00+05:30,2023-09-21 15:29:00+05:30,30,50,lot_multiplied,upstox-v3-historical-candle,
2023-09-28,2023-09-28_chain.parquet,dea2f0ebf269fe2da72f6ca1b6a5a43e1154b3c95249faa625a9cac500b8c1d1,35342,48,2023-09-28 09:15:00+05:30,2023-09-28 15:29:00+05:30,30,50,lot_multiplied,upstox-v3-historical-candle,
2023-10-05,2023-10-05_chain.parquet,2fb12d5db5a5b4014619c4d73d7db5551ce61d9a1492f0168f9fdce7753ad8f4,33019,47,2023-10-05 09:15:00+05:30,2023-10-05 15:29:00+05:30,30,50,lot_multiplied,upstox-v3-historical-candle,
2023-10-12,2023-10-12_chain.parquet,7a97fb262b14efc5c541d9ca6abdc55d79f46298d5524b9ba9306b66e7adb71d,33032,48,2023-10-12 09:15:00+05:30,2023-10-12 15:29:00+05:30,30,50,lot_multiplied,upstox-v3-historical-candle,
2023-10-19,2023-10-19_chain.parquet,7a3e23b011d6ea358823e1e362e52eef4ddae5926e2c586e2ed39fb4e495141f,33724,47,2023-10-19 09:15:00+05:30,2023-10-19 15:29:00+05:30,30,50,lot_multiplied,upstox-v3-historical-candle,
2023-10-26,2023-10-26_chain.parquet,7f7300d38866ce86c1ef698a7e92cad7f2e5f14eaed02704bf5465e80372f881,33526,46,2023-10-26 09:15:00+05:30,2023-10-26 15:29:00+05:30,30,50,lot_multiplied,upstox-v3-historical-candle,
2023-11-02,2023-11-02_chain.parquet,1949f4e3e599cfbcce9d3dfe55d3883db972db9c88aa74431b8755995499800f,33319,46,2023-11-02 09:15:00+05:30,2023-11-02 15:29:00+05:30,30,50,lot_multiplied,upstox-v3-historical-candle,
2023-11-09,2023-11-09_chain.parquet,0314b44226a2b7ea6a18af513e336acbbbaf1543fc2e94a653a5f15944addd14,32033,47,2023-11-09 09:15:00+05:30,2023-11-09 15:29:00+05:30,30,50,lot_multiplied,upstox-v3-historical-candle,
2023-11-16,2023-11-16_chain.parquet,8899fcfe96fc34a43209cbb3d0e6d4836e0e7104c011409fb72d73a683bcc8ba,31517,47,2023-11-16 09:15:00+05:30,2023-11-16 15:29:00+05:30,30,50,lot_multiplied,upstox-v3-historical-candle,
2023-11-23,2023-11-23_chain.parquet,d5a88ede648a9a6e9f307327f9c104302503cdb7cdc26c257e3bb46c320709ff,34544,47,2023-11-23 09:15:00+05:30,2023-11-23 15:29:00+05:30,30,50,lot_multiplied,upstox-v3-historical-candle,
2023-11-30,2023-11-30_chain.parquet,8b5db4c985aff8244c88814ba91a228ccf6e75ef732e70840b172fc0015b8385,33835,48,2023-11-30 09:15:00+05:30,2023-11-30 15:29:00+05:30,30,50,lot_multiplied,upstox-v3-historical-candle,
2023-12-07,2023-12-07_chain.parquet,e2d695dc9d2836d5023d8fd212b4726d24b5a42cd425984f09f505e41fb765a1,33968,50,2023-12-07 09:15:00+05:30,2023-12-07 15:29:00+05:30,30,50,lot_multiplied,upstox-v3-historical-candle,
2023-12-14,2023-12-14_chain.parquet,8a0f70c515156ec5bce437ba29cbe28ee557fef764115200dd44ca4abfb1f24b,36767,51,2023-12-14 09:15:00+05:30,2023-12-14 15:29:00+05:30,30,50,lot_multiplied,upstox-v3-historical-candle,
2023-12-21,2023-12-21_chain.parquet,4397cef9a0c86a66347466299af8274aeb2c0f1d5ef5fedb82f98509651c36f7,37787,51,2023-12-21 09:15:00+05:30,2023-12-21 15:29:00+05:30,30,50,lot_multiplied,upstox-v3-historical-candle,
2023-12-28,2023-12-28_chain.parquet,099c2dfdd22a078ce21ce8a70dd29c44679b59d05444c337b30bb19c1adcb8d6,36684,52,2023-12-28 09:15:00+05:30,2023-12-28 15:29:00+05:30,30,50,lot_multiplied,upstox-v3-historical-candle,
2024-01-04,2024-01-04_chain.parquet,fe0dab59925effc9c04489b26ddd7f8bb25a6b3d2c53ac4ac32a8e37e9a6f996,37828,52,2024-01-04 09:15:00+05:30,2024-01-04 15:29:00+05:30,30,50,lot_multiplied,upstox-v3-historical-candle,
2024-01-11,2024-01-11_chain.parquet,566694dd18966aec2baa6d41e98ce5c30ed328425892c6dea643753f2381faf3,36279,53,2024-01-11 09:15:00+05:30,2024-01-11 15:29:00+05:30,30,50,lot_multiplied,upstox-v3-historical-candle,
2024-01-18,2024-01-18_chain.parquet,e915812a85a4fe745ac5567b94d754c4bc1871fe1dd17cb5484ea7aa1d19fb81,38083,52,2024-01-18 09:15:00+05:30,2024-01-18 15:29:00+05:30,30,50,lot_multiplied,upstox-v3-historical-candle,
2024-01-25,2024-01-25_chain.parquet,180bd0bfbe245dd27a75cdc295933042ef3aeb190727b269c5c9c29f87487f10,36963,51,2024-01-25 09:15:00+05:30,2024-01-25 15:29:00+05:30,30,50,lot_multiplied,upstox-v3-historical-candle,
2024-02-01,2024-02-01_chain.parquet,19dbe6f6bfd72c2405e7dcb744a2be8365cef85447572bb77bef7705c3f50813,38247,52,2024-02-01 09:15:00+05:30,2024-02-01 15:29:00+05:30,30,50,lot_multiplied,upstox-v3-historical-candle,
2024-02-08,2024-02-08_chain.parquet,dd434f0014a6b3b346eac2b168839abb4060c9576987de86c2c59dec5361554a,36199,53,2024-02-08 09:15:00+05:30,2024-02-08 15:29:00+05:30,30,50,lot_multiplied,upstox-v3-historical-candle,
2024-02-15,2024-02-15_chain.parquet,f6c8a271da3036846ecbf9d0f370fc037e3c37fd765d32ff71e61fc9518314bb,36142,53,2024-02-15 09:15:00+05:30,2024-02-15 15:29:00+05:30,30,50,lot_multiplied,upstox-v3-historical-candle,
2024-02-22,2024-02-22_chain.parquet,b2fbcbd843f16eb88e5c3e244c8452019c7f0bb2c9e1a25b127fbba0bfaae2d5,36207,53,2024-02-22 09:15:00+05:30,2024-02-22 15:29:00+05:30,30,50,lot_multiplied,upstox-v3-historical-candle,
2024-02-29,2024-02-29_chain.parquet,d4cd8599bda749b71e0b96232cdcf52fb2f9c39f0d04eb940fc11ad51e159ca1,38832,53,2024-02-29 09:15:00+05:30,2024-02-29 15:29:00+05:30,30,50,lot_multiplied,upstox-v3-historical-candle,
2024-03-07,2024-03-07_chain.parquet,ed3a4617da881dcfeda31e83bc0d22d898610ea8b23a370e907599591475991c,37434,54,2024-03-07 09:15:00+05:30,2024-03-07 15:29:00+05:30,30,50,lot_multiplied,upstox-v3-historical-candle,
2024-03-14,2024-03-14_chain.parquet,2df5ce3ec91732c1d60a9a2bf45f7e63bc97aff19acd46c7206fa400819d9644,37467,53,2024-03-14 09:15:00+05:30,2024-03-14 15:29:00+05:30,30,50,lot_multiplied,upstox-v3-historical-candle,
2024-03-21,2024-03-21_chain.parquet,e725e8c97cee6f38d5544dd33f9ecb7c3b36a97da54cb6e3d4904e6e8ce129d9,36634,53,2024-03-21 09:15:00+05:30,2024-03-21 15:29:00+05:30,30,50,lot_multiplied,upstox-v3-historical-candle,
2024-03-28,2024-03-28_chain.parquet,6a370c6b6b1f116359a36ad6fc79797e882bcc37c852d3ae5b741c799eb502da,37107,53,2024-03-28 09:15:00+05:30,2024-03-28 15:29:00+05:30,30,50,lot_multiplied,upstox-v3-historical-candle,
2024-04-04,2024-04-04_chain.parquet,241ece4d059efc6256f30e55b0855536ae4e481ba90a06a1ac414f3d2181ac59,35828,54,2024-04-04 09:15:00+05:30,2024-04-04 15:29:00+05:30,30,50,lot_multiplied,upstox-v3-historical-candle,
2024-04-10,2024-04-10_chain.parquet,f78737cefb3cf74726f6361d93174edb2f4f43ef1aeb67349b02c742d99330ff,36056,54,2024-04-10 09:15:00+05:30,2024-04-10 15:29:00+05:30,30,50,lot_multiplied,upstox-v3-historical-candle,
2024-04-18,2024-04-18_chain.parquet,7011243acb855ae6a794633ce22f9e43d5bab325ea814ec901b65b158d691e00,39650,54,2024-04-18 09:15:00+05:30,2024-04-18 15:29:00+05:30,30,50,lot_multiplied,upstox-v3-historical-candle,
2024-04-25,2024-04-25_chain.parquet,92b75a8a1c3f2fd521219e73ca699a580d945739b590d3d2b40f367c72d25d2f,39100,53,2024-04-25 09:15:00+05:30,2024-04-25 15:29:00+05:30,30,50,lot_multiplied,upstox-v3-historical-candle,
2024-05-02,2024-05-02_chain.parquet,6142b37a26d0275909a91a064c54e14af78816b56787d3e3d4f6a10caa9947f9,37842,54,2024-05-02 09:15:00+05:30,2024-05-02 15:29:00+05:30,30,25,lot_multiplied,upstox-v3-historical-candle,
2024-05-09,2024-05-09_chain.parquet,a1c51ebc02cb39147d2680e4c69c496914ddb337ec4699e3195411d5e69d8fc0,38637,54,2024-05-09 09:15:00+05:30,2024-05-09 15:29:00+05:30,30,25,lot_multiplied,upstox-v3-historical-candle,
2024-05-16,2024-05-16_chain.parquet,4a2dc1c56e8347e48fb780beb259a85d6384d4f71cbca09b9b21334258fe38fd,38635,54,2024-05-16 09:15:00+05:30,2024-05-16 15:29:00+05:30,30,25,lot_multiplied,upstox-v3-historical-candle,
2024-05-23,2024-05-23_chain.parquet,1ae32d25ea4af706c3463b9a3c0e68668877424008b2e15a104ae79089a53960,39178,54,2024-05-23 09:15:00+05:30,2024-05-23 15:29:00+05:30,30,25,lot_multiplied,upstox-v3-historical-candle,
2024-05-30,2024-05-30_chain.parquet,1c5ab0bacbae6897247ce02acef8c7699f916a363d88e95e83683edff6c2f9ee,39862,55,2024-05-30 09:15:00+05:30,2024-05-30 15:29:00+05:30,30,25,lot_multiplied,upstox-v3-historical-candle,
2024-06-06,2024-06-06_chain.parquet,81582aafc7f0b886c98bd7d9080d791db5f7743d5117bcc912d55cabeddb53cc,40585,55,2024-06-06 09:15:00+05:30,2024-06-06 15:29:00+05:30,30,25,lot_multiplied,upstox-v3-historical-candle,
2024-06-13,2024-06-13_chain.parquet,59d11faa28439a9958a2ecf5ca979cb4a1dbfdef1eacbd52a6a7cb855844eaec,40493,57,2024-06-13 09:15:00+05:30,2024-06-13 15:29:00+05:30,30,25,lot_multiplied,upstox-v3-historical-candle,
2024-06-20,2024-06-20_chain.parquet,e6d5bb72c27c560bfff88546666b5fa6b5e2f1b8a0e1204b4097542b462f2244,41108,57,2024-06-20 09:15:00+05:30,2024-06-20 15:29:00+05:30,30,25,lot_multiplied,upstox-v3-historical-candle,
2024-06-27,2024-06-27_chain.parquet,079a88d5a1391261f5678a8d4a2f031f724d94b15398e842af3217bd3f6a40da,41996,57,2024-06-27 09:15:00+05:30,2024-06-27 15:29:00+05:30,30,25,lot_multiplied,upstox-v3-historical-candle,
2024-07-04,2024-07-04_chain.parquet,4cab5cf0fa12b2809085e5427c9c1d9065c827f3f3aa4119e803323cf16601be,40457,59,2024-07-04 09:15:00+05:30,2024-07-04 15:29:00+05:30,30,25,lot_multiplied,upstox-v3-historical-candle,
2024-07-11,2024-07-11_chain.parquet,a6c3a0ef902f1605844a793148a509e7a14d9cb0739264e1edac989e37ab63c5,40540,59,2024-07-11 09:15:00+05:30,2024-07-11 15:29:00+05:30,30,25,lot_multiplied,upstox-v3-historical-candle,
2024-07-18,2024-07-18_chain.parquet,aaadad5db8990ee8d911c22f2a517736d61b93b08bfc94722c57517e3e57b62f,41318,59,2024-07-18 09:15:00+05:30,2024-07-18 15:29:00+05:30,30,25,lot_multiplied,upstox-v3-historical-candle,
2024-07-25,2024-07-25_chain.parquet,efdc4dc6adcdfa69084802ef0fd2da47e32d99fade2c239c333ab2a419e3b3b1,42509,58,2024-07-25 09:15:00+05:30,2024-07-25 15:29:00+05:30,30,25,lot_multiplied,upstox-v3-historical-candle,
2024-08-01,2024-08-01_chain.parquet,b8f656a2d911acb40efdde41de04db5316ad3a130e28c25adac3f1183374bb7b,41461,60,2024-08-01 09:15:00+05:30,2024-08-01 15:29:00+05:30,30,25,lot_multiplied,upstox-v3-historical-candle,
2024-08-08,2024-08-08_chain.parquet,39a752cc853edb8bcf3d14f31d99512ce0c6c15bde102e65472a180102ce3407,42407,58,2024-08-08 09:15:00+05:30,2024-08-08 15:29:00+05:30,30,25,lot_multiplied,upstox-v3-historical-candle,
2024-08-14,2024-08-14_chain.parquet,2469eb51c599decdc880ae6c5d2bc14dc1ff5d8d6ccbd5dad226f0114904c5ef,41309,58,2024-08-14 09:15:00+05:30,2024-08-14 15:29:00+05:30,30,25,lot_multiplied,upstox-v3-historical-candle,
2024-08-22,2024-08-22_chain.parquet,a330a1e5018aa61f583f3ef88872b0a5a848b75262df6d8eab13b8d7bf3e1c59,40634,59,2024-08-22 09:15:00+05:30,2024-08-22 15:29:00+05:30,30,25,lot_multiplied,upstox-v3-historical-candle,
2024-08-29,2024-08-29_chain.parquet,176f1786700bd93d683a3c62b005d0c39c8d30e8b8f7fa9414c37bc7b5267cab,42420,60,2024-08-29 09:15:00+05:30,2024-08-29 15:29:00+05:30,30,25,lot_multiplied,upstox-v3-historical-candle,
2024-09-05,2024-09-05_chain.parquet,68f11e79edace8e8433771ed9d813209766f004e9df62b70dc6d43315afefa21,42432,61,2024-09-05 09:15:00+05:30,2024-09-05 15:29:00+05:30,30,25,lot_multiplied,upstox-v3-historical-candle,
2024-09-12,2024-09-12_chain.parquet,859548327d063138c01f74b6d20bc7cc83dc0e1a66f036d988a4166f64bc3e6f,42438,60,2024-09-12 09:15:00+05:30,2024-09-12 15:29:00+05:30,30,25,lot_multiplied,upstox-v3-historical-candle,
2024-09-19,2024-09-19_chain.parquet,f87804035ecf208344687001d2cb301484410a57f09c7ce7f3c77cb74b3b5330,41853,61,2024-09-19 09:15:00+05:30,2024-09-19 15:29:00+05:30,30,25,lot_multiplied,upstox-v3-historical-candle,
2024-09-26,2024-09-26_chain.parquet,b53c0ae6c0f85b2175060711920cd3b40b5af49b0c16a569c781181f5f584d8a,44178,62,2024-09-26 09:15:00+05:30,2024-09-26 15:29:00+05:30,30,25,lot_multiplied,upstox-v3-historical-candle,
2024-10-03,2024-10-03_chain.parquet,5e41ec89551434ac4d81010186110c1f58e3d1ba8db49b2046f003a81972815b,44162,62,2024-10-03 09:15:00+05:30,2024-10-03 15:29:00+05:30,30,25,lot_multiplied,upstox-v3-historical-candle,
2024-10-10,2024-10-10_chain.parquet,9cf36b9de56b5818a65cf9d75db068513e7030044e878810d2ca09e98cea5921,42723,60,2024-10-10 09:15:00+05:30,2024-10-10 15:29:00+05:30,30,25,lot_multiplied,upstox-v3-historical-candle,
2024-10-17,2024-10-17_chain.parquet,60d345c41252fb3eeba6be917ff749fe558dbc7a98540ad257ee217d11ce1370,42871,60,2024-10-17 09:15:00+05:30,2024-10-17 15:29:00+05:30,30,25,lot_multiplied,upstox-v3-historical-candle,
2024-10-24,2024-10-24_chain.parquet,61c39da09790e4f01e399cd1b4a2557a18f04ecd649d9555e81e551f2bb35deb,41521,59,2024-10-24 09:15:00+05:30,2024-10-24 15:29:00+05:30,30,25,lot_multiplied,upstox-v3-historical-candle,
2024-10-31,2024-10-31_chain.parquet,df7be481c76346b69040318a58cf3c69ffbded1b421d637c370d059eee685717,42396,59,2024-10-31 09:15:00+05:30,2024-10-31 15:29:00+05:30,30,25,lot_multiplied,upstox-v3-historical-candle,
2024-11-07,2024-11-07_chain.parquet,3fbcca099532d5c69ebc1f15bda4624239c932640e0f7b9c1c0a488fcd043834,43333,59,2024-11-07 09:15:00+05:30,2024-11-07 15:29:00+05:30,30,25,lot_multiplied,upstox-v3-historical-candle,
2024-11-14,2024-11-14_chain.parquet,866f50c2b6e2e61b6564d989fde847137c86f269ee67736b9905a5aa175b694c,42299,57,2024-11-14 09:15:00+05:30,2024-11-14 15:29:00+05:30,30,25,lot_multiplied,upstox-v3-historical-candle,
2024-11-21,2024-11-21_chain.parquet,55391b443a385683faf8227e72278ee2944c3a4a775276fec0a29dbca8a2e4a1,41346,57,2024-11-21 09:15:00+05:30,2024-11-21 15:29:00+05:30,30,25,lot_multiplied,upstox-v3-historical-candle,
2024-11-28,2024-11-28_chain.parquet,4979271a5811fbca3e3d0dc3e94e8100bcb315fa8f726d5e7891d121c2790f8e,43187,58,2024-11-28 09:15:00+05:30,2024-11-28 15:29:00+05:30,30,25,lot_multiplied,upstox-v3-historical-candle,
2024-12-05,2024-12-05_chain.parquet,451ffd4fd9033109557e1594587aeea10e351f22fbb775f4825f8405249b6158,42524,59,2024-12-05 09:15:00+05:30,2024-12-05 15:29:00+05:30,30,25,lot_multiplied,upstox-v3-historical-candle,
2024-12-12,2024-12-12_chain.parquet,34a5d87a66c37c7ce6cde79f81e2f6378f97af886f246c91e3c857a174acaca1,43970,60,2024-12-12 09:15:00+05:30,2024-12-12 15:29:00+05:30,30,25,lot_multiplied,upstox-v3-historical-candle,
2024-12-19,2024-12-19_chain.parquet,9e42e0e901ccd9b640566bd43128a50c0b51bf0005876eb3d20ac43c8167ebe7,41788,57,2024-12-19 09:15:00+05:30,2024-12-19 15:29:00+05:30,30,25,lot_multiplied,upstox-v3-historical-candle,
2024-12-26,2024-12-26_chain.parquet,fc06c9a8eb65bb873621e0e0f15e73fdaa9c6f258d0dd0f99f42d60c6943dcb0,42029,57,2024-12-26 09:15:00+05:30,2024-12-26 15:29:00+05:30,30,25,lot_multiplied,upstox-v3-historical-candle,
2025-01-02,2025-01-02_chain.parquet,926e82c453b6bc8dc7db25f0e9cb717d519896cf6fdebe67e3172ca781221598,40736,57,2025-01-02 09:15:00+05:30,2025-01-02 15:29:00+05:30,30,75,lot_multiplied,upstox-v3-historical-candle,
2025-01-09,2025-01-09_chain.parquet,ab2ce75579a66784b01b90476a6ff2b1dca4164ee70c83f771540d30414067b9,40392,57,2025-01-09 09:15:00+05:30,2025-01-09 15:29:00+05:30,30,75,lot_multiplied,upstox-v3-historical-candle,
2025-01-16,2025-01-16_chain.parquet,3299cf06f87f37a895733b1504b1c2a24efabeacb91f1856f80d10971b06ec6b,38370,56,2025-01-16 09:15:00+05:30,2025-01-16 15:29:00+05:30,30,75,lot_multiplied,upstox-v3-historical-candle,
2025-01-23,2025-01-23_chain.parquet,0e61a9d040a57eaf5b6456790bff0d6d7d9e6a4fa25e7263a503ef6d3456fa3b,38320,55,2025-01-23 09:15:00+05:30,2025-01-23 15:29:00+05:30,30,75,lot_multiplied,upstox-v3-historical-candle,
2025-01-30,2025-01-30_chain.parquet,8227a1ea4cd57b1f34a5b7c625c316f7069888c9ee65546fa4bff5a97245a301,40429,56,2025-01-30 09:15:00+05:30,2025-01-30 15:29:00+05:30,30,25,lot_multiplied,upstox-v3-historical-candle,
2025-02-06,2025-02-06_chain.parquet,3000c4b5b9e4df4988987d72df104b737a5d5a9aa5964189337903743537efcf,39512,57,2025-02-06 09:15:00+05:30,2025-02-06 15:29:00+05:30,30,75,lot_multiplied,upstox-v3-historical-candle,
2025-02-13,2025-02-13_chain.parquet,397472083d4548723a0664acdb5959ba48290def9c9a60bb0b7051c8c7e0b938,40057,56,2025-02-13 09:15:00+05:30,2025-02-13 15:29:00+05:30,30,75,lot_multiplied,upstox-v3-historical-candle,
2025-02-20,2025-02-20_chain.parquet,d3d72f3b958f09ebc5fb337bb6fb3f00ee1d5eeeb743c71363911ca771b328e2,37766,55,2025-02-20 09:15:00+05:30,2025-02-20 15:29:00+05:30,30,75,lot_multiplied,upstox-v3-historical-candle,
2025-02-27,2025-02-27_chain.parquet,619a8a63883ca5fddb9cdaa9d838166c9d086b3ca89329af58edd7b5a3f2a42e,37696,54,2025-02-27 09:15:00+05:30,2025-02-27 15:29:00+05:30,30,75,lot_multiplied,upstox-v3-historical-candle,
2025-03-06,2025-03-06_chain.parquet,49b99a32657aa2e88df6de2938ae0a4b0f2e3c3e4ca638f9502999d03fb82e29,39071,54,2025-03-06 09:15:00+05:30,2025-03-06 15:29:00+05:30,30,75,lot_multiplied,upstox-v3-historical-candle,
2025-03-13,2025-03-13_chain.parquet,d399b1227121e0e8a3d2876c39e10b0570908a7e6995adedb20c2fa34b5dd1e8,38843,54,2025-03-13 09:15:00+05:30,2025-03-13 15:29:00+05:30,30,75,lot_multiplied,upstox-v3-historical-candle,
2025-03-20,2025-03-20_chain.parquet,57c75eb5f13e7902cadb20eb624e7f62f74a147e6820bf8687ed6afa65db8a48,39732,55,2025-03-20 09:15:00+05:30,2025-03-20 15:29:00+05:30,30,75,lot_multiplied,upstox-v3-historical-candle,
2025-03-27,2025-03-27_chain.parquet,589a1414c5bb28abfc9d42e3e509578e98e38113c03e9e603cec1090df77b37e,41230,56,2025-03-27 09:15:00+05:30,2025-03-27 15:29:00+05:30,30,75,lot_multiplied,upstox-v3-historical-candle,
2025-04-03,2025-04-03_chain.parquet,417adde35c97a9e09d4518a8d1e604155873bb0e26d9301641ace3a554c1e417,40599,56,2025-04-03 09:15:00+05:30,2025-04-03 15:29:00+05:30,30,75,lot_multiplied,upstox-v3-historical-candle,
2025-04-09,2025-04-09_chain.parquet,5777f54142dcaca5e643d3420d470bd425a8d2452298fb4276b75333a108ac81,39685,54,2025-04-09 09:15:00+05:30,2025-04-09 15:29:00+05:30,30,75,lot_multiplied,upstox-v3-historical-candle,
2025-04-17,2025-04-17_chain.parquet,17336f1d3917fc7dad02dcd641e9ac0fa7fc6b799b5878e315c704315d8198eb,40992,57,2025-04-17 09:15:00+05:30,2025-04-17 15:29:00+05:30,30,75,lot_multiplied,upstox-v3-historical-candle,
2025-04-24,2025-04-24_chain.parquet,863f23a844588c72b89a4d5226b0728358b95375ed2bd7d46b4217f7608b6a6e,40319,58,2025-04-24 09:15:00+05:30,2025-04-24 15:29:00+05:30,30,75,lot_multiplied,upstox-v3-historical-candle,
2025-04-30,2025-04-30_chain.parquet,40b699027e1a58332d36dc0d24af1fd95872ea87e6f1dc5f480f19d00575ab8f,40480,58,2025-04-30 09:15:00+05:30,2025-04-30 15:29:00+05:30,30,75,lot_multiplied,upstox-v3-historical-candle,
2025-05-08,2025-05-08_chain.parquet,f640f6ad455c9ef3ae229e8b847e73e506687797f20ec4d536bfa40c7a116cca,41477,59,2025-05-08 09:15:00+05:30,2025-05-08 15:29:00+05:30,30,75,lot_multiplied,upstox-v3-historical-candle,
2025-05-15,2025-05-15_chain.parquet,88e055e5879b9e3f461629828307030b7ad2f4ba4c5b8542e5803bfb23aeabc9,41462,59,2025-05-15 09:15:00+05:30,2025-05-15 15:29:00+05:30,30,75,lot_multiplied,upstox-v3-historical-candle,
2025-05-22,2025-05-22_chain.parquet,5b02fda17909aa88b6b8ecbcf0237fb37f64dfc7a070f62e5a4b31aec8b3b02e,41842,59,2025-05-22 09:15:00+05:30,2025-05-22 15:29:00+05:30,30,75,lot_multiplied,upstox-v3-historical-candle,
2025-05-29,2025-05-29_chain.parquet,1ebbcb107620220fa0b108fda8a578507b764ca4f9a8243028b1771fd33c04b7,42835,59,2025-05-29 09:15:00+05:30,2025-05-29 15:29:00+05:30,30,75,lot_multiplied,upstox-v3-historical-candle,
2025-06-05,2025-06-05_chain.parquet,00f270c6cc6955d16370bce102a89d64dcce5063f471391a5b50efcec38c29ee,42575,59,2025-06-05 09:15:00+05:30,2025-06-05 15:29:00+05:30,30,75,lot_multiplied,upstox-v3-historical-candle,
2025-06-12,2025-06-12_chain.parquet,60584ba20f2b34f58c92936f3150068698b8b5f9c45fc626ec1abcb5c88021e4,41402,61,2025-06-12 09:15:00+05:30,2025-06-12 15:29:00+05:30,30,75,lot_multiplied,upstox-v3-historical-candle,
2025-06-19,2025-06-19_chain.parquet,b36ff423117857afe9ce04f3d4b3728081de1db6709fe70ec555d1a936204eb2,41000,59,2025-06-19 09:15:00+05:30,2025-06-19 15:29:00+05:30,30,75,lot_multiplied,upstox-v3-historical-candle,
2025-06-26,2025-06-26_chain.parquet,a48f36deb1f51ecdf63281ef428f6309a7be37f11f270a25e607bda68282cd33,44337,61,2025-06-26 09:15:00+05:30,2025-06-26 15:29:00+05:30,30,75,lot_multiplied,upstox-v3-historical-candle,
2025-07-03,2025-07-03_chain.parquet,444317e1838644e8b5027916e17fcd0628ef946c5ec47d6f5a49fd756a3b9c54,42378,61,2025-07-03 09:15:00+05:30,2025-07-03 15:29:00+05:30,30,75,lot_multiplied,upstox-v3-historical-candle,
2025-07-10,2025-07-10_chain.parquet,40394eca9948b1a560315098ffba9465fad084911e2033d5fbfca380114aec43,40592,61,2025-07-10 09:15:00+05:30,2025-07-10 15:29:00+05:30,30,75,lot_multiplied,upstox-v3-historical-candle,
2025-07-17,2025-07-17_chain.parquet,1a5d801ba6fabf88c0e7150dce0f48b7612ca5ba94f5f527f11613ccbbad60ba,41733,61,2025-07-17 09:15:00+05:30,2025-07-17 15:29:00+05:30,30,75,lot_multiplied,upstox-v3-historical-candle,
2025-07-24,2025-07-24_chain.parquet,964c07a4930dbb0cbaea4e0922f123928661f35a58811c9acb1f12c6dabda0af,40630,61,2025-07-24 09:15:00+05:30,2025-07-24 15:29:00+05:30,30,75,lot_multiplied,upstox-v3-historical-candle,
2025-07-31,2025-07-31_chain.parquet,38f743c6a0da8c16d52c432e7fc1aa2592a9b42b741e59e85ca6d4487bf30f73,43231,59,2025-07-31 09:15:00+05:30,2025-07-31 15:29:00+05:30,30,75,lot_multiplied,upstox-v3-historical-candle,
2025-08-07,2025-08-07_chain.parquet,03ef7257d046440bca8fef505bb574cb91cb0db19e83342f17fdc53f5a4b179b,42304,59,2025-08-07 09:15:00+05:30,2025-08-07 15:29:00+05:30,30,75,lot_multiplied,upstox-v3-historical-candle,
2025-08-14,2025-08-14_chain.parquet,ed8e5e01c9729f6cd675f91899bfc58e7fca8872ff3bd07bb6d81f62b2f45aac,41039,59,2025-08-14 09:15:00+05:30,2025-08-14 15:29:00+05:30,30,75,lot_multiplied,upstox-v3-historical-candle,
2025-08-21,2025-08-21_chain.parquet,7fd01e65be75268c43312a2dadea857870e6e409202e05bfffe664ebdc46df6b,40158,60,2025-08-21 09:15:00+05:30,2025-08-21 15:29:00+05:30,30,75,lot_multiplied,upstox-v3-historical-candle,
2025-08-28,2025-08-28_chain.parquet,65c31a35baa1cd99c783f518b4355832b7c56bd4a91993d6a3e36766684c24f3,43104,59,2025-08-28 09:15:00+05:30,2025-08-28 15:29:00+05:30,30,75,lot_multiplied,upstox-v3-historical-candle,
2025-09-02,2025-09-02_chain.parquet,7a9401e1aff63bbf9fa303df38258e6b18eecef91adac99915a3f1ae7a9bb727,41286,60,2025-09-02 09:15:00+05:30,2025-09-02 15:29:00+05:30,30,75,lot_multiplied,upstox-v3-historical-candle,
2025-09-09,2025-09-09_chain.parquet,e1cb3b8ca30de48b3ea917220f4cc9473fc3180d232e2681a0ce79b94e677db8,40700,59,2025-09-09 09:15:00+05:30,2025-09-09 15:29:00+05:30,30,75,lot_multiplied,upstox-v3-historical-candle,
2025-09-16,2025-09-16_chain.parquet,bfedc7c14702d1a03522842c769fb31b609041293bd17a944aeb809bcfdbaa1a,40690,60,2025-09-16 09:15:00+05:30,2025-09-16 15:29:00+05:30,30,75,lot_multiplied,upstox-v3-historical-candle,
2025-09-23,2025-09-23_chain.parquet,5b194b5a78f260b6ce2ce36888cea22b12bd7d77485a53cfd276abd4c308c772,41598,61,2025-09-23 09:15:00+05:30,2025-09-23 15:29:00+05:30,30,75,lot_multiplied,upstox-v3-historical-candle,
2025-09-30,2025-09-30_chain.parquet,0248a1914b791e961e39c00dcbdd835c95dc2bf1cbc353cca7127604e4ef5c12,42205,60,2025-09-30 09:15:00+05:30,2025-09-30 15:29:00+05:30,30,75,lot_multiplied,upstox-v3-historical-candle,
2025-10-07,2025-10-07_chain.parquet,c3901a7f6d2a4a69b6b1f39486bcbfb79e1c02f0342c2557cd8fd4256358ff18,42638,61,2025-10-07 09:15:00+05:30,2025-10-07 15:29:00+05:30,30,75,lot_multiplied,upstox-v3-historical-candle,
2025-10-14,2025-10-14_chain.parquet,64f93c975a20c5f414e7b7a404bc3b914f4e29b3f52b0d5d1179600b8f125cf5,40790,61,2025-10-14 09:15:00+05:30,2025-10-14 15:29:00+05:30,30,75,lot_multiplied,upstox-v3-historical-candle,
2025-10-20,2025-10-20_chain.parquet,81237535372ba24409383320ca1ab59b1de3749026a2aecbadbf84df110ec80c,40876,61,2025-10-20 09:15:00+05:30,2025-10-20 15:29:00+05:30,30,75,lot_multiplied,upstox-v3-historical-candle,
2025-10-28,2025-10-28_chain.parquet,201845d923fa6d803c4f4c3dc5096b1dce2b4f0d0d1f6eed6e3f688bfbf481a0,44666,62,2025-10-28 09:15:00+05:30,2025-10-28 15:29:00+05:30,30,75,lot_multiplied,upstox-v3-historical-candle,
2025-11-04,2025-11-04_chain.parquet,ff7478fdb3ecd44ee5577dbba6e2403649d3941ff087c3a88d97f55856451d7e,44070,63,2025-11-04 09:15:00+05:30,2025-11-04 15:29:00+05:30,30,75,lot_multiplied,upstox-v3-historical-candle,
2025-11-11,2025-11-11_chain.parquet,8493d81e1c90caacd4a3d1e79ba6b5403dafb9f7912963a7a77b6138d89bd731,43132,62,2025-11-11 09:15:00+05:30,2025-11-11 15:29:00+05:30,30,75,lot_multiplied,upstox-v3-historical-candle,
2025-11-18,2025-11-18_chain.parquet,0556f8deafa6c14f2f2d7c8edb36ac0271d256989b9f8eb689aae1c2ff214366,41510,62,2025-11-18 09:15:00+05:30,2025-11-18 15:29:00+05:30,30,75,lot_multiplied,upstox-v3-historical-candle,
2025-11-25,2025-11-25_chain.parquet,66305be3db6bc063485c90f0043801a397dab7b3104524d6b2c9477d56e6bfe4,45072,63,2025-11-25 09:15:00+05:30,2025-11-25 15:29:00+05:30,30,75,lot_multiplied,upstox-v3-historical-candle,
2025-12-02,2025-12-02_chain.parquet,dc50f11d88522ecace874bc44a268c9630983f7b0c644d587861ac0393239436,44550,64,2025-12-02 09:15:00+05:30,2025-12-02 15:29:00+05:30,30,75,lot_multiplied,upstox-v3-historical-candle,
2025-12-09,2025-12-09_chain.parquet,8b09710ccecba84632f95de63432be0e8d7637e2ea862f6b1bcba46e95cd4070,44149,62,2025-12-09 09:15:00+05:30,2025-12-09 15:29:00+05:30,30,75,lot_multiplied,upstox-v3-historical-candle,
2025-12-16,2025-12-16_chain.parquet,f5d91e01d40b4f1de9eef5035aaf88e881defeba8e6c6daf652d6fee84606b2f,41918,62,2025-12-16 09:15:00+05:30,2025-12-16 15:29:00+05:30,30,75,lot_multiplied,upstox-v3-historical-candle,
2025-12-23,2025-12-23_chain.parquet,2407dc04ec09cd0beffa0090f31d48b72f1874488a46b340e3220c5c3b2142fe,43261,63,2025-12-23 09:15:00+05:30,2025-12-23 15:29:00+05:30,30,75,lot_multiplied,upstox-v3-historical-candle,
2026-01-06,2026-01-06_chain.parquet,9d832cd6c1652b13b0e8d022763d6fce56685356d982e612ac6f8a461cecd3d2,43671,64,2026-01-06 09:15:00+05:30,2026-01-06 15:29:00+05:30,30,65,lot_multiplied,upstox-v3-historical-candle,
2026-01-13,2026-01-13_chain.parquet,c81144968313580bf058914ee7417fc372534629ff5ce56e3812d404977cad4c,43906,63,2026-01-13 09:15:00+05:30,2026-01-13 15:29:00+05:30,30,65,lot_multiplied,upstox-v3-historical-candle,
2026-01-20,2026-01-20_chain.parquet,1cc78c5a01a989205ec9e3d77690798b5305403e4edd3aaeab94221e9684836d,42806,62,2026-01-20 09:15:00+05:30,2026-01-20 15:29:00+05:30,30,65,lot_multiplied,upstox-v3-historical-candle,
2026-01-27,2026-01-27_chain.parquet,59f8b8581d514223d151e88b4d9a3a95764b5592d80c40224add94ca96d278dc,44130,60,2026-01-27 09:15:00+05:30,2026-01-27 15:29:00+05:30,30,65,lot_multiplied,upstox-v3-historical-candle,
2026-02-03,2026-02-03_chain.parquet,b2ce59bec1b09a2f59ff1171ddb7ec0a2c8e2684abb1751d2eecd6038804f681,44945,62,2026-02-03 09:15:00+05:30,2026-02-03 15:29:00+05:30,30,65,lot_multiplied,upstox-v3-historical-candle,
2026-02-10,2026-02-10_chain.parquet,4a71ae556d149647a6f2961fedc3e7993c5e3ff6c2d9b23a03a073e2c4c75a56,43403,62,2026-02-10 09:15:00+05:30,2026-02-10 15:29:00+05:30,30,65,lot_multiplied,upstox-v3-historical-candle,
2026-02-17,2026-02-17_chain.parquet,35633dda378fc18a4393920cd94705440ffa43b6ef8db5d7e0c68eaa13b0d5df,44316,62,2026-02-17 09:15:00+05:30,2026-02-17 15:29:00+05:30,30,65,lot_multiplied,upstox-v3-historical-candle,
2026-02-24,2026-02-24_chain.parquet,ec3e47b9987485141fa3af22a66b62cf6c96c8242544071a9c006f59a8f8ec1b,43655,61,2026-02-24 09:15:00+05:30,2026-02-24 15:29:00+05:30,30,65,lot_multiplied,upstox-v3-historical-candle,
2026-03-02,2026-03-02_chain.parquet,4601289be365235c50e5cc3071b7736f98f5ae3951ff0747e3e52bfbb1ae87a9,43812,60,2026-03-02 09:15:00+05:30,2026-03-02 15:29:00+05:30,30,65,lot_multiplied,upstox-v3-historical-candle,
2026-03-10,2026-03-10_chain.parquet,5fec1488ee48f238ce4629dad160581e5f0d2108c952db6b16cdbdca221481c3,42443,58,2026-03-10 09:15:00+05:30,2026-03-10 15:29:00+05:30,30,65,lot_multiplied,upstox-v3-historical-candle,
2026-03-17,2026-03-17_chain.parquet,4896042c090729417d3eaf7f6460bf91665967e129ecc13d4234ab175cfd94b5,41829,56,2026-03-17 09:15:00+05:30,2026-03-17 15:29:00+05:30,30,65,lot_multiplied,upstox-v3-historical-candle,
2026-03-24,2026-03-24_chain.parquet,73d5589beac0b8b04ed7edc674f7df256ce7f95828001e0e1bb34c55f70dc116,41058,55,2026-03-24 09:15:00+05:30,2026-03-24 15:29:00+05:30,30,65,lot_multiplied,upstox-v3-historical-candle,
2026-03-30,2026-03-30_chain.parquet,606e5519925fe692235142583e208eb730bb7a12dc974cdc7a70806a08782ceb,38601,54,2026-03-30 09:15:00+05:30,2026-03-30 15:29:00+05:30,30,65,lot_multiplied,upstox-v3-historical-candle,
2026-04-07,2026-04-07_chain.parquet,bee00ffa71c1293775358127256a1b02b65ea6c9d1e65b30fe6ae5fb7e0f5030,40843,55,2026-04-07 09:15:00+05:30,2026-04-07 15:29:00+05:30,30,65,lot_multiplied,upstox-v3-historical-candle,
2026-04-13,2026-04-13_chain.parquet,bdbb2aac17e46b8e2b43b538ea9bc03184576ac0f5220f3e3066a0c73559b769,42126,57,2026-04-13 09:15:00+05:30,2026-04-13 15:29:00+05:30,30,65,lot_multiplied,upstox-v3-historical-candle,
