und,test,fam,d,claimed_des,placebo_des,n_claimed_des,diff_des,p_des,q_bh_des,claimed_hold,placebo_hold,n_claimed_hold,diff_hold,p_hold,q_bh_hold,pund,diff_px,p_px,q_px,n_px,diff_dtick,p_dtick,q_bh_dtick,diff_htick,p_htick,q_bh_htick,matters,matters_tick
CRUDEOIL,reversal,FIBPIV,0.001,0.3058823529411765,0.3749267721148213,85,-0.0690444191736448,0.904,1.0,0.3353293413173652,0.3232172964395517,501,0.0121120448778135,0.314,0.6843364485981309,PROXY_WTIUSD,-0.0043499779901038,0.665,0.9975,3072.0,-0.082318781171005,0.949,1.0,0.0034211072352786,0.446,0.9282644628099174,False,False
CRUDEOIL,reversal,FIBPIV,0.0025,0.365079365079365,0.3878029710711493,63,-0.0227236059917843,0.655,1.0,0.3959276018099547,0.3781717451523546,442,0.0177558566576001,0.227,0.5635862068965518,PROXY_WTIUSD,-0.0161274202965635,0.951,1.0,2703.0,-0.0057632398753894,0.53,1.0,0.0146195719106381,0.273,0.78624,False,False
CRUDEOIL,reversal,GANNPTS,0.001,0.328125,0.3605769230769231,64,-0.032451923076923,0.698,1.0,0.3002114164904862,0.3045356371490281,946,-0.0043242206585418,0.615,0.9225,PROXY_WTIUSD,-0.0992766870678006,0.937,1.0,46.0,-0.0664867274167987,0.837,1.0,-0.0264905939026689,0.954,1.0,False,False
CRUDEOIL,reversal,GANNPTS,0.0025,0.3541666666666667,0.4228052472250252,48,-0.0686385805583585,0.827,1.0,0.3879781420765027,0.3745625546806649,915,0.0134155873958378,0.146,0.4597714285714285,PROXY_WTIUSD,-0.0912390488110137,0.896,1.0,47.0,-0.0916044776119403,0.888,1.0,0.0020581944268135,0.438,0.9282644628099174,False,False
CRUDEOIL,reversal,GQTR,0.001,0.5238095238095238,0.4330578512396694,63,0.0907516725698543,0.085,0.4701176470588235,0.3586387434554974,0.3516353605674504,382,0.0070033828880469,0.426,0.8001391304347826,PROXY_WTIUSD,0.0074592825247557,0.24,0.72,2413.0,0.0822167532585908,0.089,0.5498181818181819,0.0085928495545707,0.415,0.9282644628099174,False,False
CRUDEOIL,reversal,GQTR,0.0025,0.5476190476190477,0.5048661800486618,42,0.0427528675703858,0.297,0.8120506329113925,0.3701298701298701,0.4082414949688548,308,-0.0381116248389846,0.932,0.9958846153846154,PROXY_WTIUSD,0.0113912457780669,0.155,0.7013793103448276,1959.0,0.0470165792352793,0.263,0.8400000000000001,-0.0203863387372748,0.804,0.9819183673469388,False,False
CRUDEOIL,reversal,NUM9,0.001,0.464367816091954,0.3960931983996234,435,0.0682746176923306,0.0,0.0,0.3545432634369728,0.3261565599816352,4149,0.0283867034553376,0.0,0.0,PROXY_WTIUSD,-0.0093080860194076,0.854,1.0,2878.0,0.0324013668841255,0.012,0.2808,0.0059737614622111,0.061,0.432,True,False
CRUDEOIL,reversal,NUM9,0.0025,0.4630225080385852,0.4280382930391043,311,0.0349842149994808,0.004,0.0785454545454545,0.4048637092463923,0.3860157993931536,3742,0.0188479098532386,0.0,0.0,PROXY_WTIUSD,0.0056405624669372,0.267,0.7332352941176472,2562.0,0.0161283979645587,0.12,0.5634782608695652,0.0065237925174502,0.035,0.36,False,False
CRUDEOIL,reversal,PDRFIB,0.001,0.4952380952380952,0.4492110453648915,105,0.0460270498732037,0.132,0.4990344827586207,0.3757763975155279,0.359770293341611,644,0.0160061041739169,0.2,0.5249302325581395,PROXY_WTIUSD,-0.0109430547492003,0.928,1.0,4023.0,0.013958419766745,0.358,0.9376941176470588,0.0033613049534666,0.458,0.9282644628099174,False,False
CRUDEOIL,reversal,PDRFIB,0.0025,0.4788732394366197,0.4929262844378257,71,-0.014053045001206,0.656,1.0,0.3984526112185687,0.4120988355580801,517,-0.0136462243395114,0.798,0.9793636363636364,PROXY_WTIUSD,0.0056519442003384,0.222,0.7013793103448276,3282.0,-0.0283112818324086,0.746,1.0,-0.0178899258153466,0.844,0.9819183673469388,False,False
CRUDEOIL,reversal,RND_A,0.001,0.475,0.3905325443786982,40,0.0844674556213017,0.139,0.5088813559322034,0.3171114599686028,0.2930431403031481,637,0.0240683196654547,0.064,0.3072,PROXY_WTIUSD,-0.0508340345234168,1.0,1.0,2908.0,0.0455882352941176,0.28,0.8400000000000001,0.0045290892421899,0.395,0.9243870967741936,False,False
CRUDEOIL,reversal,RND_A,0.0025,0.3214285714285714,0.4439102564102564,28,-0.1224816849816849,0.917,1.0,0.362126245847176,0.3641810918774967,602,-0.0020548460303206,0.56,0.857872340425532,PROXY_WTIUSD,-0.0198589760187173,0.984,1.0,2630.0,-0.1367707854846118,0.93,1.0,-0.0134134419641823,0.771,0.9819183673469388,False,False
CRUDEOIL,reversal,RND_B,0.001,0.4761904761904761,0.4096601073345259,84,0.0665303688559502,0.118,0.4809056603773585,0.3224755700325732,0.3036412758578975,1228,0.0188342941746757,0.057,0.2931428571428571,PROXY_WTIUSD,-0.028319363671469,1.0,1.0,5752.0,0.031285262920334,0.297,0.8698378378378377,-0.0029786830627797,0.59,0.951044776119403,False,False
CRUDEOIL,reversal,RND_B,0.0025,0.4285714285714285,0.4488778054862843,63,-0.0203063769148557,0.647,1.0,0.3553431798436142,0.3633425271504913,1151,-0.007999347306877,0.757,0.9732705882352942,PROXY_WTIUSD,-0.0202789297426695,1.0,1.0,5207.0,-0.0382610755745084,0.755,1.0,-0.0206196412760552,0.971,1.0,False,False
CRUDEOIL,reversal,RND_MAJ,0.001,0.375,0.4878048780487805,8,-0.1128048780487804,0.742,1.0,0.2426470588235294,0.2929036929761042,136,-0.0502566341525748,0.907,0.9877386934673368,PROXY_WTIUSD,-0.0664107776175715,1.0,1.0,565.0,-0.1189024390243902,0.752,1.0,-0.0667392227649182,0.962,1.0,False,False
CRUDEOIL,reversal,RND_MAJ,0.0025,0.0,0.3805309734513274,5,-0.3805309734513274,1.0,1.0,0.3307692307692307,0.3629686896018554,130,-0.0321994588326246,0.778,0.978279069767442,PROXY_WTIUSD,-0.0289198623288966,0.886,1.0,524.0,-0.415929203539823,1.0,1.0,-0.0429331913760979,0.845,0.9819183673469388,False,False
CRUDEOIL,reversal,SQ9_125,0.001,0.3738738738738739,0.4014828128510447,222,-0.0276089389771708,0.843,1.0,0.3095567867036011,0.3061616458740678,2888,0.0033951408295332,0.295,0.6778723404255319,PROXY_WTIUSD,0.0152794526738542,0.127,0.6275675675675675,1497.0,-0.0267108598167283,0.825,1.0,-0.0006266418471549,0.517,0.9282644628099174,False,False
CRUDEOIL,reversal,SQ9_125,0.0025,0.4,0.4332712600869025,165,-0.0332712600869025,0.923,1.0,0.3761094674556213,0.3718330295025857,2704,0.0042764379530356,0.189,0.516759493670886,PROXY_WTIUSD,0.0114764838044487,0.215,0.7013793103448276,1332.0,-0.0476382553624608,0.967,1.0,0.001300286125989,0.398,0.9243870967741936,False,False
CRUDEOIL,reversal,SQ9_25,0.001,0.3805309734513274,0.4074573225516621,113,-0.0269263491003347,0.729,1.0,0.2952512044046799,0.312114778797425,1453,-0.016863574392745,0.944,0.9958846153846154,PROXY_WTIUSD,0.0017682709658365,0.467,0.8886315789473684,757.0,-0.0386620465755135,0.815,1.0,-0.0220040124616583,0.977,1.0,False,False
CRUDEOIL,reversal,SQ9_25,0.0025,0.35,0.4246487867177522,80,-0.0746487867177522,0.942,1.0,0.3485967503692762,0.3777368227054921,1354,-0.0291400723362158,0.998,1.0,PROXY_WTIUSD,0.0121743272688458,0.289,0.7539130434782608,673.0,-0.0692698314995768,0.933,1.0,-0.0298952898458706,0.999,1.0,False,False
CRUDEOIL,reversal,SWFIB,0.001,0.4040279490341142,0.3977977026692009,2433,0.0062302463649133,0.066,0.4701176470588235,0.3654570692048384,0.3589219115185068,15129,0.0065351576863315,0.003,0.0454736842105263,PROXY_WTIUSD,0.0031726902274838,0.0,0.0,99971.0,0.0003913607264025,0.479,1.0,0.0048348785672256,0.02,0.3085714285714286,True,True
CRUDEOIL,reversal,SWFIB,0.0025,0.4432,0.4378984746993786,1875,0.0053015253006213,0.04,0.4114285714285715,0.4229947705678721,0.4220555719339622,13577,0.0009391986339098,0.312,0.6843364485981309,PROXY_WTIUSD,0.0008741065990955,0.129,0.6275675675675675,88574.0,0.0047184647979139,0.135,0.5995102040816327,0.0004338760626799,0.425,0.9282644628099174,False,False
CRUDEOIL,touch,FIBPIV,-1.0,0.7837837837837838,0.8244473342002601,37,-0.0406635504164762,0.859,1.0,0.8292682926829268,0.8410807669959326,164,-0.0118124743130058,0.723,0.9732705882352942,PROXY_WTIUSD,-0.0020383647877714,0.595,0.9621238938053096,1101.0,-0.0449743861508568,0.879,1.0,-0.0107717819879578,0.707,0.9819183673469388,False,False
CRUDEOIL,touch,GANNPTS,-1.0,0.0,0.6222222222222222,0,-0.6222222222222222,1.0,1.0,0.8333333333333334,0.8471502590673575,84,-0.0138169257340241,0.68,0.9596962025316456,PROXY_WTIUSD,0.0,1.0,1.0,0.0,-0.6294117647058823,1.0,1.0,-0.0179918121094591,0.731,0.9819183673469388,False,False
CRUDEOIL,touch,GQTR,-1.0,0.76,0.7902023429179978,50,-0.0302023429179978,0.764,1.0,0.8697916666666666,0.8549800796812749,192,0.0148115869853917,0.206,0.5249302325581395,PROXY_WTIUSD,-0.0068756337794143,0.825,1.0,1357.0,-0.0417057569296375,0.837,1.0,0.0158450704225352,0.193,0.648,False,False
CRUDEOIL,touch,NUM9,-1.0,0.7872340425531915,0.7825238508239376,235,0.0047101917292539,0.27,0.7854545454545455,0.8810572687224669,0.8770530712997247,1589,0.0040041974227422,0.052,0.279219512195122,PROXY_WTIUSD,-0.0058307876038434,0.741,1.0,1112.0,-0.0024113783734998,0.634,1.0,0.0010382843845456,0.345,0.8767058823529411,False,False
CRUDEOIL,touch,PDRFIB,-1.0,0.7951807228915663,0.7920546244568591,83,0.0031260984347071,0.432,0.9096923076923076,0.8619631901840491,0.8632280049566295,326,-0.0012648147725804,0.557,0.857872340425532,PROXY_WTIUSD,0.0002962384104198,0.487,0.8981632653061224,2207.0,-0.0115315207380173,0.683,1.0,-0.0046518369267177,0.678,0.9819183673469388,False,False
CRUDEOIL,touch,RND_A,-1.0,0.9090909090909092,0.8004750593824228,22,0.1086158497084862,0.068,0.4701176470588235,0.9162011173184358,0.8929372197309418,179,0.023263897587494,0.111,0.4173559322033898,PROXY_WTIUSD,0.014894814936107,0.05,0.4090909090909091,1006.0,0.1057733735458853,0.071,0.5477142857142857,0.0196590875180422,0.143,0.5890909090909091,False,False
CRUDEOIL,touch,RND_B,-1.0,0.8536585365853658,0.7822966507177034,41,0.0713618858676624,0.089,0.4701176470588235,0.8764705882352941,0.8741198448052881,340,0.0023507434300059,0.437,0.8104615384615385,PROXY_WTIUSD,0.009937396453894,0.031,0.303157894736842,1999.0,0.0654515570426462,0.116,0.5568000000000001,-0.0001294405292679,0.515,0.9282644628099174,False,False
CRUDEOIL,touch,RND_MAJ,-1.0,0.8333333333333334,0.8666666666666667,6,-0.0333333333333333,0.53,0.9563225806451612,0.925925925925926,0.8730822873082287,27,0.0528436386176972,0.145,0.4597714285714285,PROXY_WTIUSD,0.0197102650849116,0.195,0.7013793103448276,179.0,-0.0333333333333333,0.53,1.0,0.0495214315439034,0.156,0.5987368421052631,False,False
CRUDEOIL,touch,SQ9_125,-1.0,0.7837837837837838,0.7971145175834085,111,-0.0133307337996246,0.73,1.0,0.8743961352657005,0.8724384624712016,828,0.0019576727944988,0.336,0.6843364485981309,PROXY_WTIUSD,-0.0225716922927956,0.926,1.0,487.0,-0.0023109243697478,0.563,1.0,0.0002171026157531,0.477,0.9282644628099174,False,False
CRUDEOIL,touch,SQ9_25,-1.0,0.7962962962962963,0.7869446962828649,54,0.0093516000134313,0.447,0.910867924528302,0.8907766990291263,0.873517308157831,412,0.0172593908712952,0.047,0.2603076923076923,PROXY_WTIUSD,-0.0395681771427502,0.965,1.0,264.0,0.0189890434899508,0.341,0.9323544303797467,0.0166644285336521,0.053,0.4171034482758621,False,False
CRUDEOIL,time,FIB_TZ,-1.0,0.3786764705882353,0.373694868063026,4896,0.0049816025252092,0.197,0.66825,0.375552809573361,0.3764837442163471,30752,-0.000930934642986,0.674,0.9596962025316456,PROXY_WTIUSD,-0.002947671557975,0.993,1.0,203318.0,0.0049816025252092,0.197,0.7598571428571429,-0.000930934642986,0.674,0.9819183673469388,False,False
CRUDEOIL,time,GANN_TEXT,-1.0,0.5138888888888888,0.4875,72,0.0263888888888888,0.319,0.8143448275862069,0.3686440677966102,0.3904661016949152,472,-0.021822033898305,0.811,0.979756906077348,PROXY_WTIUSD,-0.0023981603153744,0.601,0.9621238938053096,3044.0,0.0263888888888888,0.319,0.9004675324675324,-0.021822033898305,0.811,0.9819183673469388,False,False
CRUDEOIL,time,GANN_TOPEN,-1.0,0.3693693693693693,0.2977477477477477,111,0.0716216216216216,0.084,0.4701176470588235,0.25,0.2504704301075269,744,-0.0004704301075268,0.516,0.8508091603053435,PROXY_WTIUSD,-0.01688567674113,0.994,1.0,4566.0,0.0716216216216216,0.084,0.5498181818181819,-0.0004704301075268,0.516,0.9282644628099174,False,False
CRUDEOIL,time,GANN_TOPEN_EVE,-1.0,0.4594594594594595,0.3864864864864865,111,0.072972972972973,0.123,0.4821428571428571,0.4556451612903225,0.4049731182795699,744,0.0506720430107526,0.008,0.0785454545454545,PROXY_WTIUSD,0.0977989487516425,0.0,0.0,4566.0,0.072972972972973,0.123,0.5652765957446808,0.0506720430107526,0.008,0.1728,True,True
NATURALGAS,reversal,FIBPIV,0.001,0.3414634146341463,0.3398533007334963,82,0.00161011390065,0.469,0.9467663551401868,0.3488805970149253,0.294996751137102,536,0.0538838458778233,0.007,0.0756,,,,,,-0.0401533139858704,0.761,1.0,0.0455506872315772,0.015,0.2492307692307692,False,False
NATURALGAS,reversal,FIBPIV,0.0025,0.3417721518987341,0.4,79,-0.0582278481012658,0.881,1.0,0.3892215568862275,0.3632580261593341,501,0.0259635307268934,0.097,0.4173559322033898,,,,,,-0.0350197758734344,0.793,1.0,0.0333311258818122,0.055,0.4171034482758621,False,False
NATURALGAS,reversal,GANNPTS,0.001,0.25,0.2838569880823402,44,-0.0338569880823402,0.679,1.0,0.3363844393592677,0.2749194354928325,437,0.0614650038664352,0.003,0.0454736842105263,,,,,,-0.095888384933938,0.905,1.0,0.0151940650173528,0.254,0.7443243243243243,False,False
NATURALGAS,reversal,GANNPTS,0.0025,0.3023255813953488,0.3532008830022075,43,-0.0508753016068587,0.755,1.0,0.3726851851851852,0.3620107962213225,432,0.0106743889638626,0.303,0.68175,,,,,,-0.0652240874788233,0.812,1.0,-0.020603972541957,0.817,0.9819183673469388,False,False
NATURALGAS,reversal,GQTR,0.001,0.4242424242424242,0.3502871205906481,66,0.0739553036517761,0.078,0.4701176470588235,0.3206521739130434,0.3357425337515342,368,-0.0150903598384907,0.743,0.9732705882352942,,,,,,0.042394509279219,0.214,0.7944406779661017,-0.0267755790992184,0.878,0.9819183673469388,False,False
NATURALGAS,reversal,GQTR,0.0025,0.4642857142857143,0.3973634651600753,56,0.0669222491256389,0.157,0.5559344262295082,0.3855421686746988,0.3984629027490393,332,-0.0129207340743405,0.7,0.9596962025316456,,,,,,0.0454428919369311,0.266,0.8400000000000001,-0.0207498735087994,0.8,0.9819183673469388,False,False
NATURALGAS,reversal,NUM9,0.001,0.3079470198675497,0.33841059602649,302,-0.0304635761589403,0.89,1.0,0.3024660291897332,0.3216586857873492,1987,-0.0191926565976159,0.99,1.0,,,,,,-0.0305762347927303,0.88,1.0,-0.0147325227769486,0.963,1.0,False,False
NATURALGAS,reversal,NUM9,0.0025,0.376865671641791,0.4076526857983811,268,-0.0307870141565901,0.939,1.0,0.3969876277568585,0.393733850129199,1859,0.0032537776276595,0.334,0.6843364485981309,,,,,,-0.0272333151407181,0.901,1.0,0.0033873790919791,0.333,0.8640000000000001,False,False
NATURALGAS,reversal,PDRFIB,0.001,0.4056603773584906,0.3389748549323017,106,0.0666855224261888,0.063,0.4701176470588235,0.3360522022838499,0.3264708275693709,613,0.0095813747144789,0.321,0.6843364485981309,,,,,,0.0801161103047895,0.052,0.5165217391304349,0.0066517817574041,0.372,0.8928,False,False
NATURALGAS,reversal,PDRFIB,0.0025,0.4042553191489361,0.4005555555555555,94,0.0036997635933805,0.438,0.9096923076923076,0.3830935251798561,0.3965977912361952,556,-0.013504266056339,0.789,0.9793636363636364,,,,,,0.0311525018180112,0.236,0.8221935483870968,-0.0213050314465408,0.899,0.9857055837563452,False,False
NATURALGAS,reversal,RND_A,0.001,0.3076923076923077,0.3238095238095238,39,-0.0161172161172161,0.598,1.0,0.3159722222222222,0.2940465918895599,288,0.0219256303326622,0.194,0.5238,,,,,,-0.0201765447667086,0.617,1.0,0.0153513184623049,0.289,0.8180999999999999,False,False
NATURALGAS,reversal,RND_A,0.0025,0.3055555555555556,0.3893016344725111,36,-0.0837460789169555,0.872,1.0,0.3835125448028674,0.3623162098384462,279,0.0211963349644211,0.237,0.5751910112359551,,,,,,-0.0845789735924265,0.872,1.0,0.0150340863407695,0.302,0.8180999999999999,False,False
NATURALGAS,reversal,RND_B,0.001,0.3943661971830985,0.315751960085531,71,0.0786142370975675,0.062,0.4701176470588235,0.3416815742397138,0.2994178235557546,559,0.0422637506839592,0.012,0.112695652173913,,,,,,0.051549696471861,0.159,0.6602264150943397,0.030310217186254,0.056,0.4171034482758621,False,False
NATURALGAS,reversal,RND_B,0.0025,0.417910447761194,0.406885758998435,67,0.0110246887627589,0.431,0.9096923076923076,0.4048507462686567,0.3724248724248724,536,0.0324258738437842,0.053,0.279219512195122,,,,,,-0.0037949785953951,0.526,1.0,0.0240916828245479,0.112,0.5890909090909091,False,False
NATURALGAS,reversal,RND_MAJ,0.001,0.6666666666666666,0.3934426229508196,6,0.2732240437158469,0.1,0.4701176470588235,0.2222222222222222,0.3142639206712433,72,-0.0920416984490211,0.975,1.0,,,,,,0.2568306010928961,0.112,0.5498181818181819,-0.0978694508106273,0.977,1.0,False,False
NATURALGAS,reversal,RND_MAJ,0.0025,0.5,0.4336283185840708,6,0.0663716814159292,0.372,0.8548085106382979,0.3142857142857143,0.3652312599681021,70,-0.0509455456823877,0.821,0.979756906077348,,,,,,0.0714285714285714,0.369,0.9376941176470588,-0.0500057188608029,0.812,0.9819183673469388,False,False
NATURALGAS,reversal,SQ9_125,0.001,0.2790697674418604,0.3163716814159292,86,-0.0373019139740687,0.803,1.0,0.2543507362784471,0.2798442325768766,747,-0.0254934962984294,0.959,0.9958846153846154,,,,,,-0.0457931541675384,0.874,1.0,-0.0361474677532391,0.992,1.0,False,False
NATURALGAS,reversal,SQ9_125,0.0025,0.3974358974358974,0.3617539585870889,78,0.0356819388488084,0.297,0.8120506329113925,0.3519553072625698,0.3455887521968365,716,0.0063665550657333,0.354,0.708,,,,,,0.038764027234901,0.279,0.8400000000000001,-0.0115079554147704,0.778,0.9819183673469388,False,False
NATURALGAS,reversal,SQ9_25,0.001,0.3333333333333333,0.3329670329670329,45,0.0003663003663003,0.522,0.9563225806451612,0.2703412073490813,0.2737505024788959,381,-0.0034092951298145,0.551,0.857872340425532,,,,,,0.0082567683449712,0.48,1.0,-0.0204669969321394,0.812,0.9819183673469388,False,False
NATURALGAS,reversal,SQ9_25,0.0025,0.4358974358974359,0.4050179211469534,39,0.0308795147504825,0.361,0.8548085106382979,0.3739612188365651,0.3513855675903783,361,0.0225756512461867,0.154,0.4685070422535212,,,,,,0.0070935461397175,0.475,1.0,0.0166079560133245,0.217,0.6696,False,False
NATURALGAS,reversal,SWFIB,0.001,0.3317137809187279,0.3409486025052378,2264,-0.0092348215865099,0.949,1.0,0.3313689065402601,0.3293857211246518,15611,0.0019831854156082,0.206,0.5249302325581395,,,,,,-0.0077138568478394,0.956,1.0,-0.0010166824246172,0.669,0.9819183673469388,False,False
NATURALGAS,reversal,SWFIB,0.0025,0.4045801526717557,0.401442654484251,2096,0.0031374981875046,0.266,0.7854545454545455,0.4031808604635356,0.4034084710631102,14713,-0.0002276105995746,0.535,0.856,,,,,,-0.0030830921614614,0.754,1.0,-0.0007691617147366,0.66,0.9819183673469388,False,False
NATURALGAS,touch,FIBPIV,-1.0,1.0,0.979539641943734,19,0.020460358056266,0.117,0.4809056603773585,0.917910447761194,0.8995250274022653,134,0.0183854203589287,0.187,0.516759493670886,,,,,,-0.0271213748657358,0.753,1.0,-0.0064628199041905,0.655,0.9819183673469388,False,False
NATURALGAS,touch,GANNPTS,-1.0,0.0,0.0,0,0.0,1.0,1.0,0.0,0.5,0,-0.5,1.0,1.0,,,,,,0.0,1.0,1.0,-0.5,1.0,1.0,False,False
NATURALGAS,touch,GQTR,-1.0,1.0,0.9525773195876288,27,0.0474226804123711,0.111,0.4701176470588235,0.88,0.8774104683195593,150,0.0025895316804407,0.46,0.828,,,,,,0.0468431771894093,0.111,0.5498181818181819,0.0019331955653734,0.453,0.9282644628099174,False,False
NATURALGAS,touch,NUM9,-1.0,0.9696969696969696,0.9746321664129884,99,-0.0049351967160186,0.777,1.0,0.9011299435028248,0.910627849877236,708,-0.0094979063744112,0.985,1.0,,,,,,-0.001083886726204,0.598,1.0,-0.0078217727769073,0.961,1.0,False,False
NATURALGAS,touch,PDRFIB,-1.0,0.975609756097561,0.9749058971141782,41,0.0007038589833827,0.517,0.9563225806451612,0.8713692946058091,0.8931328728159285,241,-0.0217635782101193,0.971,1.0,,,,,,-0.0001552795031055,0.57,1.0,-0.0148012466694452,0.878,0.9819183673469388,False,False
NATURALGAS,touch,RND_A,-1.0,1.0,0.9716981132075472,9,0.0283018867924528,0.125,0.4821428571428571,0.9066666666666666,0.9074446680080482,75,-0.0007780013413816,0.503,0.8488125,,,,,,0.0324074074074074,0.042,0.5165217391304349,0.0014884555032503,0.483,0.9282644628099174,False,False
NATURALGAS,touch,RND_B,-1.0,0.8947368421052632,0.9584487534626038,19,-0.0637119113573406,0.837,1.0,0.8835616438356164,0.9112546752805168,146,-0.0276930314449004,0.877,0.986625,,,,,,-0.0637119113573406,0.837,1.0,-0.0297036622868325,0.887,0.9819183673469388,False,False
NATURALGAS,touch,RND_MAJ,-1.0,1.0,1.0,1,0.0,1.0,1.0,1.0,0.9355932203389832,17,0.0644067796610169,0.0,0.0,,,,,,0.0,1.0,1.0,0.0616438356164383,0.0,0.0,False,False
NATURALGAS,touch,SQ9_125,-1.0,0.9565217391304348,0.9592274678111588,23,-0.0027057286807239,0.485,0.9554594594594594,0.898936170212766,0.9164733178654292,188,-0.0175371476526632,0.853,0.9810947368421052,,,,,,-0.000834337628627,0.466,1.0,-0.0095386378317294,0.706,0.9819183673469388,False,False
NATURALGAS,touch,SQ9_25,-1.0,1.0,0.9497907949790796,17,0.0502092050209205,0.004,0.0785454545454545,0.9111111111111112,0.9085580304806564,90,0.0025530806304545,0.455,0.828,,,,,,0.0661157024793388,0.0,0.0,0.0308074020469347,0.121,0.5890909090909091,False,False
NATURALGAS,time,FIB_TZ,-1.0,0.3752224199288256,0.3732032086176934,4496,0.0020192113111321,0.403,0.8882448979591837,0.4030477862786906,0.3964604075494596,31892,0.0065873787292309,0.004,0.0454736842105263,,,,,,0.0020192113111321,0.403,0.9565714285714286,0.0065873787292309,0.004,0.108,False,False
NATURALGAS,time,GANN_TEXT,-1.0,0.4444444444444444,0.3479166666666666,72,0.0965277777777777,0.083,0.4701176470588235,0.391025641025641,0.3493589743589743,468,0.0416666666666666,0.043,0.251027027027027,,,,,,0.0965277777777777,0.083,0.5498181818181819,0.0416666666666666,0.043,0.3715199999999999,False,False
NATURALGAS,time,GANN_TOPEN,-1.0,0.2702702702702703,0.236036036036036,111,0.0342342342342342,0.25,0.7605633802816901,0.2375168690958164,0.2558029689608637,741,-0.0182860998650472,0.818,0.979756906077348,,,,,,0.0342342342342342,0.25,0.8400000000000001,-0.0182860998650472,0.818,0.9819183673469388,False,False
NATURALGAS,time,GANN_TOPEN_EVE,-1.0,0.5585585585585585,0.4018018018018018,111,0.1567567567567567,0.001,0.027,0.4790823211875843,0.4548582995951417,741,0.0242240215924426,0.135,0.4597714285714285,,,,,,0.1567567567567567,0.001,0.0432,0.0242240215924426,0.135,0.5890909090909091,False,False
GOLDM,reversal,FIBPIV,0.001,0.417910447761194,0.3625592417061611,67,0.0553512060550328,0.107,0.4701176470588235,0.3287037037037037,0.3267303658820787,432,0.0019733378216249,0.495,0.8485714285714285,PROXY_XAUUSD,0.001130660572127,0.443,0.8886315789473684,4912.0,0.0697734688828941,0.065,0.536,0.0018382670047784,0.494,0.9282644628099174,False,False
GOLDM,reversal,FIBPIV,0.0025,0.25,0.2826086956521739,20,-0.0326086956521738,0.685,1.0,0.3396226415094339,0.3084986896293523,265,0.0311239518800816,0.102,0.4173559322033898,PROXY_XAUUSD,-9.299271904289474e-05,0.489,0.8981632653061224,2458.0,-0.032051282051282,0.678,1.0,0.0359581195980605,0.062,0.432,False,False
GOLDM,reversal,GANNPTS,0.001,0.4782608695652174,0.3597883597883597,46,0.1184725097768576,0.053,0.4486153846153846,0.3615591397849462,0.3287381423599263,744,0.0328209974250199,0.004,0.0454736842105263,PROXY_XAUUSD,-0.0006409433110597,0.546,0.9185046728971964,7108.0,0.1177957532861476,0.055,0.5165217391304349,0.0316805089380895,0.005,0.12,False,False
GOLDM,reversal,GANNPTS,0.0025,0.1428571428571428,0.2980769230769231,14,-0.1552197802197802,0.951,1.0,0.37,0.3425285016286645,500,0.0274714983713355,0.019,0.1578461538461538,PROXY_XAUUSD,-0.0093210930755034,0.983,1.0,3901.0,-0.1576236263736263,0.951,1.0,0.0264598168870803,0.022,0.3167999999999999,False,False
GOLDM,reversal,GQTR,0.001,0.4634146341463415,0.4988009592326139,41,-0.0353863250862724,0.687,1.0,0.3719298245614035,0.3992680376437783,285,-0.0273382130823748,0.787,0.9793636363636364,PROXY_XAUUSD,0.0025582829567366,0.381,0.8442857142857143,3487.0,-0.0389777103512661,0.708,1.0,-0.0253979319158824,0.768,0.9819183673469388,False,False
GOLDM,reversal,GQTR,0.0025,0.5384615384615384,0.52,13,0.0184615384615384,0.429,0.9096923076923076,0.3486842105263157,0.3938610662358643,152,-0.0451768557095485,0.901,0.9877386934673368,PROXY_XAUUSD,0.0070654610869775,0.257,0.7332352941176472,1361.0,0.0152827305145185,0.441,0.9786122448979592,-0.0390484128874221,0.871,0.9819183673469388,False,False
GOLDM,reversal,NUM9,0.001,0.3964638897213066,0.3938016034462127,3337,0.0026622862750938,0.051,0.4486153846153846,0.3387135212427151,0.3375803356352678,46157,0.0011331856074472,0.0,0.0,PROXY_XAUUSD,-0.0027195300040688,0.665,0.9975,5041.0,0.000450918428511,0.375,0.9418604651162792,-0.0002048449104044,0.745,0.9819183673469388,False,False
GOLDM,reversal,NUM9,0.0025,0.3442999234889058,0.3443746649306885,1307,-7.47414417826553e-05,0.509,0.9563225806451612,0.3412933292512841,0.3406823852359061,29397,0.000610944015378,0.016,0.13824,PROXY_XAUUSD,-0.0183751605855826,0.992,1.0,2710.0,-0.0020393007479543,0.88,1.0,-0.0001919839214582,0.736,0.9819183673469388,False,False
GOLDM,reversal,PDRFIB,0.001,0.4857142857142857,0.5014204545454546,70,-0.0157061688311688,0.667,1.0,0.3839662447257383,0.398932895546891,474,-0.0149666508211526,0.797,0.9793636363636364,PROXY_XAUUSD,-0.0038729377165774,0.744,1.0,5855.0,0.0051217309192429,0.444,0.9786122448979592,-0.0142319008124906,0.79,0.9819183673469388,False,False
GOLDM,reversal,PDRFIB,0.0025,0.6071428571428571,0.5678776290630975,28,0.0392652280797596,0.23,0.72,0.3438735177865613,0.402055857253685,253,-0.0581823394671237,0.994,1.0,PROXY_XAUUSD,0.0024318448015882,0.343,0.8018181818181819,2280.0,0.0392652280797596,0.227,0.8038032786885246,-0.0570496131760187,0.992,1.0,False,False
GOLDM,reversal,RND_A,0.001,0.5147058823529411,0.3870710295291301,68,0.127634852823811,0.005,0.09,0.3435582822085889,0.3215730452148087,978,0.0219852369937802,0.039,0.2406857142857142,PROXY_XAUUSD,-0.0624946314524778,1.0,1.0,878.0,0.1240933127427581,0.007,0.2468571428571428,0.0206640032197444,0.05,0.4153846153846154,False,False
GOLDM,reversal,RND_A,0.0025,0.5,0.3377358490566037,26,0.1622641509433962,0.011,0.1485,0.3597560975609756,0.3316244548167419,656,0.0281316427442336,0.008,0.0785454545454545,PROXY_XAUUSD,-0.1025934705547145,1.0,1.0,526.0,0.1573033707865168,0.013,0.2808,0.027085100235794,0.009,0.1767272727272727,False,False
GOLDM,reversal,RND_B,0.001,0.3903225806451613,0.3900016023073225,310,0.0003209783378387,0.491,0.9554594594594594,0.3274299835255354,0.3236497460885297,4856,0.0037802374370056,0.113,0.4173559322033898,PROXY_XAUUSD,-0.0160893963891561,0.988,1.0,4675.0,-0.0036943766416728,0.601,1.0,0.002430754250325,0.206,0.6607058823529411,False,False
GOLDM,reversal,RND_B,0.0025,0.3565891472868217,0.3659392049883087,129,-0.0093500577014869,0.644,1.0,0.3381141287763198,0.3346222897389863,3277,0.0034918390373334,0.081,0.3722553191489362,PROXY_XAUUSD,-0.0485099436813629,1.0,1.0,2584.0,-0.0105831592087052,0.672,1.0,0.0026126407267386,0.142,0.5890909090909091,False,False
GOLDM,reversal,RND_MAJ,0.001,0.6176470588235294,0.3779904306220095,34,0.2396566282015199,0.0,0.0,0.32719836400818,0.3205571370475803,489,0.0066412269605996,0.362,0.7083243243243242,PROXY_XAUUSD,-0.0713078828991364,0.998,1.0,450.0,0.2370738104158861,0.0,0.0,0.0053195514827631,0.391,0.9243870967741936,False,False
GOLDM,reversal,RND_MAJ,0.0025,0.5384615384615384,0.3643724696356275,13,0.1740890688259109,0.103,0.4701176470588235,0.3595166163141994,0.3378520861575538,331,0.0216645301566455,0.174,0.4945263157894736,PROXY_XAUUSD,-0.1293747866731734,1.0,1.0,284.0,0.1729996910719802,0.106,0.5498181818181819,0.020763228780324,0.181,0.6375483870967742,False,False
GOLDM,reversal,SQ9_125,0.001,0.4147727272727273,0.3979019974134214,352,0.0168707298593058,0.105,0.4701176470588235,0.3384455419807642,0.3425531641172762,3847,-0.004107622136512,0.853,0.9810947368421052,PROXY_XAUUSD,-0.0056403685607143,0.79,1.0,4412.0,0.0210187818440282,0.063,0.536,-0.0033727951190718,0.799,0.9819183673469388,False,False
GOLDM,reversal,SQ9_125,0.0025,0.3609022556390977,0.3374074074074074,133,0.0234948482316902,0.104,0.4701176470588235,0.3439701616245337,0.3428303004309376,2413,0.0011398611935961,0.339,0.6843364485981309,PROXY_XAUUSD,-0.0065388925491554,0.784,1.0,2350.0,0.0300222386953298,0.055,0.5165217391304349,0.0018859225636445,0.25,0.7443243243243243,False,False
GOLDM,reversal,SQ9_25,0.001,0.4153005464480874,0.3991489361702127,183,0.0161516102778747,0.277,0.7854545454545455,0.329393627954779,0.3394903325795879,1946,-0.0100967046248088,0.941,0.9958846153846154,PROXY_XAUUSD,-0.0001193983597251,0.519,0.8982692307692308,2193.0,0.0143371007127516,0.298,0.8698378378378377,-0.0087389757750658,0.917,0.9953366834170856,False,False
GOLDM,reversal,SQ9_25,0.0025,0.3857142857142857,0.3462664714494876,70,0.0394478142647981,0.064,0.4701176470588235,0.3344235486508585,0.3451320330684645,1223,-0.010708484417606,0.959,0.9958846153846154,PROXY_XAUUSD,0.0107067566073009,0.215,0.7013793103448276,1151.0,0.0389695892987773,0.067,0.536,-0.0098326385638342,0.948,1.0,False,False
GOLDM,reversal,SWFIB,0.001,0.4434735117422174,0.4439254934667778,1831,-0.0004519817245604,0.544,0.9563225806451612,0.3946168554199147,0.3978237166263924,13598,-0.0032068612064777,0.951,0.9958846153846154,PROXY_XAUUSD,0.0015651401190887,0.007,0.105,156664.0,5.200551176953727e-05,0.498,1.0,-0.0037248529288169,0.968,1.0,False,False
GOLDM,reversal,SWFIB,0.0025,0.3878326996197718,0.3972392638036809,526,-0.0094065641839091,0.837,1.0,0.4032376747608536,0.4015499088288924,6795,0.0016877659319611,0.207,0.5249302325581395,PROXY_XAUUSD,0.000349745135064,0.34,0.8018181818181819,64741.0,-0.010375560844799,0.875,1.0,0.0017379323837863,0.197,0.648,False,False
GOLDM,touch,FIBPIV,-1.0,0.5980392156862745,0.6302136317395728,102,-0.0321744160532982,0.91,1.0,0.6957671957671958,0.6998295975881504,378,-0.0040624018209546,0.631,0.9335342465753425,PROXY_XAUUSD,-0.0065414291754505,0.99,1.0,6027.0,-0.0326830630522809,0.912,1.0,-0.0025576256557869,0.588,0.951044776119403,False,False
GOLDM,touch,GANNPTS,-1.0,0.4459459459459459,0.520746887966805,74,-0.074800942020859,1.0,1.0,0.6772823779193206,0.6620663216407897,471,0.0152160562785308,0.027,0.1881290322580645,PROXY_XAUUSD,-0.0204450966237774,1.0,1.0,7694.0,-0.074800942020859,1.0,1.0,0.0148326941930411,0.027,0.324,False,False
GOLDM,touch,GQTR,-1.0,0.5263157894736842,0.5648395721925134,76,-0.0385237827188291,0.97,1.0,0.6645569620253164,0.6723700887198986,316,-0.0078131266945821,0.702,0.9596962025316456,PROXY_XAUUSD,0.0024819279163602,0.222,0.7013793103448276,5338.0,-0.0398606811145511,0.976,1.0,-0.0082884118656848,0.718,0.9819183673469388,False,False
GOLDM,touch,NUM9,-1.0,0.6014777187716462,0.601661332994443,4331,-0.0001836142227967,0.667,1.0,0.7203495285236291,0.7202430733629802,36163,0.0001064551606488,0.236,0.5751910112359551,PROXY_XAUUSD,0.0007031009226401,0.458,0.8886315789473684,5050.0,-0.0006898394901476,0.952,1.0,-0.0001825963816745,0.886,0.9819183673469388,False,False
GOLDM,touch,PDRFIB,-1.0,0.5625,0.5652685221481771,128,-0.0027685221481771,0.605,1.0,0.6704119850187266,0.67871259175607,534,-0.0083006067373434,0.859,0.9810947368421052,PROXY_XAUUSD,0.0018119160871702,0.119,0.6274285714285714,8937.0,-0.0041666666666666,0.645,1.0,-0.0087072395978161,0.868,0.9819183673469388,False,False
GOLDM,touch,RND_A,-1.0,0.6282051282051282,0.6109324758842444,78,0.0172726523208838,0.321,0.8143448275862069,0.7363770250368189,0.7278326036951844,679,0.0085444213416344,0.131,0.4597714285714285,PROXY_XAUUSD,-0.0380345997172391,0.994,1.0,865.0,0.0166295655041636,0.329,0.9110769230769232,0.0080112836088835,0.149,0.5890909090909091,False,False
GOLDM,touch,RND_B,-1.0,0.5959079283887468,0.6035281998454803,391,-0.0076202714567334,0.911,1.0,0.7263282873256159,0.7246402610888593,3369,0.0016880262367566,0.134,0.4597714285714285,PROXY_XAUUSD,-0.0122789597703767,0.995,1.0,4591.0,-0.0080308024646448,0.919,1.0,0.0013049238793964,0.198,0.648,False,False
GOLDM,touch,RND_MAJ,-1.0,0.5897435897435898,0.5871794871794872,39,0.0025641025641025,0.501,0.9563225806451612,0.7432835820895523,0.7271113740570921,335,0.0161722080324601,0.163,0.4823013698630137,PROXY_XAUUSD,-0.0202522650559602,0.819,1.0,433.0,0.0018103419900595,0.505,1.0,0.0161722080324601,0.163,0.6070344827586207,False,False
GOLDM,touch,SQ9_125,-1.0,0.605427974947808,0.6008534554537885,479,0.0045745194940194,0.207,0.6774545454545454,0.7207096971550933,0.7205301447374441,3269,0.0001795524176491,0.46,0.828,PROXY_XAUUSD,-0.0049600993144924,0.866,1.0,4364.0,0.006433000947129,0.085,0.5498181818181819,3.866353813819501e-05,0.489,0.9282644628099174,False,False
GOLDM,touch,SQ9_25,-1.0,0.5983263598326359,0.602502606882169,239,-0.004176247049533,0.676,1.0,0.723885155772755,0.7192250732916251,1637,0.0046600824811299,0.095,0.4173559322033898,PROXY_XAUUSD,-0.0075311702802511,0.823,1.0,2227.0,-0.0046761422524349,0.698,1.0,0.0044474290496595,0.104,0.5890909090909091,False,False
GOLDM,time,FIB_TZ,-1.0,0.3919803600654664,0.3817182086895719,4888,0.0102621513758945,0.078,0.4701176470588235,0.3855309939712475,0.3855223778746137,32345,8.616096633828896e-06,0.507,0.8489302325581395,PROXY_XAUUSD,-0.0072088475697952,1.0,1.0,368389.0,0.0102621513758945,0.078,0.5498181818181819,8.616096633828896e-06,0.507,0.9282644628099174,False,False
GOLDM,time,GANN_TEXT,-1.0,0.3611111111111111,0.3819444444444444,72,-0.0208333333333333,0.658,1.0,0.3772727272727272,0.3435227272727272,440,0.03375,0.077,0.3615652173913043,PROXY_XAUUSD,0.0049075785582254,0.277,0.7332352941176472,5410.0,-0.0208333333333333,0.658,1.0,0.03375,0.077,0.504,False,False
GOLDM,time,GANN_TOPEN,-1.0,0.3603603603603603,0.3130630630630631,111,0.0472972972972972,0.191,0.6654193548387097,0.3036723163841808,0.294774011299435,708,0.0088983050847457,0.336,0.6843364485981309,PROXY_XAUUSD,-0.0157732593961799,0.995,1.0,8115.0,0.0472972972972972,0.191,0.750109090909091,0.0088983050847457,0.336,0.8640000000000001,False,False
GOLDM,time,GANN_TOPEN_EVE,-1.0,0.5135135135135135,0.4198198198198198,111,0.0936936936936936,0.032,0.3456,0.4957627118644068,0.4286723163841808,708,0.067090395480226,0.002,0.036,PROXY_XAUUSD,0.033573629081947,0.0,0.0,8115.0,0.0936936936936936,0.032,0.5165217391304349,0.067090395480226,0.002,0.108,True,True
SILVERM,reversal,FIBPIV,0.001,0.2857142857142857,0.3754087638979725,77,-0.0896944781836868,0.951,1.0,0.2567567567567567,0.2716498316498316,370,-0.0148930748930748,0.738,0.9732705882352942,PROXY_XAGUSD,0.0141540744857712,0.036,0.3239999999999999,4131.0,-0.091816739759261,0.955,1.0,-0.0163621017706359,0.751,0.9819183673469388,False,False
SILVERM,reversal,FIBPIV,0.0025,0.3962264150943396,0.4492610837438424,53,-0.0530346686495027,0.907,1.0,0.2910216718266253,0.320846394984326,323,-0.0298247231577006,0.908,0.9877386934673368,PROXY_XAGUSD,0.0047423798562431,0.27,0.7332352941176472,3319.0,-0.0535767345119595,0.912,1.0,-0.0299676543620862,0.908,0.9905454545454546,False,False
SILVERM,reversal,GANNPTS,0.001,0.3716814159292035,0.3544131028207461,113,0.0172683131084574,0.319,0.8143448275862069,0.2860869565217391,0.2750851454021483,1150,0.0110018111195908,0.092,0.414,PROXY_XAGUSD,-0.0001102993766361,0.484,0.8981632653061224,792.0,0.0120083914060428,0.366,0.9376941176470588,0.0097522116839166,0.112,0.5890909090909091,False,False
SILVERM,reversal,GANNPTS,0.0025,0.4155844155844156,0.3992172211350293,77,0.0163671944493862,0.302,0.8143448275862069,0.3424242424242424,0.3343274528635697,990,0.0080967895606726,0.11,0.4173559322033898,PROXY_XAGUSD,-0.0077401980305527,0.657,0.9975,796.0,0.0141530557926133,0.321,0.9004675324675324,0.0075917597318375,0.123,0.5890909090909091,False,False
SILVERM,reversal,GQTR,0.001,0.3396226415094339,0.4537735849056604,53,-0.1141509433962264,0.929,1.0,0.3214285714285714,0.2878936045374535,252,0.0335349668911179,0.149,0.4597714285714285,PROXY_XAGUSD,0.0022524747051357,0.39,0.8442857142857143,3267.0,-0.1156082727224228,0.936,1.0,0.0335349668911179,0.149,0.5890909090909091,False,False
SILVERM,reversal,GQTR,0.0025,0.3225806451612903,0.4228855721393035,31,-0.1003049269780131,0.95,1.0,0.3472222222222222,0.3847395112955279,216,-0.0375172890733057,0.891,0.9877386934673368,PROXY_XAGUSD,-0.0049031266128991,0.703,1.0,2290.0,-0.0931129476584022,0.932,1.0,-0.0376590868351642,0.891,0.9819183673469388,False,False
SILVERM,reversal,NUM9,0.001,0.3568747393299041,0.3545030224194659,7193,0.0023717169104381,0.0,0.0,0.2712222082652933,0.2705258661842667,79610,0.0006963420810265,0.0,0.0,PROXY_XAGUSD,-0.0056452955241682,0.895,1.0,9446.0,0.0008994068262366,0.064,0.536,2.5634207675540036e-05,0.443,0.9282644628099174,True,False
SILVERM,reversal,NUM9,0.0025,0.4001636661211129,0.39852927621135,4888,0.0016343899097629,0.001,0.027,0.3381516926153406,0.3377338692453683,70010,0.0004178233699723,0.001,0.0196363636363636,PROXY_XAGUSD,1.1389498382308185e-05,0.497,0.8982692307692308,7739.0,0.0008722251455131,0.04,0.5165217391304349,3.3603675603233185e-06,0.507,0.9282644628099174,True,False
SILVERM,reversal,PDRFIB,0.001,0.4,0.4079382579933848,90,-0.0079382579933847,0.536,0.9563225806451612,0.3255269320843091,0.2973067915690866,427,0.0282201405152224,0.112,0.4173559322033898,PROXY_XAGUSD,0.0053165501661472,0.215,0.7013793103448276,5436.0,-0.008489525909592,0.545,1.0,0.0275873394830447,0.112,0.5890909090909091,False,False
SILVERM,reversal,PDRFIB,0.0025,0.4259259259259259,0.3870082342177493,54,0.0389176917081766,0.094,0.4701176470588235,0.3760217983651226,0.3899818613087763,367,-0.0139600629436537,0.779,0.978279069767442,PROXY_XAGUSD,-0.0035184450376132,0.701,1.0,3801.0,0.0382082357334419,0.102,0.5498181818181819,-0.014184674849163,0.78,0.9819183673469388,False,False
SILVERM,reversal,RND_A,0.001,0.2916666666666667,0.3630387143900657,72,-0.071372047723399,0.902,1.0,0.2819100091827364,0.2466139441868921,1089,0.0352960649958443,0.004,0.0454736842105263,PROXY_XAGUSD,0.0340397463359975,0.001,0.0257142857142857,2013.0,-0.074489423778264,0.904,1.0,0.0344653174096932,0.004,0.108,True,True
SILVERM,reversal,RND_A,0.0025,0.3333333333333333,0.40625,54,-0.0729166666666666,0.909,1.0,0.3265306122448979,0.3175519630484988,980,0.008978649196399,0.209,0.5249302325581395,PROXY_XAGUSD,0.0224852615532595,0.03,0.303157894736842,1698.0,-0.0741935483870968,0.912,1.0,0.0083510748872783,0.221,0.672338028169014,False,False
SILVERM,reversal,RND_B,0.001,0.3284671532846715,0.3626453488372093,137,-0.0341781955525377,0.825,1.0,0.2498843128181397,0.2409463693328418,2161,0.0089379434852978,0.114,0.4173559322033898,PROXY_XAGUSD,0.0223947037445618,0.0,0.0,3929.0,-0.0352683118316075,0.839,1.0,0.0084009545318331,0.122,0.5890909090909091,False,False
SILVERM,reversal,RND_B,0.0025,0.4,0.3920844327176781,100,0.0079155672823219,0.438,0.9096923076923076,0.3227296049256029,0.3129969418960244,1949,0.0097326630295784,0.033,0.216,PROXY_XAGUSD,0.0255496568766198,0.002,0.04,3334.0,0.0078224101479915,0.439,0.9786122448979592,0.0093313784451217,0.04,0.3715199999999999,True,True
SILVERM,reversal,RND_MAJ,0.001,0.2307692307692307,0.3768115942028985,13,-0.1460423634336677,0.882,1.0,0.2869955156950672,0.2507672073651907,223,0.0362283083298765,0.104,0.4173559322033898,PROXY_XAGUSD,0.0291256868001199,0.032,0.303157894736842,1015.0,-0.1460423634336677,0.882,1.0,0.0353514999125157,0.117,0.5890909090909091,False,False
SILVERM,reversal,RND_MAJ,0.0025,0.2222222222222222,0.3548387096774194,9,-0.1326164874551971,0.817,1.0,0.3514851485148514,0.3230955259975816,202,0.0283896225172698,0.18,0.5049350649350649,PROXY_XAGUSD,0.0241684528095587,0.073,0.4866666666666666,846.0,-0.1326164874551971,0.817,1.0,0.027984181396863,0.182,0.6375483870967742,False,False
SILVERM,reversal,SQ9_125,0.001,0.350983358547655,0.3534244529091045,661,-0.0024410943614494,0.635,1.0,0.286243631310792,0.2850565671054763,4318,0.0011870642053157,0.325,0.6843364485981309,PROXY_XAGUSD,0.0319808229252281,0.021,0.2907692307692308,867.0,-0.0035519158084479,0.675,1.0,0.0004847306237214,0.424,0.9282644628099174,False,False
SILVERM,reversal,SQ9_125,0.0025,0.3660714285714285,0.3753363228699551,448,-0.0092648942985266,0.882,1.0,0.3536617842876165,0.3530633990410229,3755,0.0005983852465936,0.384,0.7275789473684211,PROXY_XAGUSD,0.0403628116088121,0.023,0.2957142857142857,724.0,-0.0100218658892128,0.899,1.0,0.0003056513690907,0.428,0.9282644628099174,False,False
SILVERM,reversal,SQ9_25,0.001,0.3641791044776119,0.3490994289061356,335,0.0150796755714763,0.122,0.4821428571428571,0.2841530054644808,0.2834143239929152,2196,0.0007386814715656,0.439,0.8104615384615385,PROXY_XAGUSD,0.0436298458740921,0.031,0.303157894736842,440.0,0.0134841520269901,0.16,0.6602264150943397,0.0004705104723269,0.458,0.9282644628099174,False,False
SILVERM,reversal,SQ9_25,0.0025,0.3799126637554585,0.3795891608391608,229,0.0003235029162976,0.491,0.9554594594594594,0.3521716378859236,0.3525790480182327,1911,-0.0004074101323091,0.5,0.8488125,PROXY_XAGUSD,0.0359808994869462,0.08,0.496551724137931,363.0,-0.0010397171969224,0.539,1.0,-0.0006894332152941,0.517,0.9282644628099174,False,False
SILVERM,reversal,SWFIB,0.001,0.4124679760888129,0.4194185173264671,2342,-0.0069505412376541,0.957,1.0,0.3607724408804517,0.3596523979698597,12221,0.0011200429105919,0.326,0.6843364485981309,PROXY_XAGUSD,0.0007442678784025,0.185,0.7013793103448276,122796.0,-0.0079385270040132,0.98,1.0,0.0005814298945846,0.408,0.9276631578947367,False,False
SILVERM,reversal,SWFIB,0.0025,0.4252615844544096,0.4216451857467778,1338,0.0036163987076317,0.223,0.7083529411764706,0.4031507718333685,0.4056071709321895,9458,-0.0024563990988209,0.863,0.9810947368421052,PROXY_XAGUSD,0.0011203793856302,0.057,0.4104,94703.0,0.0010480958801091,0.413,0.9582127659574468,-0.0027324990293786,0.885,0.9819183673469388,False,False
SILVERM,touch,FIBPIV,-1.0,0.671875,0.685621445978879,64,-0.0137464459788789,0.678,1.0,0.8238993710691824,0.8214723926380368,159,0.0024269784311455,0.478,0.846295081967213,PROXY_XAGUSD,0.0025351184626341,0.334,0.8018181818181819,2137.0,-0.014558793663688,0.688,1.0,0.0015067330323725,0.494,0.9282644628099174,False,False
SILVERM,touch,GANNPTS,-1.0,0.6351351351351351,0.6653666146645866,74,-0.0302314795294514,0.935,1.0,0.8155619596541787,0.8054330322761325,694,0.0101289273780461,0.034,0.216,PROXY_XAGUSD,0.0,1.0,1.0,0.0,-0.0317915419319475,0.94,1.0,0.0099324959936268,0.034,0.36,False,False
SILVERM,touch,GQTR,-1.0,0.7407407407407407,0.7941729323308271,54,-0.0534321915900863,0.942,1.0,0.7876712328767124,0.8220428220428221,146,-0.0343715891661097,0.934,0.9958846153846154,PROXY_XAGUSD,0.0016575278577738,0.376,0.8442857142857143,2564.0,-0.0534321915900863,0.942,1.0,-0.0343715891661097,0.934,1.0,False,False
SILVERM,touch,NUM9,-1.0,0.7215290156466627,0.7203673614963938,5049,0.0011616541502689,0.002,0.048,0.8074140584915341,0.8072388974673349,38980,0.0001751610241992,0.025,0.1881290322580645,PROXY_XAGUSD,0.0014753672232666,0.307,0.7717808219178083,4961.0,0.0007835706484956,0.034,0.5165217391304349,7.553592339504256e-06,0.468,0.9282644628099174,True,False
SILVERM,touch,PDRFIB,-1.0,0.7888888888888889,0.7756906077348066,90,0.0131982811540822,0.207,0.6774545454545454,0.7992125984251969,0.8138775510204082,254,-0.0146649525952112,0.898,0.9877386934673368,PROXY_XAGUSD,0.002902700895405,0.122,0.6274285714285714,4300.0,0.0131982811540822,0.207,0.7844210526315789,-0.0178370960708299,0.953,1.0,False,False
SILVERM,touch,RND_A,-1.0,0.8181818181818182,0.7017353579175705,44,0.1164464602642477,0.01,0.144,0.8222748815165877,0.8258736971183324,422,-0.0035988156017446,0.646,0.9393825503355706,PROXY_XAGUSD,0.0079419929056621,0.218,0.7013793103448276,957.0,0.1153618615657662,0.01,0.27,-0.0040680176739936,0.667,0.9819183673469388,False,False
SILVERM,touch,RND_B,-1.0,0.7362637362637363,0.7237569060773481,91,0.0125068301863882,0.28,0.7854545454545455,0.8227383863080685,0.8226594964556343,818,7.888985243420521e-05,0.482,0.8464390243902439,PROXY_XAGUSD,0.0029343494461024,0.351,0.8099999999999999,1824.0,0.0125068301863882,0.28,0.8400000000000001,-0.0001369115473722,0.496,0.9282644628099174,False,False
SILVERM,touch,RND_MAJ,-1.0,0.5714285714285714,0.7727272727272727,7,-0.2012987012987013,0.863,1.0,0.7976190476190477,0.8276904474002419,84,-0.0300713997811942,0.766,0.9732705882352942,PROXY_XAGUSD,0.0351919532394081,0.007,0.105,483.0,-0.2012987012987013,0.863,1.0,-0.0300713997811942,0.766,0.9819183673469388,False,False
SILVERM,touch,SQ9_125,-1.0,0.718503937007874,0.7165764879488441,508,0.0019274490590298,0.364,0.8548085106382979,0.8156354515050167,0.8166670138093354,2392,-0.0010315623043186,0.713,0.9686037735849056,PROXY_XAGUSD,0.0316589410851526,0.026,0.303157894736842,388.0,0.0015469445858682,0.397,0.9565714285714286,-0.000685365148172,0.631,0.9819183673469388,False,False
SILVERM,touch,SQ9_25,-1.0,0.7233201581027668,0.717425431711146,253,0.0058947263916208,0.272,0.7854545454545455,0.8147229114971051,0.8175886408404465,1209,-0.0028657293433413,0.842,0.9810947368421052,PROXY_XAGUSD,0.0204303881654516,0.18,0.7013793103448276,199.0,0.0057539166896166,0.277,0.8400000000000001,-0.0029738791127611,0.849,0.9819183673469388,False,False
SILVERM,time,FIB_TZ,-1.0,0.3947368421052631,0.3991552795031056,5206,-0.0044184373978424,0.754,1.0,0.4021108574422695,0.4025811487057794,26719,-0.0004702912635098,0.582,0.879104895104895,PROXY_XAGUSD,-0.0038742697920752,0.998,1.0,239822.0,-0.0044184373978424,0.754,1.0,-0.0004702912635098,0.582,0.951044776119403,False,False
SILVERM,time,GANN_TEXT,-1.0,0.4861111111111111,0.3986111111111111,72,0.0874999999999999,0.085,0.4701176470588235,0.3848314606741573,0.3734550561797752,356,0.011376404494382,0.364,0.7083243243243242,PROXY_XAGUSD,0.0108145363408521,0.099,0.594,3990.0,0.0874999999999999,0.085,0.5498181818181819,0.011376404494382,0.364,0.8928,False,False
SILVERM,time,GANN_TOPEN,-1.0,0.2792792792792792,0.345045045045045,111,-0.0657657657657657,0.938,1.0,0.2709447415329768,0.3087344028520499,561,-0.037789661319073,0.953,0.9958846153846154,PROXY_XAGUSD,-0.0195906432748537,1.0,1.0,5985.0,-0.0657657657657657,0.938,1.0,-0.037789661319073,0.953,1.0,False,False
SILVERM,time,GANN_TOPEN_EVE,-1.0,0.4234234234234234,0.4707207207207207,111,-0.0472972972972973,0.802,1.0,0.5169340463458111,0.4602495543672014,561,0.0566844919786096,0.004,0.0454736842105263,PROXY_XAGUSD,0.0383375104427736,0.0,0.0,5985.0,-0.0472972972972973,0.802,1.0,0.0566844919786096,0.004,0.108,True,True
GOLD,reversal,FIBPIV,0.001,0.3648648648648648,0.3455223880597015,74,0.0193424768051633,0.345,0.8397303370786515,0.3273542600896861,0.3040723981900452,223,0.0232818618996408,0.245,0.588,PROXY_XAUUSD,0.001130660572127,0.443,0.8886315789473684,4912.0,0.0175594756433079,0.353,0.9376941176470588,0.0293915643180348,0.18,0.6375483870967742,False,False
GOLD,reversal,FIBPIV,0.0025,0.3043478260869565,0.2195704057279236,23,0.0847774203590329,0.134,0.4990344827586207,0.291044776119403,0.2574828705373242,134,0.0335619055820787,0.138,0.4597714285714285,PROXY_XAUUSD,-9.299271904289474e-05,0.489,0.8981632653061224,2458.0,0.0847774203590329,0.136,0.5995102040816327,0.0325732548504772,0.15,0.5890909090909091,False,False
GOLD,reversal,GANNPTS,0.001,0.3396226415094339,0.3505154639175257,53,-0.0108928224080918,0.585,0.9949606299212598,0.3072289156626506,0.284083898827884,332,0.0231450168347665,0.167,0.4874594594594595,PROXY_XAUUSD,-0.0006409433110597,0.546,0.9185046728971964,7108.0,-0.0108928224080918,0.581,1.0,0.0212282989497304,0.183,0.6375483870967742,False,False
GOLD,reversal,GANNPTS,0.0025,0.3888888888888889,0.3152173913043478,18,0.073671497584541,0.22,0.7083529411764706,0.3288288288288288,0.2877466727856815,222,0.0410821560431473,0.022,0.176,PROXY_XAUUSD,-0.0093210930755034,0.983,1.0,3901.0,0.0718157181571815,0.227,0.8038032786885246,0.0405570822141857,0.026,0.324,False,False
GOLD,reversal,GQTR,0.001,0.3947368421052631,0.4281984334203655,38,-0.0334615913151023,0.673,1.0,0.3703703703703703,0.3245877061469265,135,0.0457826642234437,0.141,0.4597714285714285,PROXY_XAUUSD,0.0025582829567366,0.381,0.8442857142857143,3487.0,-0.0340213278293773,0.677,1.0,0.0508114856429463,0.114,0.5890909090909091,False,False
GOLD,reversal,GQTR,0.0025,0.5,0.6233183856502242,10,-0.1233183856502242,0.851,1.0,0.2763157894736842,0.2918054630246502,76,-0.0154896735509659,0.656,0.94464,PROXY_XAUUSD,0.0070654610869775,0.257,0.7332352941176472,1361.0,-0.125,0.854,1.0,-0.0035837256693134,0.553,0.9405354330708662,False,False
GOLD,reversal,NUM9,0.001,0.3685817374410213,0.3678104961540066,3603,0.0007712412870147,0.325,0.8143448275862069,0.2977117470023408,0.2968751493371818,20933,0.0008365976651589,0.027,0.1881290322580645,PROXY_XAUUSD,-0.0027195300040688,0.665,0.9975,5041.0,-0.0015127595017246,0.85,1.0,-0.0002999952789484,0.763,0.9819183673469388,False,False
GOLD,reversal,NUM9,0.0025,0.3434504792332268,0.3406150159744409,1252,0.0028354632587859,0.076,0.4701176470588235,0.2795747568423433,0.2783852388837132,13263,0.0011895179586301,0.001,0.0196363636363636,PROXY_XAUUSD,-0.0183751605855826,0.992,1.0,2710.0,0.0009923786745676,0.304,0.87552,0.0004543751212034,0.143,0.5890909090909091,False,False
GOLD,reversal,PDRFIB,0.001,0.4461538461538462,0.4246782740348221,65,0.021475572119024,0.313,0.8143448275862069,0.3273542600896861,0.3144213381555154,223,0.0129329219341707,0.336,0.6843364485981309,PROXY_XAUUSD,-0.0038729377165774,0.744,1.0,5855.0,0.0372512908583502,0.19,0.750109090909091,0.011350643453158,0.35,0.8790697674418604,False,False
GOLD,reversal,PDRFIB,0.0025,0.6470588235294118,0.6024096385542169,17,0.0446491849751948,0.246,0.7590857142857143,0.3252032520325203,0.2921117502054232,123,0.0330915018270971,0.121,0.4356,PROXY_XAUUSD,0.0024318448015882,0.343,0.8018181818181819,2280.0,0.0436934389140272,0.254,0.8400000000000001,0.0319794327306722,0.129,0.5890909090909091,False,False
GOLD,reversal,RND_A,0.001,0.2769230769230769,0.3464746019711903,65,-0.0695515250481133,0.909,1.0,0.2972350230414746,0.2985925746178112,434,-0.0013575515763365,0.514,0.8508091603053435,PROXY_XAUUSD,-0.0624946314524778,1.0,1.0,878.0,-0.0701088865472426,0.911,1.0,-0.0028377218663818,0.541,0.9405354330708662,False,False
GOLD,reversal,RND_A,0.0025,0.24,0.3416666666666667,25,-0.1016666666666666,0.898,1.0,0.2835249042145594,0.2882748319641524,261,-0.0047499277495929,0.576,0.876169014084507,PROXY_XAUUSD,-0.1025934705547145,1.0,1.0,526.0,-0.1023799582463465,0.901,1.0,-0.0049114865943328,0.583,0.951044776119403,False,False
GOLD,reversal,RND_B,0.001,0.3700305810397553,0.3634544334975369,327,0.0065761475422184,0.307,0.8143448275862069,0.2995637421231216,0.2994318868608727,2063,0.0001318552622489,0.491,0.8485714285714285,PROXY_XAUUSD,-0.0160893963891561,0.988,1.0,4675.0,0.0029283519851819,0.402,0.9565714285714286,-0.0006658096468433,0.545,0.9405354330708662,False,False
GOLD,reversal,RND_B,0.0025,0.3697478991596639,0.3351016799292661,119,0.0346462192303977,0.078,0.4701176470588235,0.2953020134228188,0.2911335578002245,1341,0.0041684556225943,0.148,0.4597714285714285,PROXY_XAUUSD,-0.0485099436813629,1.0,1.0,2584.0,0.0311235605353252,0.101,0.5498181818181819,0.0033437752010622,0.217,0.6696,False,False
GOLD,reversal,RND_MAJ,0.001,0.2571428571428571,0.4,35,-0.1428571428571429,0.981,1.0,0.3215859030837004,0.3017014138509465,227,0.0198844892327538,0.275,0.6456521739130435,PROXY_XAUUSD,-0.0713078828991364,0.998,1.0,450.0,-0.143459552495697,0.981,1.0,0.0181640318226332,0.293,0.8180999999999999,False,False
GOLD,reversal,RND_MAJ,0.0025,0.3571428571428571,0.4024390243902439,14,-0.0452961672473867,0.701,1.0,0.3457943925233644,0.2961887477313975,107,0.0496056447919669,0.11,0.4173559322033898,PROXY_XAUUSD,-0.1293747866731734,1.0,1.0,284.0,-0.0477154424522845,0.706,1.0,0.0484774962216966,0.115,0.5890909090909091,False,False
GOLD,reversal,SQ9_125,0.001,0.3700787401574803,0.3724255542437361,381,-0.0023468140862557,0.582,0.9949606299212598,0.3086486486486486,0.3013709699140787,1850,0.0072776787345699,0.043,0.251027027027027,PROXY_XAUUSD,-0.0056403685607143,0.79,1.0,4412.0,-0.0052655221376016,0.668,1.0,0.005173254592286,0.134,0.5890909090909091,False,False
GOLD,reversal,SQ9_125,0.0025,0.3515625,0.344723995493804,128,0.0068385045061959,0.328,0.8143448275862069,0.2815945716709075,0.2861281526925698,1179,-0.0045335810216622,0.846,0.9810947368421052,PROXY_XAUUSD,-0.0065388925491554,0.784,1.0,2350.0,0.0051058070866141,0.367,0.9376941176470588,-0.0049653926522383,0.86,0.9819183673469388,False,False
GOLD,reversal,SQ9_25,0.001,0.4139784946236559,0.3678702250130821,186,0.0461082696105737,0.092,0.4701176470588235,0.3007518796992481,0.301445873125967,931,-0.0006939934267189,0.529,0.856,PROXY_XAUUSD,-0.0001193983597251,0.519,0.8982692307692308,2193.0,0.0441405437611363,0.096,0.5498181818181819,-0.0019609136153898,0.575,0.951044776119403,False,False
GOLD,reversal,SQ9_25,0.0025,0.3939393939393939,0.3282789992418499,66,0.065660394697544,0.014,0.1778823529411764,0.2789915966386554,0.2855700462768195,595,-0.006578449638164,0.765,0.9732705882352942,PROXY_XAUUSD,0.0107067566073009,0.215,0.7013793103448276,1151.0,0.0643939393939393,0.016,0.3141818181818182,-0.0072875318210063,0.78,0.9819183673469388,False,False
GOLD,reversal,SWFIB,0.001,0.4371035940803383,0.4357762854033392,1892,0.001327308676999,0.394,0.8773608247422681,0.4111539105677441,0.4066535642286572,5971,0.0045003463390868,0.045,0.2557894736842105,PROXY_XAUUSD,0.0015651401190887,0.007,0.105,156664.0,0.0012483894986389,0.415,0.9582127659574468,0.0048286833297326,0.032,0.36,False,False
GOLD,reversal,SWFIB,0.0025,0.4165261382799325,0.4138315194104036,593,0.0026946188695289,0.37,0.8548085106382979,0.4031148134733792,0.3975522878801717,2761,0.0055625255932074,0.061,0.2994545454545455,PROXY_XAUUSD,0.000349745135064,0.34,0.8018181818181819,64741.0,-0.0022717811684297,0.623,1.0,0.0061149419147977,0.043,0.3715199999999999,False,False
GOLD,touch,FIBPIV,-1.0,0.6336633663366337,0.6516472868217055,101,-0.0179839204850718,0.751,1.0,0.6512820512820513,0.6597376886909181,195,-0.0084556374088667,0.699,0.9596962025316456,PROXY_XAUUSD,-0.0065414291754505,0.99,1.0,6027.0,-0.0184684166091028,0.759,1.0,-0.0090346236313578,0.709,0.9819183673469388,False,False
GOLD,touch,GANNPTS,-1.0,0.5,0.5078277886497065,76,-0.0078277886497064,0.659,1.0,0.6391304347826087,0.6352965403624382,230,0.0038338944201704,0.37,0.7110796460176991,PROXY_XAUUSD,-0.0204450966237774,1.0,1.0,7694.0,-0.0088062622309197,0.68,1.0,0.0028979533316606,0.403,0.9260425531914894,False,False
GOLD,touch,GQTR,-1.0,0.5526315789473685,0.5874744724302247,76,-0.0348428934828561,0.916,1.0,0.61875,0.6355796870009581,160,-0.0168296870009581,0.819,0.979756906077348,PROXY_XAUUSD,0.0024819279163602,0.222,0.7013793103448276,5338.0,-0.0355236286768656,0.923,1.0,-0.0168296870009581,0.819,0.9819183673469388,False,False
GOLD,touch,NUM9,-1.0,0.6326164874551972,0.6313360441800808,4464,0.0012804432751163,0.007,0.1163076923076923,0.7019814909441889,0.7015689414330005,17613,0.0004125495111884,0.033,0.216,PROXY_XAUUSD,0.0007031009226401,0.458,0.8886315789473684,5050.0,0.0006613854601036,0.101,0.5498181818181819,9.993766190485864e-05,0.336,0.8640000000000001,False,False
GOLD,touch,PDRFIB,-1.0,0.5748031496062992,0.5827948303715671,127,-0.0079916807652679,0.71,1.0,0.6319702602230484,0.6380506091846299,269,-0.0060803489615814,0.746,0.9732705882352942,PROXY_XAUUSD,0.0018119160871702,0.119,0.6274285714285714,8937.0,0.0073524735094704,0.276,0.8400000000000001,-0.0059090953408332,0.736,0.9819183673469388,False,False
GOLD,touch,RND_A,-1.0,0.6049382716049383,0.6260869565217392,81,-0.0211486849168008,0.804,1.0,0.7287066246056783,0.70453125,317,0.0241753746056782,0.013,0.1169999999999999,PROXY_XAUUSD,-0.0380345997172391,0.994,1.0,865.0,-0.0215378004895303,0.809,1.0,0.0238628746056782,0.013,0.2339999999999999,False,False
GOLD,touch,RND_B,-1.0,0.6343283582089553,0.6323840318368362,402,0.001944326372119,0.37,0.8548085106382979,0.706875,0.7046449112278069,1600,0.0022300887721931,0.17,0.4896000000000001,PROXY_XAUUSD,-0.0122789597703767,0.995,1.0,4591.0,0.0013225131648065,0.417,0.9582127659574468,0.0018970305615449,0.194,0.648,False,False
GOLD,touch,RND_MAJ,-1.0,0.627906976744186,0.6353383458646616,43,-0.0074313691204755,0.534,0.9563225806451612,0.8409090909090909,0.7099594130502653,132,0.1309496778588256,0.0,0.0,PROXY_XAUUSD,-0.0202522650559602,0.819,1.0,433.0,-0.006636202229531,0.528,1.0,0.1305470434683918,0.0,0.0,False,False
GOLD,touch,SQ9_125,-1.0,0.6285714285714286,0.6307334815114164,490,-0.0021620529399878,0.65,1.0,0.6988984088127295,0.7007321630977545,1634,-0.001833754285025,0.762,0.9732705882352942,PROXY_XAUUSD,-0.0049600993144924,0.866,1.0,4364.0,-0.0022776347910977,0.663,1.0,-0.0017238614962354,0.754,0.9819183673469388,False,False
GOLD,touch,SQ9_25,-1.0,0.6219512195121951,0.6289473684210526,246,-0.0069961489088574,0.751,1.0,0.6966019417475728,0.7018644893980015,824,-0.0052625476504286,0.854,0.9810947368421052,PROXY_XAUUSD,-0.0075311702802511,0.823,1.0,2227.0,-0.007858420017979,0.78,1.0,-0.0055062717547424,0.864,0.9819183673469388,False,False
GOLD,time,FIB_TZ,-1.0,0.3747412008281574,0.361514850108555,4830,0.0132263507196023,0.008,0.1234285714285714,0.3782099568581798,0.3801565679950897,14603,-0.0019466111369099,0.638,0.937469387755102,PROXY_XAUUSD,-0.0072088475697952,1.0,1.0,368389.0,0.0132263507196023,0.008,0.2468571428571428,-0.0019466111369099,0.638,0.9819183673469388,False,False
GOLD,time,GANN_TEXT,-1.0,0.3243243243243243,0.3743243243243243,74,-0.0499999999999999,0.766,1.0,0.3385416666666667,0.3026041666666667,192,0.0359375,0.145,0.4597714285714285,PROXY_XAUUSD,0.0049075785582254,0.277,0.7332352941176472,5410.0,-0.0499999999999999,0.766,1.0,0.0359375,0.145,0.5890909090909091,False,False
GOLD,time,GANN_TOPEN,-1.0,0.3157894736842105,0.3197368421052631,114,-0.0039473684210526,0.524,0.9563225806451612,0.2792022792022792,0.2663817663817663,351,0.0128205128205128,0.311,0.6843364485981309,PROXY_XAUUSD,-0.0157732593961799,0.995,1.0,8115.0,-0.0039473684210526,0.524,1.0,0.0128205128205128,0.311,0.8293333333333334,False,False
GOLD,time,GANN_TOPEN_EVE,-1.0,0.4912280701754385,0.4219298245614035,114,0.069298245614035,0.054,0.4486153846153846,0.4017094017094017,0.4153846153846154,351,-0.0136752136752136,0.689,0.9596962025316456,PROXY_XAUUSD,0.033573629081947,0.0,0.0,8115.0,0.069298245614035,0.054,0.5165217391304349,-0.0136752136752136,0.689,0.9819183673469388,False,False
SILVER,reversal,FIBPIV,0.001,0.3333333333333333,0.332,75,0.0013333333333332,0.512,0.9563225806451612,0.2314814814814814,0.2557974443918599,216,-0.0243159629103784,0.815,0.979756906077348,PROXY_XAGUSD,0.0141540744857712,0.036,0.3239999999999999,4131.0,-0.0002219263204616,0.519,1.0,-0.0252624844437433,0.82,0.9819183673469388,False,False
SILVER,reversal,FIBPIV,0.0025,0.3829787234042553,0.3866396761133603,47,-0.0036609527091049,0.515,0.9563225806451612,0.2777777777777778,0.3080636002271437,180,-0.0302858224493658,0.833,0.9810947368421052,PROXY_XAGUSD,0.0047423798562431,0.27,0.7332352941176472,3319.0,-0.0166835187057634,0.6,1.0,-0.030482227899202,0.837,0.9819183673469388,False,False
SILVER,reversal,GANNPTS,0.001,0.330188679245283,0.3619091751621872,106,-0.0317204959169042,0.7,1.0,0.2618181818181818,0.2731481481481481,550,-0.0113299663299663,0.759,0.9732705882352942,PROXY_XAGUSD,-0.0001102993766361,0.484,0.8981632653061224,792.0,-0.0323518863550879,0.7,1.0,-0.0118001138529316,0.767,0.9819183673469388,False,False
SILVER,reversal,GANNPTS,0.0025,0.3333333333333333,0.3809523809523809,66,-0.0476190476190476,0.878,1.0,0.316702819956616,0.3029844290657439,461,0.013718390890872,0.06,0.2994545454545455,PROXY_XAGUSD,-0.0077401980305527,0.657,0.9975,796.0,-0.0465169049239845,0.873,1.0,0.0132992543164215,0.07,0.4725,False,False
SILVER,reversal,GQTR,0.001,0.3214285714285714,0.4315068493150685,56,-0.110078277886497,0.888,1.0,0.2704918032786885,0.2916666666666667,122,-0.0211748633879781,0.688,0.9596962025316456,PROXY_XAGUSD,0.0022524747051357,0.39,0.8442857142857143,3267.0,-0.1135665409858958,0.895,1.0,-0.0215874046421035,0.692,0.9819183673469388,False,False
SILVER,reversal,GQTR,0.0025,0.4666666666666667,0.3339317773788151,30,0.1327348892878516,0.029,0.3456,0.3368421052631579,0.3398861872736679,95,-0.0030440820105099,0.532,0.856,PROXY_XAGUSD,-0.0049031266128991,0.703,1.0,2290.0,0.1315315315315315,0.031,0.5165217391304349,-0.0030440820105099,0.532,0.9342439024390244,False,False
SILVER,reversal,NUM9,0.001,0.3589597027722206,0.3575048176432803,6998,0.0014548851289403,0.031,0.3456,0.2631302811067543,0.2620777667439647,36214,0.0010525143627895,0.0,0.0,PROXY_XAGUSD,-0.0056452955241682,0.895,1.0,9446.0,0.00024241090189,0.395,0.9565714285714286,0.0002995885269171,0.1,0.5890909090909091,False,False
SILVER,reversal,NUM9,0.0025,0.3668845315904139,0.3648984666390385,4590,0.0019860649513754,0.001,0.027,0.3085635268165805,0.3077856557147608,30373,0.0007778711018196,0.0,0.0,PROXY_XAGUSD,1.1389498382308185e-05,0.497,0.8982692307692308,7739.0,0.0012386069246633,0.054,0.5165217391304349,0.0003777855523241,0.04,0.3715199999999999,True,False
SILVER,reversal,PDRFIB,0.001,0.4347826086956521,0.3796971396522715,92,0.0550854690433806,0.155,0.5559344262295082,0.2906403940886699,0.2942935459755794,203,-0.0036531518869094,0.493,0.8485714285714285,PROXY_XAGUSD,0.0053165501661472,0.215,0.7013793103448276,5436.0,0.0539637640517934,0.162,0.6602264150943397,-0.0044007222831217,0.502,0.9282644628099174,False,False
SILVER,reversal,PDRFIB,0.0025,0.4081632653061224,0.3343621399176955,49,0.0738011253884269,0.102,0.4701176470588235,0.3435582822085889,0.3466413181242078,163,-0.0030830359156188,0.553,0.857872340425532,PROXY_XAGUSD,-0.0035184450376132,0.701,1.0,3801.0,0.0738011253884269,0.099,0.5498181818181819,-0.0094378158419924,0.639,0.9819183673469388,False,False
SILVER,reversal,RND_A,0.001,0.3538461538461538,0.3633762517882689,65,-0.009530097942115,0.549,0.9563225806451612,0.2327586206896551,0.2546652030735455,464,-0.0219065823838904,0.875,0.986625,PROXY_XAGUSD,0.0340397463359975,0.001,0.0257142857142857,2013.0,-0.0119376686305819,0.563,1.0,-0.0228639794200541,0.886,0.9819183673469388,False,False
SILVER,reversal,RND_A,0.0025,0.3902439024390244,0.370575221238938,41,0.0196686812000863,0.346,0.8397303370786515,0.2559366754617414,0.3003456663679426,379,-0.0444089909062012,0.999,1.0,PROXY_XAGUSD,0.0224852615532595,0.03,0.303157894736842,1698.0,0.0196686812000863,0.346,0.9342,-0.044588090953208,0.999,1.0,False,False
SILVER,reversal,RND_B,0.001,0.3676470588235294,0.3622765414082451,136,0.0053705174152842,0.42,0.9096923076923076,0.2541073384446878,0.2547216291673509,913,-0.0006142907226631,0.534,0.856,PROXY_XAGUSD,0.0223947037445618,0.0,0.0,3929.0,0.0030827132165298,0.457,0.9970909090909092,-0.0006282358463446,0.532,0.9342439024390244,False,False
SILVER,reversal,RND_B,0.0025,0.4044943820224719,0.3624931656642974,89,0.0420012163581744,0.11,0.4701176470588235,0.3,0.3012538985424225,780,-0.0012538985424225,0.554,0.857872340425532,PROXY_XAGUSD,0.0255496568766198,0.002,0.04,3334.0,0.041953308638025,0.109,0.5498181818181819,-0.0013811978868308,0.56,0.945,False,False
SILVER,reversal,RND_MAJ,0.001,0.2307692307692307,0.3519163763066202,13,-0.1211471455373894,0.856,1.0,0.2897196261682243,0.2434175174637291,107,0.0463021087044951,0.161,0.4823013698630137,PROXY_XAGUSD,0.0291256868001199,0.032,0.303157894736842,1015.0,-0.1246314660948807,0.861,1.0,0.0463021087044951,0.158,0.5987368421052631,False,False
SILVER,reversal,RND_MAJ,0.0025,0.4285714285714285,0.4,7,0.0285714285714285,0.445,0.910867924528302,0.2898550724637681,0.2922118380062305,69,-0.0023567655424623,0.548,0.857872340425532,PROXY_XAGUSD,0.0241684528095587,0.073,0.4866666666666666,846.0,0.0316642120765832,0.435,0.9786122448979592,-0.003420145468984,0.552,0.9405354330708662,False,False
SILVER,reversal,SQ9_125,0.001,0.3655913978494624,0.3590215474273445,651,0.0065698504221178,0.198,0.66825,0.2638202247191011,0.2688275399575277,2225,-0.0050073152384265,0.91,0.9877386934673368,PROXY_XAGUSD,0.0319808229252281,0.021,0.2907692307692308,867.0,0.007877334482366,0.16,0.6602264150943397,-0.0034441565028823,0.808,0.9819183673469388,False,False
SILVER,reversal,SQ9_125,0.0025,0.369047619047619,0.3568381132969898,420,0.0122095057506292,0.05,0.4486153846153846,0.3197643277986074,0.3205496963886226,1867,-0.0007853685900151,0.631,0.9335342465753425,PROXY_XAGUSD,0.0403628116088121,0.023,0.2957142857142857,724.0,0.0129547573083947,0.05,0.5165217391304349,-0.0001520660071638,0.52,0.9282644628099174,False,False
SILVER,reversal,SQ9_25,0.001,0.3343558282208589,0.3588929219600726,326,-0.0245370937392137,0.929,1.0,0.2579787234042553,0.2673653744957025,1128,-0.0093866510914472,0.923,0.9958846153846154,PROXY_XAGUSD,0.0436298458740921,0.031,0.303157894736842,440.0,-0.0225282902623599,0.912,1.0,-0.0083017462454365,0.891,0.9819183673469388,False,False
SILVER,reversal,SQ9_25,0.0025,0.3588516746411483,0.3608917789131444,209,-0.0020401042719961,0.548,0.9563225806451612,0.3172268907563025,0.3191978274493419,952,-0.0019709366930394,0.648,0.9393825503355706,PROXY_XAGUSD,0.0359808994869462,0.08,0.496551724137931,363.0,-0.0032212977037273,0.577,1.0,-0.0008819861240102,0.567,0.9493953488372092,False,False
SILVER,reversal,SWFIB,0.001,0.4200869145340415,0.4138980904130943,2071,0.0061888241209471,0.05,0.4486153846153846,0.3887278582930757,0.3884359380910605,6210,0.0002919202020151,0.467,0.8336528925619835,PROXY_XAGUSD,0.0007442678784025,0.185,0.7013793103448276,122796.0,0.0072800605648632,0.053,0.5165217391304349,-1.763604167942523e-05,0.503,0.9282644628099174,False,False
SILVER,reversal,SWFIB,0.0025,0.4217573221757322,0.4235637779941577,1195,-0.0018064558184255,0.613,1.0,0.4169102765909602,0.413262325288751,4447,0.0036479513022091,0.102,0.4173559322033898,PROXY_XAGUSD,0.0011203793856302,0.057,0.4104,94703.0,-0.0011675359442994,0.567,1.0,0.0034817614147701,0.116,0.5890909090909091,False,False
SILVER,touch,FIBPIV,-1.0,0.75,0.7386759581881533,56,0.0113240418118466,0.379,0.8572500000000001,0.7441860465116279,0.7368839427662957,129,0.0073021037453322,0.372,0.7110796460176991,PROXY_XAGUSD,0.0025351184626341,0.334,0.8018181818181819,2137.0,0.0104529616724738,0.392,0.9565714285714286,0.0073021037453322,0.372,0.8928,False,False
SILVER,touch,GANNPTS,-1.0,0.6621621621621622,0.702808112324493,74,-0.0406459501623308,0.997,1.0,0.7167630057803468,0.7211994421199442,346,-0.0044364363395974,0.738,0.9732705882352942,PROXY_XAGUSD,0.0,1.0,1.0,0.0,-0.0406459501623308,0.997,1.0,-0.0045370360664938,0.743,0.9819183673469388,False,False
SILVER,touch,GQTR,-1.0,0.7758620689655172,0.7962962962962963,58,-0.020434227330779,0.754,1.0,0.7023809523809523,0.7174833635813672,84,-0.0151024112004148,0.684,0.9596962025316456,PROXY_XAGUSD,0.0016575278577738,0.376,0.8442857142857143,2564.0,-0.0213160615459465,0.762,1.0,-0.0151024112004148,0.684,0.9819183673469388,False,False
SILVER,touch,NUM9,-1.0,0.7637747946303346,0.7640358259196922,4991,-0.0002610312893576,0.723,1.0,0.7472126014138635,0.746655595753514,21077,0.0005570056603494,0.0,0.0,PROXY_XAGUSD,0.0014753672232666,0.307,0.7717808219178083,4961.0,-0.0005085582383577,0.871,1.0,0.0003898311684392,0.003,0.108,False,False
SILVER,touch,PDRFIB,-1.0,0.8020833333333334,0.8027069234773555,96,-0.0006235901440221,0.489,0.9554594594594594,0.7103448275862069,0.704215373715905,145,0.0061294538703018,0.359,0.7083243243243242,PROXY_XAGUSD,0.002902700895405,0.122,0.6274285714285714,4300.0,-0.0006235901440221,0.489,1.0,0.0061294538703018,0.359,0.8913103448275862,False,False
SILVER,touch,RND_A,-1.0,0.7727272727272727,0.7816593886462883,44,-0.0089321159190155,0.554,0.9573120000000002,0.7696078431372549,0.7423570595099184,204,0.0272507836273365,0.026,0.1881290322580645,PROXY_XAGUSD,0.0079419929056621,0.218,0.7013793103448276,957.0,-0.0089321159190155,0.554,1.0,0.0263172947125175,0.026,0.324,False,False
SILVER,touch,RND_B,-1.0,0.7472527472527473,0.7618781442146451,91,-0.0146253969618977,0.695,1.0,0.7523364485981309,0.7473982970671712,428,0.0049381515309596,0.29,0.6735483870967741,PROXY_XAGUSD,0.0029343494461024,0.351,0.8099999999999999,1824.0,-0.0157433399468055,0.709,1.0,0.0047314811232639,0.297,0.8180999999999999,False,False
SILVER,touch,RND_MAJ,-1.0,1.0,0.807909604519774,6,0.192090395480226,0.001,0.027,0.9019607843137256,0.741399762752076,51,0.1605610215616495,0.004,0.0454736842105263,PROXY_XAGUSD,0.0351919532394081,0.007,0.105,483.0,0.192090395480226,0.001,0.0432,0.1605610215616495,0.004,0.108,True,True
SILVER,touch,SQ9_125,-1.0,0.7611336032388664,0.7599394550958628,494,0.0011941481430035,0.381,0.8572500000000001,0.7559739319333816,0.7581701698819464,1381,-0.0021962379485648,0.838,0.9810947368421052,PROXY_XAGUSD,0.0316589410851526,0.026,0.303157894736842,388.0,0.0031700012743723,0.217,0.7944406779661017,-0.0008733866621968,0.658,0.9819183673469388,False,False
SILVER,touch,SQ9_25,-1.0,0.7732793522267206,0.7603621730382294,247,0.0129171791884912,0.09,0.4701176470588235,0.757532281205165,0.7603083669283542,697,-0.0027760857231892,0.762,0.9732705882352942,PROXY_XAGUSD,0.0204303881654516,0.18,0.7013793103448276,199.0,0.0127726158502878,0.096,0.5498181818181819,-0.0015027212591112,0.659,0.9819183673469388,False,False
SILVER,time,FIB_TZ,-1.0,0.3614754098360656,0.3742393724159864,4880,-0.0127639625799208,0.993,1.0,0.3891483211029575,0.3945515131437925,13491,-0.0054031920408349,0.887,0.9877386934673368,PROXY_XAGUSD,-0.0038742697920752,0.998,1.0,239822.0,-0.0127639625799208,0.993,1.0,-0.0054031920408349,0.887,0.9819183673469388,False,False
SILVER,time,GANN_TEXT,-1.0,0.5138888888888888,0.3548611111111111,72,0.1590277777777777,0.001,0.027,0.3961038961038961,0.3584415584415584,154,0.0376623376623376,0.208,0.5249302325581395,PROXY_XAGUSD,0.0108145363408521,0.099,0.594,3990.0,0.1590277777777777,0.001,0.0432,0.0376623376623376,0.208,0.6607058823529411,False,False
SILVER,time,GANN_TOPEN,-1.0,0.2612612612612612,0.3495495495495495,111,-0.0882882882882882,0.987,1.0,0.2389937106918239,0.2237421383647798,318,0.015251572327044,0.255,0.6052747252747253,PROXY_XAGUSD,-0.0195906432748537,1.0,1.0,5985.0,-0.0882882882882882,0.987,1.0,0.015251572327044,0.255,0.7443243243243243,False,False
SILVER,time,GANN_TOPEN_EVE,-1.0,0.4684684684684684,0.4387387387387387,111,0.0297297297297297,0.277,0.7854545454545455,0.4654088050314465,0.4487421383647799,318,0.0166666666666666,0.303,0.68175,PROXY_XAGUSD,0.0383375104427736,0.0,0.0,5985.0,0.0297297297297297,0.277,0.8400000000000001,0.0166666666666666,0.303,0.8180999999999999,False,False
