und,period,test,fam,d,claimed,placebo,n_claimed,diff,ci_lo,ci_hi,p,q_bh
CRUDEOIL,design,reversal,FIBPIV,0.001,0.32941176470588235,0.41173054587688734,85,-0.082318781171005,-0.1706673835013977,0.013358893557422974,0.949,1.0
CRUDEOIL,design,reversal,FIBPIV,0.0025,0.4,0.4057632398753894,65,-0.005763239875389403,-0.11266927179552871,0.11056819549183874,0.53,1.0
CRUDEOIL,design,reversal,GANNPTS,0.001,0.328125,0.39461172741679873,64,-0.06648672741679873,-0.21253110452084875,0.07020743890568554,0.837,1.0
CRUDEOIL,design,reversal,GANNPTS,0.0025,0.3541666666666667,0.445771144278607,48,-0.0916044776119403,-0.2287134564831979,0.06380890453697974,0.888,1.0
CRUDEOIL,design,reversal,GQTR,0.001,0.5555555555555556,0.47333880229696473,63,0.08221675325859085,-0.04102657514490612,0.20172682954001858,0.089,0.5498181818181819
CRUDEOIL,design,reversal,GQTR,0.0025,0.5813953488372093,0.53437876960193,43,0.047016579235279354,-0.11272120169004414,0.189832831802344,0.263,0.8400000000000001
CRUDEOIL,design,reversal,NUM9,0.001,0.46436781609195404,0.4319664492078285,435,0.03240136688412554,0.005786385292648805,0.055348592466218906,0.012,0.2808
CRUDEOIL,design,reversal,NUM9,0.0025,0.4630225080385852,0.4468941100740264,311,0.016128397964558783,-0.011104610670766261,0.0414892160365959,0.12,0.5634782608695652
CRUDEOIL,design,reversal,PDRFIB,0.001,0.5047619047619047,0.49080348499515974,105,0.013958419766745,-0.07418875379486876,0.09779531437432414,0.358,0.9376941176470588
CRUDEOIL,design,reversal,PDRFIB,0.0025,0.5070422535211268,0.5353535353535354,71,-0.028311281832408608,-0.11051094072280518,0.05749480705212898,0.746,1.0
CRUDEOIL,design,reversal,RND_A,0.001,0.475,0.4294117647058823,40,0.04558823529411765,-0.10253039510185216,0.202466793773992,0.28,0.8400000000000001
CRUDEOIL,design,reversal,RND_A,0.0025,0.32142857142857145,0.45819935691318325,28,-0.1367707854846118,-0.30021739474684345,0.048665550089245516,0.93,1.0
CRUDEOIL,design,reversal,RND_B,0.001,0.47619047619047616,0.44490521327014215,84,0.03128526292033401,-0.08052104296380108,0.13702592594842328,0.297,0.8698378378378377
CRUDEOIL,design,reversal,RND_B,0.0025,0.42857142857142855,0.46683250414593697,63,-0.03826107557450842,-0.14697107478162563,0.06333335571551353,0.755,1.0
CRUDEOIL,design,reversal,RND_MAJ,0.001,0.375,0.49390243902439024,8,-0.11890243902439024,-0.4775325627996851,0.24685734335522205,0.752,1.0
CRUDEOIL,design,reversal,RND_MAJ,0.0025,0.0,0.415929203539823,5,-0.415929203539823,-0.5102930162890844,-0.322299676607977,1.0,1.0
CRUDEOIL,design,reversal,SQ9_125,0.001,0.4080717488789238,0.43478260869565216,223,-0.026710859816728383,-0.08873970173064619,0.02908785588545878,0.825,1.0
CRUDEOIL,design,reversal,SQ9_125,0.0025,0.4024390243902439,0.4500772797527048,164,-0.04763825536246086,-0.0991132304162317,0.0025786563344847445,0.967,1.0
CRUDEOIL,design,reversal,SQ9_25,0.001,0.40350877192982454,0.44217081850533807,114,-0.03866204657551353,-0.14143456488738732,0.05539614528116538,0.815,1.0
CRUDEOIL,design,reversal,SQ9_25,0.0025,0.3780487804878049,0.4473186119873817,82,-0.06926983149957683,-0.17258355507837114,0.028623722667587084,0.933,1.0
CRUDEOIL,design,reversal,SWFIB,0.001,0.4326923076923077,0.4323009469659052,2496,0.00039136072640250097,-0.009446236431496995,0.010788207171093616,0.479,1.0
CRUDEOIL,design,reversal,SWFIB,0.0025,0.4609375,0.45621903520208607,1920,0.004718464797913935,-0.003954199897484929,0.014016546563907382,0.135,0.5995102040816327
CRUDEOIL,design,touch,FIBPIV,,0.7837837837837838,0.8287581699346406,37,-0.044974386150856804,-0.1351790598090238,0.0365095895466058,0.879,1.0
CRUDEOIL,design,touch,GANNPTS,,0.0,0.6294117647058823,0,-0.6294117647058823,-0.7151396066609246,-0.5542055318046379,1.0,1.0
CRUDEOIL,design,touch,GQTR,,0.76,0.8017057569296375,50,-0.041705756929637516,-0.146965823959012,0.0479521654815772,0.837,1.0
CRUDEOIL,design,touch,NUM9,,0.7872340425531915,0.7896454209266913,235,-0.002411378373499806,-0.016709509468615595,0.012425127649049924,0.634,1.0
CRUDEOIL,design,touch,PDRFIB,,0.7951807228915663,0.8067122436295836,83,-0.011531520738017331,-0.05649692191224842,0.03636622133501399,0.683,1.0
CRUDEOIL,design,touch,RND_A,,0.9090909090909091,0.8033175355450237,22,0.10577337354588534,-0.04740750213128722,0.21822099199308478,0.071,0.5477142857142857
CRUDEOIL,design,touch,RND_B,,0.8536585365853658,0.7882069795427196,41,0.06545155704264627,-0.037959938554534105,0.16457566494274944,0.116,0.5568000000000001
CRUDEOIL,design,touch,RND_MAJ,,0.8333333333333334,0.8666666666666667,6,-0.033333333333333326,-0.4526271446078432,0.2073424796747967,0.53,1.0
CRUDEOIL,design,touch,SQ9_125,,0.8035714285714286,0.8058823529411765,112,-0.002310924369747891,-0.05141583075514649,0.04706178314266548,0.563,1.0
CRUDEOIL,design,touch,SQ9_25,,0.8148148148148148,0.7958257713248639,54,0.018989043489950896,-0.06245827476100073,0.1021945748724911,0.341,0.9323544303797469
CRUDEOIL,design,time,FIB_TZ,,0.3786764705882353,0.373694868063026,4896,0.004981602525209294,-0.00793863609507076,0.016351436579002215,0.197,0.7598571428571429
CRUDEOIL,design,time,GANN_TEXT,,0.5138888888888888,0.4875,72,0.02638888888888885,-0.0868229166666667,0.14864583333333334,0.319,0.9004675324675324
CRUDEOIL,design,time,GANN_TOPEN,,0.36936936936936937,0.29774774774774776,111,0.07162162162162161,-0.029324324324324302,0.17345720720720717,0.084,0.5498181818181819
CRUDEOIL,design,time,GANN_TOPEN_EVE,,0.4594594594594595,0.3864864864864865,111,0.072972972972973,-0.0427927927927928,0.18603603603603597,0.123,0.5652765957446808
NATURALGAS,design,reversal,FIBPIV,0.001,0.3132530120481928,0.35340632603406325,83,-0.040153313985870465,-0.14574334238262812,0.06313765541521389,0.761,1.0
NATURALGAS,design,reversal,FIBPIV,0.0025,0.375,0.4100197758734344,80,-0.03501977587343441,-0.11884528188496221,0.0425431441746659,0.793,1.0
NATURALGAS,design,reversal,GANNPTS,0.001,0.20454545454545456,0.3004338394793926,44,-0.09588838493393806,-0.2324219591682827,0.04667242851000118,0.905,1.0
NATURALGAS,design,reversal,GANNPTS,0.0025,0.3023255813953488,0.3675496688741722,43,-0.06522408747882336,-0.21825532951691926,0.06975295784830769,0.812,1.0
NATURALGAS,design,reversal,GQTR,0.001,0.42424242424242425,0.38184791496320525,66,0.042394509279219006,-0.06421656680784467,0.15470236897437478,0.214,0.7944406779661017
NATURALGAS,design,reversal,GQTR,0.0025,0.46551724137931033,0.4200743494423792,58,0.04544289193693113,-0.08874887833288363,0.18071268771821009,0.266,0.8400000000000001
NATURALGAS,design,reversal,NUM9,0.001,0.3234323432343234,0.35400857802705377,303,-0.03057623479273036,-0.07151850568025542,0.017606591601618874,0.88,1.0
NATURALGAS,design,reversal,NUM9,0.0025,0.38661710037174724,0.4138504155124654,269,-0.02723331514071814,-0.06903644395537319,0.012053664644142908,0.901,1.0
NATURALGAS,design,reversal,PDRFIB,0.001,0.4339622641509434,0.35384615384615387,106,0.08011611030478955,-0.011960081007480165,0.1694406275984618,0.052,0.5165217391304349
NATURALGAS,design,reversal,PDRFIB,0.0025,0.44680851063829785,0.41565600882028664,94,0.031152501818011213,-0.04804288463582826,0.10905980253847386,0.236,0.8221935483870968
NATURALGAS,design,reversal,RND_A,0.001,0.3076923076923077,0.32786885245901637,39,-0.02017654476670866,-0.16745589379053194,0.12593093093093094,0.617,1.0
NATURALGAS,design,reversal,RND_A,0.0025,0.3055555555555556,0.3901345291479821,36,-0.0845789735924265,-0.22450781854480498,0.05835696713449457,0.872,1.0
NATURALGAS,design,reversal,RND_B,0.001,0.39436619718309857,0.34281650071123754,71,0.05154969647186103,-0.050388986013986045,0.15697943778402054,0.159,0.6602264150943397
NATURALGAS,design,reversal,RND_B,0.0025,0.417910447761194,0.42170542635658914,67,-0.0037949785953951265,-0.1178659370725034,0.09283034263754425,0.526,1.0
NATURALGAS,design,reversal,RND_MAJ,0.001,0.6666666666666666,0.4098360655737705,6,0.2568306010928961,-0.199752021338668,0.6302615640850935,0.112,0.5498181818181819
NATURALGAS,design,reversal,RND_MAJ,0.0025,0.5,0.42857142857142855,6,0.07142857142857145,-0.42988975817923186,0.5333928571428571,0.369,0.9376941176470588
NATURALGAS,design,reversal,SQ9_125,0.001,0.28735632183908044,0.33314947600661887,87,-0.04579315416753843,-0.13617362143198133,0.03927135594906735,0.874,1.0
NATURALGAS,design,reversal,SQ9_125,0.0025,0.4155844155844156,0.3768203883495146,77,0.03876402723490102,-0.09000454889017907,0.1604945870920942,0.279,0.8400000000000001
NATURALGAS,design,reversal,SQ9_25,0.001,0.35555555555555557,0.3472987872105843,45,0.008256768344971244,-0.13261612916229681,0.1403659003809317,0.48,1.0
NATURALGAS,design,reversal,SQ9_25,0.0025,0.42105263157894735,0.4139590854392298,38,0.0070935461397175215,-0.14978040540540544,0.15640561213878665,0.475,1.0
NATURALGAS,design,reversal,SWFIB,0.001,0.3410301953818828,0.34874405222972227,2252,-0.007713856847839484,-0.016386305759155034,0.0012354657305209066,0.956,1.0
NATURALGAS,design,reversal,SWFIB,0.0025,0.407673860911271,0.41075695307273247,2085,-0.003083092161461465,-0.011986570634089089,0.005498315216546714,0.754,1.0
NATURALGAS,design,touch,FIBPIV,,0.9473684210526315,0.9744897959183674,19,-0.027121374865735848,-0.12317691515029051,0.030004716981132096,0.753,1.0
NATURALGAS,design,touch,GANNPTS,,0.0,0.0,0,0.0,0.0,0.0,1.0,1.0
NATURALGAS,design,touch,GQTR,,1.0,0.9531568228105907,26,0.046843177189409335,0.0,0.11647952646953307,0.111,0.5498181818181819
NATURALGAS,design,touch,NUM9,,0.9696969696969697,0.9707808564231738,99,-0.0010838867262040752,-0.013703820973593628,0.010140746279703008,0.598,1.0
NATURALGAS,design,touch,PDRFIB,,0.975,0.9751552795031055,40,-0.00015527950310556538,-0.04047483761115659,0.03638771167039673,0.57,1.0
NATURALGAS,design,touch,RND_A,,1.0,0.9675925925925926,9,0.03240740740740744,0.0,0.07533679193950875,0.042,0.5165217391304349
NATURALGAS,design,touch,RND_B,,0.8947368421052632,0.9584487534626038,19,-0.06371191135734067,-0.21588900318163146,0.03735824267010878,0.837,1.0
NATURALGAS,design,touch,RND_MAJ,,1.0,1.0,1,0.0,-1.0,0.0,1.0,1.0
NATURALGAS,design,touch,SQ9_125,,0.9565217391304348,0.9573560767590619,23,-0.0008343376286270576,-0.0832965704660457,0.06186841813546169,0.466,1.0
NATURALGAS,design,touch,SQ9_25,,1.0,0.9338842975206612,17,0.06611570247933884,0.021006205829612216,0.11742424242424243,0.0,0.0
NATURALGAS,design,time,FIB_TZ,,0.3752224199288256,0.3732032086176934,4496,0.0020192113111321963,-0.013844736098133205,0.018649416914165426,0.403,0.9565714285714286
NATURALGAS,design,time,GANN_TEXT,,0.4444444444444444,0.34791666666666665,72,0.09652777777777777,-0.03541666666666665,0.2306076388888888,0.083,0.5498181818181819
NATURALGAS,design,time,GANN_TOPEN,,0.2702702702702703,0.23603603603603604,111,0.034234234234234245,-0.050461711711711724,0.11849099099099097,0.25,0.8400000000000001
NATURALGAS,design,time,GANN_TOPEN_EVE,,0.5585585585585585,0.4018018018018018,111,0.1567567567567567,0.05989864864864865,0.2563175675675676,0.001,0.0432
GOLDM,design,reversal,FIBPIV,0.001,0.43283582089552236,0.36306235201262826,67,0.0697734688828941,-0.01992069772602612,0.15449102072391907,0.065,0.536
GOLDM,design,reversal,FIBPIV,0.0025,0.25,0.28205128205128205,20,-0.03205128205128205,-0.19801278893131338,0.10241836360300861,0.678,1.0
GOLDM,design,reversal,GANNPTS,0.001,0.4782608695652174,0.36046511627906974,46,0.11779575328614766,-0.030801259887672683,0.2523449149044015,0.055,0.5165217391304349
GOLDM,design,reversal,GANNPTS,0.0025,0.14285714285714285,0.3004807692307692,14,-0.15762362637362637,-0.3376927373956842,0.05690125680275999,0.951,1.0
GOLDM,design,reversal,GQTR,0.001,0.4634146341463415,0.5023923444976076,41,-0.038977710351266126,-0.16639994416165602,0.08376048379465491,0.708,1.0
GOLDM,design,reversal,GQTR,0.0025,0.5384615384615384,0.5231788079470199,13,0.015282730514518561,-0.22080801274197498,0.27975529913960284,0.441,0.9786122448979592
GOLDM,design,reversal,NUM9,0.001,0.3964638897213066,0.39601297129279556,3337,0.0004509184285110268,-0.0026040289383655033,0.0035091303544786327,0.375,0.9418604651162791
GOLDM,design,reversal,NUM9,0.0025,0.34429992348890587,0.3463392242368602,1307,-0.0020393007479543312,-0.00527390466211121,0.001349743058842331,0.88,1.0
GOLDM,design,reversal,PDRFIB,0.001,0.5072463768115942,0.5021246458923513,69,0.0051217309192429505,-0.07440179048805205,0.08426375021824711,0.444,0.9786122448979592
GOLDM,design,reversal,PDRFIB,0.0025,0.6071428571428571,0.5678776290630975,28,0.03926522807975963,-0.051540827740492165,0.15924509657692598,0.227,0.8038032786885246
GOLDM,design,reversal,RND_A,0.001,0.5147058823529411,0.390612569610183,68,0.12409331274275814,0.021142337701451047,0.20812388456463304,0.007,0.24685714285714286
GOLDM,design,reversal,RND_A,0.0025,0.5,0.34269662921348315,26,0.15730337078651685,0.0212426513962849,0.29308754778898627,0.013,0.2808
GOLDM,design,reversal,RND_B,0.001,0.3903225806451613,0.3940169572868341,310,-0.003694376641672825,-0.036161217963010625,0.025329709238775408,0.601,1.0
GOLDM,design,reversal,RND_B,0.0025,0.35658914728682173,0.367172306495527,129,-0.010583159208705284,-0.053072043737233406,0.0381056058025267,0.672,1.0
GOLDM,design,reversal,RND_MAJ,0.001,0.6176470588235294,0.38057324840764334,34,0.2370738104158861,0.09845040267885796,0.37529630242693374,0.0,0.0
GOLDM,design,reversal,RND_MAJ,0.0025,0.5384615384615384,0.3654618473895582,13,0.1729996910719802,-0.09126724905534163,0.4553529595173087,0.106,0.5498181818181819
GOLDM,design,reversal,SQ9_125,0.001,0.4209039548022599,0.39988517295823167,354,0.021018781844028223,-0.0070189895270038145,0.047071582917612695,0.063,0.536
GOLDM,design,reversal,SQ9_125,0.0025,0.3684210526315789,0.3383988139362491,133,0.030022238695329828,-0.006279289615803486,0.06834132698955458,0.055,0.5165217391304349
GOLDM,design,reversal,SQ9_25,0.001,0.41530054644808745,0.40096344573533577,183,0.014337100712751683,-0.04279597973786293,0.06515242894668284,0.298,0.8698378378378377
GOLDM,design,reversal,SQ9_25,0.0025,0.38571428571428573,0.3467446964155084,70,0.03896958929877731,-0.009951366929512028,0.08510961760111328,0.067,0.536
GOLDM,design,reversal,SWFIB,0.001,0.44607843137254904,0.4460264258607795,1836,5.200551176953727e-05,-0.008134895710451878,0.008716199005358808,0.498,1.0
GOLDM,design,reversal,SWFIB,0.0025,0.3889943074003795,0.39936986824517856,527,-0.01037556084479907,-0.0286758847016794,0.007333161475746143,0.875,1.0
GOLDM,design,touch,FIBPIV,,0.5980392156862745,0.6307222787385555,102,-0.03268306305228097,-0.08062797979095106,0.0184480299851053,0.912,1.0
GOLDM,design,touch,GANNPTS,,0.44594594594594594,0.520746887966805,74,-0.07480094202085907,-0.12146648348250182,-0.031126299435770808,1.0,1.0
GOLDM,design,touch,GQTR,,0.5263157894736842,0.5661764705882353,76,-0.0398606811145511,-0.08976823604308366,-0.0002618655683175488,0.976,1.0
GOLDM,design,touch,NUM9,,0.6014777187716462,0.6021675582617939,4331,-0.0006898394901476701,-0.0014706684190176345,0.00010654014790413271,0.952,1.0
GOLDM,design,touch,PDRFIB,,0.5625,0.5666666666666667,128,-0.004166666666666652,-0.03143992680708695,0.02183446128188144,0.645,1.0
GOLDM,design,touch,RND_A,,0.6282051282051282,0.6115755627009646,78,0.016629565504163613,-0.04218680268919714,0.07702338043805974,0.329,0.9110769230769231
GOLDM,design,touch,RND_B,,0.5959079283887468,0.6039387308533917,391,-0.008030802464644826,-0.020343306805015452,0.003469269921314996,0.919,1.0
GOLDM,design,touch,RND_MAJ,,0.5897435897435898,0.5879332477535302,39,0.001810341990059583,-0.14212023421385314,0.12969164190415883,0.505,1.0
GOLDM,design,touch,SQ9_125,,0.6075156576200418,0.6010826566729127,479,0.006433000947129064,-0.0025848201236520706,0.01590334611860169,0.085,0.5498181818181819
GOLDM,design,touch,SQ9_25,,0.5983263598326359,0.6030025020850709,239,-0.004676142252434956,-0.023237361542789627,0.011997589919266555,0.698,1.0
GOLDM,design,time,FIB_TZ,,0.39198036006546644,0.3817182086895719,4888,0.010262151375894535,-0.003295091884132514,0.02475802910342791,0.078,0.5498181818181819
GOLDM,design,time,GANN_TEXT,,0.3611111111111111,0.3819444444444444,72,-0.020833333333333315,-0.12918402777777777,0.09097222222222218,0.658,1.0
GOLDM,design,time,GANN_TOPEN,,0.36036036036036034,0.3130630630630631,111,0.04729729729729726,-0.05995495495495495,0.16353603603603606,0.191,0.750109090909091
GOLDM,design,time,GANN_TOPEN_EVE,,0.5135135135135135,0.4198198198198198,111,0.09369369369369368,-0.004054054054054014,0.1824436936936937,0.032,0.5165217391304349
SILVERM,design,reversal,FIBPIV,0.001,0.2857142857142857,0.3775310254735467,77,-0.09181673975926102,-0.2309199067982327,0.015019167482148543,0.955,1.0
SILVERM,design,reversal,FIBPIV,0.0025,0.39622641509433965,0.4498031496062992,53,-0.053576734511959545,-0.15041896718554304,0.02088259308204017,0.912,1.0
SILVERM,design,reversal,GANNPTS,0.001,0.37168141592920356,0.35967302452316074,113,0.012008391406042818,-0.0675437133094368,0.09723207493234241,0.366,0.9376941176470588
SILVERM,design,reversal,GANNPTS,0.0025,0.4155844155844156,0.4014313597918022,77,0.01415305579261339,-0.057846911447177914,0.08794881995862117,0.321,0.9004675324675324
SILVERM,design,reversal,GQTR,0.001,0.33962264150943394,0.45523091423185674,53,-0.1156082727224228,-0.24916827760214133,0.029646113107691212,0.936,1.0
SILVERM,design,reversal,GQTR,0.0025,0.3333333333333333,0.42644628099173554,30,-0.09311294765840222,-0.20653672110214405,0.032805536479870806,0.932,1.0
SILVERM,design,reversal,NUM9,0.001,0.3568747393299041,0.3559753325036675,7193,0.0008994068262366262,-0.0002643961054682453,0.0021743783582705454,0.064,0.536
SILVERM,design,reversal,NUM9,0.0025,0.4001636661211129,0.39929144097559977,4888,0.0008722251455131613,-0.0001262324720480129,0.0019993594395004838,0.04,0.5165217391304349
SILVERM,design,reversal,PDRFIB,0.001,0.4,0.4084895259095921,90,-0.008489525909592066,-0.09555040271139104,0.07889565089081688,0.545,1.0
SILVERM,design,reversal,PDRFIB,0.0025,0.42592592592592593,0.387717690192484,54,0.03820823573344195,-0.023164727636821612,0.11069728224029322,0.102,0.5498181818181819
SILVERM,design,reversal,RND_A,0.001,0.2916666666666667,0.3661560904449307,72,-0.07448942377826401,-0.19352884383838964,0.03169206031667405,0.904,1.0
SILVERM,design,reversal,RND_A,0.0025,0.3333333333333333,0.4075268817204301,54,-0.0741935483870968,-0.18796443548873637,0.033513220696706765,0.912,1.0
SILVERM,design,reversal,RND_B,0.001,0.3284671532846715,0.3637354651162791,137,-0.03526831183160756,-0.10645461113027606,0.03484743175140427,0.839,1.0
SILVERM,design,reversal,RND_B,0.0025,0.4,0.39217758985200846,100,0.007822410147991565,-0.07000494973204555,0.08063287340676398,0.439,0.9786122448979592
SILVERM,design,reversal,RND_MAJ,0.001,0.23076923076923078,0.37681159420289856,13,-0.14604236343366778,-0.37504528985507246,0.11729630965742069,0.882,1.0
SILVERM,design,reversal,RND_MAJ,0.0025,0.2222222222222222,0.3548387096774194,9,-0.13261648745519716,-0.394120174132203,0.1670932692432103,0.817,1.0
SILVERM,design,reversal,SQ9_125,0.001,0.35098335854765506,0.35453527435610305,661,-0.003551915808447992,-0.02139511170714983,0.014281327131350979,0.675,1.0
SILVERM,design,reversal,SQ9_125,0.0025,0.36607142857142855,0.3760932944606414,448,-0.010021865889212833,-0.02700869612298471,0.006305198321900989,0.899,1.0
SILVERM,design,reversal,SQ9_25,0.001,0.3641791044776119,0.3506949524506218,335,0.013484152026990104,-0.01066986827826819,0.0428887373784783,0.16,0.6602264150943397
SILVERM,design,reversal,SQ9_25,0.0025,0.3799126637554585,0.38095238095238093,229,-0.0010397171969224184,-0.024655008163207277,0.02203869205669296,0.539,1.0
SILVERM,design,reversal,SWFIB,0.001,0.4136460554371002,0.42158458244111346,2345,-0.007938527004013263,-0.015472571045449787,-0.0003315040798365395,0.98,1.0
SILVERM,design,reversal,SWFIB,0.0025,0.42388059701492536,0.4228325011348162,1340,0.0010480958801091789,-0.009674175026784712,0.01127406444110662,0.413,0.9582127659574469
SILVERM,design,touch,FIBPIV,,0.671875,0.6864337936636881,64,-0.014558793663688063,-0.07556074237694166,0.0459366241830396,0.688,1.0
SILVERM,design,touch,GANNPTS,,0.6351351351351351,0.6669266770670826,74,-0.03179154193194755,-0.07029763414311538,0.007722176929165048,0.94,1.0
SILVERM,design,touch,GQTR,,0.7407407407407407,0.7941729323308271,54,-0.053432191590086386,-0.11708682783105825,0.013151128954700369,0.942,1.0
SILVERM,design,touch,NUM9,,0.7215290156466627,0.7207454449981671,5049,0.0007835706484956573,-5.017112351092534e-05,0.0015824644055025567,0.034,0.5165217391304349
SILVERM,design,touch,PDRFIB,,0.7888888888888889,0.7756906077348066,90,0.01319828115408228,-0.01842647037461333,0.04613983982967218,0.207,0.7844210526315789
SILVERM,design,touch,RND_A,,0.8181818181818182,0.702819956616052,44,0.11536186156576622,0.020617744918880028,0.20799077687084702,0.01,0.27
SILVERM,design,touch,RND_B,,0.7362637362637363,0.7237569060773481,91,0.012506830186388207,-0.026684281795316497,0.05730087154944075,0.28,0.8400000000000001
SILVERM,design,touch,RND_MAJ,,0.5714285714285714,0.7727272727272727,7,-0.2012987012987013,-0.5891926295624117,0.20758563394683024,0.863,1.0
SILVERM,design,touch,SQ9_125,,0.718503937007874,0.7169569924220057,508,0.0015469445858682374,-0.008503820723035257,0.012352722013471215,0.397,0.9565714285714286
SILVERM,design,touch,SQ9_25,,0.7233201581027668,0.7175662414131502,253,0.005753916689616667,-0.012635811441501879,0.024307567912611776,0.277,0.8400000000000001
SILVERM,design,time,FIB_TZ,,0.39473684210526316,0.3991552795031056,5206,-0.004418437397842423,-0.01670062886789342,0.007102070787644629,0.754,1.0
SILVERM,design,time,GANN_TEXT,,0.4861111111111111,0.39861111111111114,72,0.08749999999999997,-0.0375347222222222,0.20630208333333333,0.085,0.5498181818181819
SILVERM,design,time,GANN_TOPEN,,0.27927927927927926,0.345045045045045,111,-0.06576576576576576,-0.14506756756756756,0.016227477477477468,0.938,1.0
SILVERM,design,time,GANN_TOPEN_EVE,,0.42342342342342343,0.47072072072072074,111,-0.047297297297297314,-0.14956081081081082,0.05856981981981977,0.802,1.0
GOLD,design,reversal,FIBPIV,0.001,0.36486486486486486,0.3473053892215569,74,0.017559475643307954,-0.06918253219836043,0.1105238503042998,0.353,0.9376941176470588
GOLD,design,reversal,FIBPIV,0.0025,0.30434782608695654,0.21957040572792363,23,0.0847774203590329,-0.08908147273794281,0.22059744211292334,0.136,0.5995102040816327
GOLD,design,reversal,GANNPTS,0.001,0.33962264150943394,0.35051546391752575,53,-0.010892822408091807,-0.13462579413072767,0.10544474421982396,0.581,1.0
GOLD,design,reversal,GANNPTS,0.0025,0.3888888888888889,0.3170731707317073,18,0.07181571815718157,-0.10945714285714285,0.22200595855201288,0.227,0.8038032786885246
GOLD,design,reversal,GQTR,0.001,0.39473684210526316,0.4287581699346405,38,-0.034021327829377335,-0.20452128851297124,0.14582729215190046,0.677,1.0
GOLD,design,reversal,GQTR,0.0025,0.5,0.625,10,-0.125,-0.3780097250167673,0.12267678347934909,0.854,1.0
GOLD,design,reversal,NUM9,0.001,0.36858173744102135,0.370094496942746,3603,-0.0015127595017246365,-0.004249183760946532,0.0017833018292667197,0.85,1.0
GOLD,design,reversal,NUM9,0.0025,0.34345047923322686,0.3424581005586592,1252,0.00099237867456764,-0.0028673219023309005,0.0049820194726452605,0.304,0.87552
GOLD,design,reversal,PDRFIB,0.001,0.4626865671641791,0.4254352763058289,67,0.03725129085835022,-0.05066441512530777,0.11435482456642146,0.19,0.750109090909091
GOLD,design,reversal,PDRFIB,0.0025,0.6470588235294118,0.6033653846153846,17,0.043693438914027216,-0.11123859072654253,0.16457492520441896,0.254,0.8400000000000001
GOLD,design,reversal,RND_A,0.001,0.27692307692307694,0.3470319634703196,65,-0.07010888654724268,-0.16257786910267288,0.03459414823280192,0.911,1.0
GOLD,design,reversal,RND_A,0.0025,0.24,0.34237995824634654,25,-0.10237995824634655,-0.2815093003202759,0.05129675667230351,0.901,1.0
GOLD,design,reversal,RND_B,0.001,0.37003058103975534,0.3671022290545734,327,0.0029283519851819317,-0.027226808068592456,0.03115821984240656,0.402,0.9565714285714286
GOLD,design,reversal,RND_B,0.0025,0.3697478991596639,0.3386243386243386,119,0.03112356053532528,-0.01850339378111067,0.0810545360343948,0.101,0.5498181818181819
GOLD,design,reversal,RND_MAJ,0.001,0.2571428571428571,0.4006024096385542,35,-0.14345955249569708,-0.28502794681968857,-0.008413274565724682,0.981,1.0
GOLD,design,reversal,RND_MAJ,0.0025,0.35714285714285715,0.4048582995951417,14,-0.04771544245228454,-0.30289905541414663,0.14524979508671515,0.706,1.0
GOLD,design,reversal,SQ9_125,0.001,0.3700787401574803,0.37534426229508194,381,-0.005265522137601619,-0.026872624268058542,0.01606533279351738,0.668,1.0
GOLD,design,reversal,SQ9_125,0.0025,0.3515625,0.3464566929133858,128,0.005105807086614178,-0.027289234070863682,0.04571445697130225,0.367,0.9376941176470588
GOLD,design,reversal,SQ9_25,0.001,0.41397849462365593,0.3698379508625196,186,0.04414054376113635,-0.019705876900039436,0.10814377811864688,0.096,0.5498181818181819
GOLD,design,reversal,SQ9_25,0.0025,0.3939393939393939,0.32954545454545453,66,0.06439393939393939,0.005851834300072785,0.1382217345350321,0.016,0.3141818181818182
GOLD,design,reversal,SWFIB,0.001,0.43940990516332984,0.4381615156646909,1898,0.0012483894986389243,-0.008806673801220128,0.011314479912365375,0.415,0.9582127659574469
GOLD,design,reversal,SWFIB,0.0025,0.41455160744500846,0.4168233886134382,591,-0.002271781168429743,-0.01867253529290419,0.013242035130638624,0.623,1.0
GOLD,design,touch,FIBPIV,,0.6336633663366337,0.6521317829457365,101,-0.01846841660910281,-0.06574878258650473,0.02979948922223674,0.759,1.0
GOLD,design,touch,GANNPTS,,0.5,0.5088062622309197,76,-0.008806262230919737,-0.04458794772062542,0.03085628648429472,0.68,1.0
GOLD,design,touch,GQTR,,0.5526315789473685,0.5881552076242341,76,-0.03552362867686565,-0.08595041247999181,0.013446307342576909,0.923,1.0
GOLD,design,touch,NUM9,,0.6326164874551972,0.6319551019950935,4464,0.0006613854601036362,-0.00038246017400123946,0.0017494296881737203,0.101,0.5498181818181819
GOLD,design,touch,PDRFIB,,0.5905511811023622,0.5831987075928917,127,0.007352473509470436,-0.016097667557974957,0.033899577484498504,0.276,0.8400000000000001
GOLD,design,touch,RND_A,,0.6049382716049383,0.6264760720944687,81,-0.021537800489530357,-0.07262964907041289,0.029476862575534037,0.809,1.0
GOLD,design,touch,RND_B,,0.6343283582089553,0.6330058450441487,402,0.0013225131648065824,-0.010930826648735561,0.013778621951065972,0.417,0.9582127659574469
GOLD,design,touch,RND_MAJ,,0.627906976744186,0.6345431789737171,43,-0.006636202229531096,-0.13449169346769035,0.11781742597833389,0.528,1.0
GOLD,design,touch,SQ9_125,,0.6293279022403259,0.6316055370314236,491,-0.0022776347910977712,-0.012395562043913755,0.008004350098488378,0.663,1.0
GOLD,design,touch,SQ9_25,,0.6219512195121951,0.6298096395301742,246,-0.007858420017979095,-0.02696265279636762,0.011651920271646632,0.78,1.0
GOLD,design,time,FIB_TZ,,0.3747412008281574,0.361514850108555,4830,0.013226350719602376,0.0023415750242189504,0.02541032511654613,0.008,0.24685714285714286
GOLD,design,time,GANN_TEXT,,0.32432432432432434,0.37432432432432433,74,-0.04999999999999999,-0.17569256756756757,0.07569256756756755,0.766,1.0
GOLD,design,time,GANN_TOPEN,,0.3157894736842105,0.31973684210526315,114,-0.003947368421052644,-0.1043859649122807,0.10308114035087718,0.524,1.0
GOLD,design,time,GANN_TOPEN_EVE,,0.49122807017543857,0.4219298245614035,114,0.06929824561403508,-0.01271929824561402,0.15088815789473686,0.054,0.5165217391304349
SILVER,design,reversal,FIBPIV,0.001,0.3333333333333333,0.33355525965379496,75,-0.00022192632046164062,-0.12383161326768519,0.11753310573751861,0.519,1.0
SILVER,design,reversal,FIBPIV,0.0025,0.3695652173913043,0.3862487360970677,46,-0.0166835187057634,-0.1329804930113568,0.10799667587576292,0.6,1.0
SILVER,design,reversal,GANNPTS,0.001,0.330188679245283,0.3625405656003709,106,-0.0323518863550879,-0.14266784673577657,0.07629442078718278,0.7,1.0
SILVER,design,reversal,GANNPTS,0.0025,0.3333333333333333,0.3798502382573179,66,-0.04651690492398458,-0.130608072066479,0.029953712423639263,0.873,1.0
SILVER,design,reversal,GQTR,0.001,0.32142857142857145,0.43499511241446726,56,-0.1135665409858958,-0.2907768078981238,0.06917516408851733,0.895,1.0
SILVER,design,reversal,GQTR,0.0025,0.4666666666666667,0.33513513513513515,30,0.13153153153153152,-0.009272143211664986,0.26655715426185206,0.031,0.5165217391304349
SILVER,design,reversal,NUM9,0.001,0.3589597027722206,0.3587172918703306,6998,0.00024241090189003334,-0.0011124428451630114,0.0015763190615283207,0.395,0.9565714285714286
SILVER,design,reversal,NUM9,0.0025,0.36688453159041395,0.36564592466575063,4590,0.0012386069246633213,-0.00025102923720526774,0.0026462719127602536,0.054,0.5165217391304349
SILVER,design,reversal,PDRFIB,0.001,0.43478260869565216,0.3808188446438587,92,0.053963764051793484,-0.04211853043168265,0.1613297500930729,0.162,0.6602264150943397
SILVER,design,reversal,PDRFIB,0.0025,0.40816326530612246,0.3343621399176955,49,0.07380112538842698,-0.04100528541279159,0.18687877479545545,0.099,0.5498181818181819
SILVER,design,reversal,RND_A,0.001,0.35384615384615387,0.36578382247673585,65,-0.011937668630581988,-0.12391857311585634,0.11078587238232232,0.563,1.0
SILVER,design,reversal,RND_A,0.0025,0.3902439024390244,0.37057522123893805,41,0.019668681200086358,-0.09999418377236,0.15737595417360264,0.346,0.9341999999999999
SILVER,design,reversal,RND_B,0.001,0.36764705882352944,0.36456434560699963,136,0.003082713216529809,-0.06558094379014465,0.07635342522101751,0.457,0.9970909090909091
SILVER,design,reversal,RND_B,0.0025,0.4044943820224719,0.36254107338444685,89,0.041953308638025044,-0.029531920908796125,0.12414824299286184,0.109,0.5498181818181819
SILVER,design,reversal,RND_MAJ,0.001,0.23076923076923078,0.3554006968641115,13,-0.12463146609488074,-0.33812801802125647,0.11498292290833442,0.861,1.0
SILVER,design,reversal,RND_MAJ,0.0025,0.42857142857142855,0.39690721649484534,7,0.03166421207658321,-0.398852256238255,0.44732872866127577,0.435,0.9786122448979592
SILVER,design,reversal,SQ9_125,0.001,0.36809815950920244,0.3602208250268364,652,0.00787733448236605,-0.007770121689971168,0.022870099081247815,0.16,0.6602264150943397
SILVER,design,reversal,SQ9_125,0.0025,0.37054631828978624,0.3575915609813915,421,0.012954757308394738,-0.0020089906409384885,0.027788517330964786,0.05,0.5165217391304349
SILVER,design,reversal,SQ9_25,0.001,0.3374233128834356,0.3599516031457955,326,-0.022528290262359918,-0.0564697523677899,0.010867033069960976,0.912,1.0
SILVER,design,reversal,SQ9_25,0.0025,0.3588516746411483,0.3620729723448757,209,-0.003221297703727366,-0.03366558759037572,0.026705176865862275,0.577,1.0
SILVER,design,reversal,SWFIB,0.001,0.42290961817303047,0.4156295576081672,2069,0.007280060564863244,-0.001425513611647558,0.01625461037768588,0.053,0.5165217391304349
SILVER,design,reversal,SWFIB,0.0025,0.42462311557788945,0.4257906515221889,1194,-0.0011675359442994693,-0.012217545343678273,0.010296410321993337,0.567,1.0
SILVER,design,touch,FIBPIV,,0.75,0.7395470383275261,56,0.010452961672473893,-0.04451273999975625,0.07180443271377868,0.392,0.9565714285714286
SILVER,design,touch,GANNPTS,,0.6621621621621622,0.702808112324493,74,-0.04064595016233086,-0.07410127990589432,-0.009802535093232785,0.997,1.0
SILVER,design,touch,GQTR,,0.7758620689655172,0.7971781305114638,58,-0.021316061545946563,-0.07634756011616295,0.03886080234187025,0.762,1.0
SILVER,design,touch,NUM9,,0.7637747946303346,0.7642833528686923,4991,-0.0005085582383577147,-0.0014068961232334809,0.00036003224957575073,0.871,1.0
SILVER,design,touch,PDRFIB,,0.8020833333333334,0.8027069234773555,96,-0.0006235901440221348,-0.02405323644945463,0.022012371377106994,0.489,1.0
SILVER,design,touch,RND_A,,0.7727272727272727,0.7816593886462883,44,-0.008932115919015549,-0.11285734149054509,0.10305497405017099,0.554,1.0
SILVER,design,touch,RND_B,,0.7472527472527473,0.7629960871995528,91,-0.015743339946805546,-0.06445494306613386,0.037974679964530716,0.709,1.0
SILVER,design,touch,RND_MAJ,,1.0,0.807909604519774,6,0.192090395480226,0.11584193245778611,0.2752808988764045,0.001,0.0432
SILVER,design,touch,SQ9_125,,0.7631578947368421,0.7599878934624698,494,0.0031700012743723915,-0.004647196406081277,0.010876823271139712,0.217,0.7944406779661017
SILVER,design,touch,SQ9_25,,0.7732793522267206,0.7605067363764327,247,0.012772615850287883,-0.00618557246392897,0.03067140795560395,0.096,0.5498181818181819
SILVER,design,time,FIB_TZ,,0.3614754098360656,0.3742393724159864,4880,-0.012763962579920851,-0.024450809106533456,-0.0018524678021018845,0.993,1.0
SILVER,design,time,GANN_TEXT,,0.5138888888888888,0.3548611111111111,72,0.1590277777777777,0.04791666666666666,0.26807291666666666,0.001,0.0432
SILVER,design,time,GANN_TOPEN,,0.26126126126126126,0.34954954954954953,111,-0.08828828828828827,-0.1644481981981982,-0.007195945945945938,0.987,1.0
SILVER,design,time,GANN_TOPEN_EVE,,0.46846846846846846,0.43873873873873875,111,0.029729729729729704,-0.08424549549549547,0.12974099099099093,0.277,0.8400000000000001
