period,fam,d,claimed,placebo,n_claimed,diff,ci_lo,ci_hi,p
2015-2022,PDRFIB,0.001,0.5061300023132084,0.4923266664339651,4323,0.013803335879243261,0.0012343733816181563,0.0265638672593957,0.015
2015-2022,PDRFIB,0.0025,0.5012562814070352,0.4869293192095645,1592,0.01432696219747065,-0.004082008669350483,0.031129572291942836,0.057
2015-2022,RND10,0.001,0.43949491406524027,0.4690708917040121,2851,-0.029575977638771844,-0.04855998474712305,-0.011360265710654148,1.0
2015-2022,RND10,0.0025,0.4018575851393189,0.46356835906414134,1615,-0.06171077392482244,-0.08327757288960184,-0.04126569398007107,1.0
2015-2022,RND100,0.001,0.38283828382838286,0.475210970464135,303,-0.09237268663575215,-0.14820665571725405,-0.03377236988427692,0.999
2015-2022,RND100,0.0025,0.2897727272727273,0.47780596068484465,176,-0.18803323341211736,-0.25238893132104995,-0.11779589612620414,1.0
2015-2022,RND50,0.001,0.4094903339191564,0.4698234208908021,569,-0.06033308697164569,-0.10018839105144338,-0.018644102906985163,0.998
2015-2022,RND50,0.0025,0.3547400611620795,0.46818400384677034,327,-0.11344394268469082,-0.16454114560973349,-0.0635790115290681,1.0
2015-2022,SQ9_125,0.001,0.4645378151260504,0.4691221126616398,2975,-0.004584297535589366,-0.021418100426427295,0.010979819765577867,0.693
2015-2022,SQ9_125,0.0025,0.4400494437577256,0.4606521129830899,1618,-0.0206026692253643,-0.04052116582622421,0.00044839981128464676,0.97
2023,PDRFIB,0.001,0.47201492537313433,0.4909666604581859,536,-0.018951735085051546,-0.05328587482615,0.01593107028409182,0.859
2023,PDRFIB,0.0025,0.43781094527363185,0.44,201,-0.002189054726368156,-0.047298313465385204,0.04301127655678162,0.539
2023,RND10,0.001,0.47954545454545455,0.4521840419336051,440,0.027361412611849434,-0.01836267253865697,0.07177386662765131,0.102
2023,RND10,0.0025,0.3902439024390244,0.4288933964390354,246,-0.038649494000011,-0.09249741459575174,0.014246604785211179,0.913
2023,RND100,0.001,0.41935483870967744,0.4383078730904818,31,-0.018953034380804368,-0.19023597966523687,0.14577398062757546,0.579
2023,RND100,0.0025,0.38095238095238093,0.39215686274509803,21,-0.011204481792717103,-0.19973441954387075,0.17686593589048516,0.546
2023,RND50,0.001,0.4225352112676056,0.46296296296296297,71,-0.04042775169535734,-0.1604014515672759,0.07422281386301648,0.771
2023,RND50,0.0025,0.3023255813953488,0.437862950058072,43,-0.1355373686627232,-0.26605670721742153,-0.004557691739333489,0.977
2023,SQ9_125,0.001,0.4396984924623116,0.45073859987154785,398,-0.011040107409236277,-0.053237010211072196,0.0356483041321525,0.666
2023,SQ9_125,0.0025,0.4020100502512563,0.41937888198757767,199,-0.017368831736321366,-0.07844510260024623,0.03848226580058508,0.712
