sym,mb,side,part,n,days,pay_over_prem,med_ret,by,db
CRUDEOIL,ATM,call,design,208,208,1.0290062,-1.0,mb+side,
CRUDEOIL,ATM,put,design,209,209,0.9057496,-0.845311,mb+side,
CRUDEOIL,ITM1,call,design,200,200,1.1143097,-0.9551167,mb+side,
CRUDEOIL,ITM1,put,design,195,195,0.8465493,-0.67105263,mb+side,
CRUDEOIL,ITM2-3,call,design,360,205,0.98893356,-0.620475,mb+side,
CRUDEOIL,ITM2-3,put,design,331,195,0.8677033,-0.4300745,mb+side,
CRUDEOIL,OTM1,call,design,202,202,1.0701802,-1.0,mb+side,
CRUDEOIL,OTM1,put,design,200,200,0.8971829,-0.9786798,mb+side,
CRUDEOIL,OTM2-3,call,design,396,207,1.1479149,-1.0,mb+side,
CRUDEOIL,OTM2-3,put,design,395,210,0.88658607,-1.0,mb+side,
CRUDEOIL,,,design,433,32,0.7168419,-1.0,db,1-3
CRUDEOIL,,,design,1222,100,1.0692625,-1.0,db,11-20
CRUDEOIL,,,design,101,9,0.4286764,-1.0,db,21+
CRUDEOIL,,,design,940,72,0.9722681,-1.0,db,4-10
CRUDEOIL,,,design,2696,213,0.9730465,-1.0,all,
CRUDEOIL,ATM,call,holdout,47,47,2.0325425,1.1623538,mb+side,
CRUDEOIL,ATM,put,holdout,46,46,0.11541938,-1.0,mb+side,
CRUDEOIL,ITM1,call,holdout,47,47,1.9148363,0.9076923,mb+side,
CRUDEOIL,ITM1,put,holdout,43,43,0.12526357,-1.0,mb+side,
CRUDEOIL,ITM2-3,call,holdout,84,47,2.004875,1.2083153,mb+side,
CRUDEOIL,ITM2-3,put,holdout,70,42,0.16416033,-1.0,mb+side,
CRUDEOIL,OTM1,call,holdout,47,47,1.9524822,0.8356643,mb+side,
CRUDEOIL,OTM1,put,holdout,48,48,0.12194209,-1.0,mb+side,
CRUDEOIL,OTM2-3,call,holdout,89,48,1.9476953,0.67364025,mb+side,
CRUDEOIL,OTM2-3,put,holdout,92,48,0.10801649,-1.0,mb+side,
CRUDEOIL,,,holdout,111,8,0.69668746,-1.0,db,1-3
CRUDEOIL,,,holdout,245,20,1.0561937,-1.0,db,11-20
CRUDEOIL,,,holdout,32,3,1.5254326,-0.28034073,db,21+
CRUDEOIL,,,holdout,225,17,1.161391,-0.8041775,db,4-10
CRUDEOIL,,,holdout,613,48,1.085935,-0.98043436,all,
NATURALGAS,ATM,call,design,197,197,0.9624671,-1.0,mb+side,
NATURALGAS,ATM,put,design,193,193,0.83395046,-0.55474406,mb+side,
NATURALGAS,ITM1,call,design,179,179,0.89879465,-1.0,mb+side,
NATURALGAS,ITM1,put,design,172,172,0.87845576,-0.34282672,mb+side,
NATURALGAS,ITM2-3,call,design,269,168,0.9186635,-0.73493975,mb+side,
NATURALGAS,ITM2-3,put,design,225,150,0.9131821,-0.18012446,mb+side,
NATURALGAS,OTM1,call,design,195,195,0.92459804,-1.0,mb+side,
NATURALGAS,OTM1,put,design,194,194,0.77676564,-0.85841835,mb+side,
NATURALGAS,OTM2-3,call,design,359,203,0.9939345,-1.0,mb+side,
NATURALGAS,OTM2-3,put,design,354,197,0.68540245,-1.0,mb+side,
NATURALGAS,,,design,403,31,1.127443,-1.0,db,1-3
NATURALGAS,,,design,968,96,0.85322016,-1.0,db,11-20
NATURALGAS,,,design,73,11,0.6681854,-1.0,db,21+
NATURALGAS,,,design,893,74,0.88189435,-1.0,db,4-10
NATURALGAS,,,design,2337,212,0.8857647,-1.0,all,
NATURALGAS,ATM,call,holdout,52,52,0.6408542,-0.67212135,mb+side,
NATURALGAS,ATM,put,holdout,51,51,0.25680402,-1.0,mb+side,
NATURALGAS,ITM1,call,holdout,47,47,0.7816133,-0.36040735,mb+side,
NATURALGAS,ITM1,put,holdout,45,45,0.35913625,-0.77124184,mb+side,
NATURALGAS,ITM2-3,call,holdout,76,47,1.0054986,-0.06165546,mb+side,
NATURALGAS,ITM2-3,put,holdout,68,43,0.6022436,-0.45249456,mb+side,
NATURALGAS,OTM1,call,holdout,51,51,0.42481545,-1.0,mb+side,
NATURALGAS,OTM1,put,holdout,48,48,0.22862986,-1.0,mb+side,
NATURALGAS,OTM2-3,call,holdout,91,51,0.210724,-1.0,mb+side,
NATURALGAS,OTM2-3,put,holdout,84,52,0.22643007,-1.0,mb+side,
NATURALGAS,,,holdout,117,9,0.81255627,-1.0,db,1-3
NATURALGAS,,,holdout,238,22,0.50978464,-1.0,db,11-20
NATURALGAS,,,holdout,10,1,0.65762436,-1.0,db,21+
NATURALGAS,,,holdout,248,20,0.5575892,-1.0,db,4-10
NATURALGAS,,,holdout,613,52,0.5669462,-1.0,all,
GOLDM,ATM,call,design,66,66,1.2554768,-1.0,mb+side,
GOLDM,ATM,put,design,68,68,1.1776333,-0.1475814,mb+side,
GOLDM,ITM1,call,design,59,59,0.60756695,-1.0,mb+side,
GOLDM,ITM1,put,design,72,72,1.1756216,-0.30463672,mb+side,
GOLDM,ITM2-3,call,design,87,79,0.7997131,-1.0,mb+side,
GOLDM,ITM2-3,put,design,100,85,1.4154838,0.19787967,mb+side,
GOLDM,OTM1,call,design,76,76,0.75763756,-1.0,mb+side,
GOLDM,OTM1,put,design,59,59,1.1944041,-0.2753322,mb+side,
GOLDM,OTM2-3,call,design,126,100,0.8566035,-1.0,mb+side,
GOLDM,OTM2-3,put,design,119,96,1.226905,-0.6275,mb+side,
GOLDM,,,design,166,29,0.7684409,-0.8951608,db,1-3
GOLDM,,,design,309,74,1.0696833,-0.872622,db,11-20
GOLDM,,,design,42,13,0.7359784,-1.0,db,21+
GOLDM,,,design,315,66,1.1857519,-0.93726707,db,4-10
GOLDM,,,design,832,182,1.0518055,-0.94482905,all,
GOLDM,ATM,call,holdout,46,46,0.635503,-1.0,mb+side,
GOLDM,ATM,put,holdout,49,49,0.61115676,-0.51289535,mb+side,
GOLDM,ITM1,call,holdout,48,48,0.9074212,-1.0,mb+side,
GOLDM,ITM1,put,holdout,49,49,0.6094069,-0.4893961,mb+side,
GOLDM,ITM2-3,call,holdout,72,48,0.8980621,-0.8501972,mb+side,
GOLDM,ITM2-3,put,holdout,70,49,0.7451212,-0.2830186,mb+side,
GOLDM,OTM1,call,holdout,52,52,0.7353404,-1.0,mb+side,
GOLDM,OTM1,put,holdout,52,52,0.50660706,-0.8383019,mb+side,
GOLDM,OTM2-3,call,holdout,91,51,0.8633915,-1.0,mb+side,
GOLDM,OTM2-3,put,holdout,92,53,0.4111613,-1.0,mb+side,
GOLDM,,,holdout,121,9,0.8502669,-1.0,db,1-3
GOLDM,,,holdout,263,24,0.7419368,-0.98026055,db,11-20
GOLDM,,,holdout,13,1,1.990247,-1.0,db,21+
GOLDM,,,holdout,224,20,0.49702632,-1.0,db,4-10
GOLDM,,,holdout,621,54,0.7091671,-1.0,all,
SILVERM,ATM,call,design,47,47,1.9412845,-1.0,mb+side,
SILVERM,ATM,put,design,31,31,1.0773145,-0.65325207,mb+side,
SILVERM,ITM1,call,design,28,28,1.3780966,-0.76810735,mb+side,
SILVERM,ITM1,put,design,33,33,1.4678521,-0.35546875,mb+side,
SILVERM,ITM2-3,call,design,54,50,2.3303516,-1.0,mb+side,
SILVERM,ITM2-3,put,design,39,36,0.87551963,-1.0,mb+side,
SILVERM,OTM1,call,design,42,42,1.4343075,-1.0,mb+side,
SILVERM,OTM1,put,design,34,34,1.0599636,-0.89460254,mb+side,
SILVERM,OTM2-3,call,design,63,55,1.6312245,-1.0,mb+side,
SILVERM,OTM2-3,put,design,62,57,1.3669472,-0.6056664,mb+side,
SILVERM,,,design,100,18,1.2782562,-0.99214894,db,1-3
SILVERM,,,design,138,45,2.0727715,-1.0,db,11-20
SILVERM,,,design,34,15,1.8405787,-1.0,db,21+
SILVERM,,,design,161,41,0.8951563,-1.0,db,4-10
SILVERM,,,design,433,119,1.5405644,-1.0,all,
SILVERM,ATM,call,holdout,42,42,0.9758756,-0.99224204,mb+side,
SILVERM,ATM,put,holdout,45,45,0.56668216,-0.4433427,mb+side,
SILVERM,ITM1,call,holdout,30,30,0.86802655,-1.0,mb+side,
SILVERM,ITM1,put,holdout,34,34,0.66494024,-0.33903167,mb+side,
SILVERM,ITM2-3,call,holdout,42,31,0.48525584,-1.0,mb+side,
SILVERM,ITM2-3,put,holdout,42,33,0.794417,-0.15081945,mb+side,
SILVERM,OTM1,call,holdout,38,38,0.73123306,-1.0,mb+side,
SILVERM,OTM1,put,holdout,38,38,0.556137,-0.5068667,mb+side,
SILVERM,OTM2-3,call,holdout,62,40,0.73055905,-1.0,mb+side,
SILVERM,OTM2-3,put,holdout,62,40,0.41321114,-0.89034164,mb+side,
SILVERM,,,holdout,114,9,0.98321825,-0.9950446,db,1-3
SILVERM,,,holdout,142,22,0.68776566,-0.8876367,db,11-20
SILVERM,,,holdout,8,2,1.1648169,0.16747409,db,21+
SILVERM,,,holdout,171,20,0.51621807,-1.0,db,4-10
SILVERM,,,holdout,435,53,0.67175215,-0.9072504,all,
