rule,trades,hit,gross_tr,net_tr,gross_tot,net_tot,maxdd,worst_day,green_months,mini_share,random_p
passing cell: CRUDEOIL ATM call dte11-20 morning h240 E1,199,0.5477386934673367,392.2114478643216,113.89615326723101,78050.078125,22665.33450017897,75411.79540992797,-30916.88091378509,8/12,0.010050251256281407,0.105
passing cell: CRUDEOIL ATM call dte11-20 morning h240 E2,199,0.5477386934673367,477.9583893589039,199.40241170311955,95113.71948242188,39681.07992892079,58396.04998118615,-18297.825498884158,9/12,0.010050251256281407,0.0715
passing cell: CRUDEOIL ITM1 call dte11-20 morning h240 E1,193,0.5440414507772021,486.2992977478344,176.55418897211928,93855.76446533203,34074.95847161902,71119.61681785552,-30959.01862607855,9/12,0.0051813471502590676,0.04
passing cell: CRUDEOIL ITM1 call dte11-20 morning h240 E2,193,0.5440414507772021,536.9359766510485,227.08620152747247,103628.64349365234,43827.636894802185,61366.938394672354,-25757.47467314905,9/12,0.0051813471502590676,0.0285
passing cell: CRUDEOIL OTM1 call dte11-20 morning h240 E1,195,0.5487179487179488,585.8870943509615,309.4807659731823,114247.9833984375,60348.749364770556,66688.47835435011,-32221.8269543302,10/12,0.010256410256410256,0.0595
passing cell: CRUDEOIL OTM1 call dte11-20 morning h240 E2,195,0.5487179487179488,665.3103277744391,388.67527463897443,129735.51391601562,75791.67855460002,51245.549164520635,-19877.368430555296,10/12,0.010256410256410256,0.045
passing cell: CRUDEOIL OTM2-3 call dte11-20 morning h240 E1,199,0.5376884422110553,525.5432995360102,258.5460992289361,104583.11660766602,51450.673746558285,56834.866492323374,-27346.264780521058,9/12,0.005025125628140704,0.1235
passing cell: CRUDEOIL OTM2-3 call dte11-20 morning h240 E2,199,0.5376884422110553,608.5280168236201,341.29087916852853,121097.07534790039,67916.88495453718,40368.65528434448,-15094.618469087889,9/12,0.005025125628140704,0.102
passing cell: NATURALGAS ITM1 call dte4-10 morning h240 E1,147,0.5170068027210885,148.3843196816996,-65.44227577166956,21812.49499320984,-9620.014538435425,43631.624029772596,-6486.350670859984,6/11,0.0,0.275
passing cell: NATURALGAS ITM1 call dte4-10 morning h240 E2,147,0.5170068027210885,148.3843196816996,-65.44227577166956,21812.49499320984,-9620.014538435425,43631.624029772596,-6486.350670859984,6/11,0.0,0.336
passing cell: GOLDM OTM1 put dte11-20 morning h240 E1,93,0.41935483870967744,-141.5261020455309,-384.2080646892916,-13161.927490234375,-35731.350016104116,42005.354598216116,-7394.969211572396,3/12,0.0,0.351
passing cell: GOLDM OTM1 put dte11-20 morning h240 E2,93,0.41935483870967744,-141.5261020455309,-384.2080646892916,-13161.927490234375,-35731.350016104116,42005.354598216116,-7394.969211572396,3/12,0.0,0.3205
passing cell: GOLDM OTM2-3 call dte11-20 morning h240 E1,112,0.5535714285714286,735.8958053588867,463.7263944155233,82420.33020019531,51937.35617453861,25023.18372227838,-12074.140521374324,8/12,0.0,0.0405
passing cell: GOLDM OTM2-3 call dte11-20 morning h240 E2,112,0.5535714285714286,735.8958053588867,463.7263944155233,82420.33020019531,51937.35617453861,25023.18372227838,-12074.140521374324,8/12,0.0,0.039
passing cell: SILVERM OTM2-3 call dte4-10 afternoon h60 E1,127,0.4409448818897638,215.92453123077632,-65.19060054639618,27422.415466308594,-8279.206269392314,20560.076312583762,-5362.226512009166,5/9,0.0,0.3105
passing cell: SILVERM OTM2-3 call dte4-10 afternoon h60 E2,127,0.4409448818897638,215.92453123077632,-65.19060054639618,27422.415466308594,-8279.206269392314,20560.076312583762,-5362.226512009166,5/9,0.0,0.319
passing cell: SILVERM OTM2-3 call dte4-10 morning h60 E1,153,0.5228758169934641,546.1936701356975,258.1431840439737,83567.63153076172,39495.907158727976,9431.889578049755,-5138.194369604408,5/9,0.0,0.021
passing cell: SILVERM OTM2-3 call dte4-10 morning h60 E2,153,0.5228758169934641,546.1936701356975,258.1431840439737,83567.63153076172,39495.907158727976,9431.889578049755,-5138.194369604408,5/9,0.0,0.0205
passing cell: SILVERM OTM2-3 call dte11-20 morning h240 E1,78,0.6282051282051282,1852.18017578125,1438.7685225334114,144470.0537109375,112223.94475760609,30106.314917307856,-17926.571069564856,6/10,0.0,0.005
passing cell: SILVERM OTM2-3 call dte11-20 morning h240 E2,78,0.6282051282051282,1791.7036633613782,1378.6509091818334,139752.8857421875,107534.770916183,34005.39678231784,-21825.65293457484,6/10,0.0,0.0075
passing cell: SILVERM OTM2-3 call dte4-10 morning h240 E1,70,0.5714285714285714,644.8754490443638,358.4683257442475,45141.28143310547,25092.782802097325,22762.89760955998,-12593.708332786242,6/9,0.0,0.1835
passing cell: SILVERM OTM2-3 call dte4-10 morning h240 E2,70,0.5714285714285714,548.4261256626675,262.5315079529408,38389.82879638672,18377.205556705856,26510.57770446266,-12379.624449365732,6/9,0.0,0.269
