sym,rule,part,trades,gross_tr,net_tr,net_tot,hit,green_months
NATURALGAS,always,design,2889,14.927153017496972,-348.02525142284134,-1005444.9513605887,0.19453097957770854,0/12
NATURALGAS,always,holdout,854,-9.879964541216365,-284.01024625926175,-242544.75030540954,0.1522248243559719,0/4
NATURALGAS,gated rv/iv>=q80,design,679,-133.90699700508623,-434.17556002336113,-294805.2052558622,0.23269513991163476,0/12
NATURALGAS,gated rv/iv>=q80,holdout,186,72.24461564453699,-161.59327708298346,-30056.349537434922,0.22043010752688172,0/4
SILVERM,always,design,1125,-270.35003038194446,-846.9095756693531,-952773.2726280222,0.21422222222222223,0/12
SILVERM,always,holdout,761,-103.5140281406558,-665.050087508154,-506103.11659370514,0.22076215505913271,0/4
SILVERM,gated rv/iv>=q80,design,261,-472.47762628898766,-1082.08315074803,-282423.70234523586,0.20306513409961685,1/12
SILVERM,gated rv/iv>=q80,holdout,78,-414.5074932391827,-911.2492323483108,-71077.44012316824,0.20512820512820512,0/4
CRUDEOIL,always,design,3029,-80.33004230538309,-541.3176424535858,-1639651.1389919114,0.2030373060415979,0/12
CRUDEOIL,always,holdout,866,-73.53449374368505,-607.8696651394766,-526415.1300107868,0.24133949191685913,0/4
CRUDEOIL,gated rv/iv>=q80,design,722,-125.31124389732973,-542.414293198403,-391623.119689247,0.22160664819944598,0/12
CRUDEOIL,gated rv/iv>=q80,holdout,240,-72.12804476420085,-564.2429392629136,-135418.3054230993,0.2625,0/4
GOLDM,always,design,1469,-97.34394590249266,-506.3803639087658,-743872.7545819769,0.2273655547991831,0/12
GOLDM,always,holdout,839,-53.71865382779909,-449.50579690999814,-377135.36360748846,0.21811680572109654,0/4
GOLDM,gated rv/iv>=q80,design,363,-145.2717401173489,-564.9815484195691,-205088.30207630357,0.2809917355371901,0/12
GOLDM,gated rv/iv>=q80,holdout,183,-49.75269755379098,-423.5005125087094,-77500.59378909382,0.26229508196721313,0/4
