minute,realised,open_mtm,total
09:15,0,0,0
09:16,0,0,0
09:17,0,0,0
09:18,0,0,0
09:19,0,0,0
09:20,0,0,0
09:21,0,0,0
09:22,0,40,40
09:23,-878,391,-488
09:24,-878,745,-134
09:25,1354,0,1354
09:26,1354,0,1354
09:27,1354,0,1354
09:28,1354,0,1354
09:29,1354,0,1354
09:30,1354,-145,1209
09:31,1354,26,1380
09:32,1354,-190,1164
09:33,1354,-223,1131
09:34,1354,-58,1296
09:35,1354,125,1479
09:36,1354,-502,852
09:37,1354,-625,729
09:38,1354,-625,729
09:39,1354,-31,1323
09:40,1354,365,1719
09:41,1354,365,1719
09:42,1354,68,1422
09:43,1354,68,1422
09:44,1354,815,2169
09:45,1354,1154,2508
09:46,1354,974,2328
09:47,1354,788,2142
09:48,1354,788,2142
09:49,1354,704,2058
09:50,1354,704,2058
09:51,1354,374,1728
09:52,1354,395,1749
09:53,1354,341,1695
09:54,1354,758,2112
09:55,1354,758,2112
09:56,1354,185,1539
09:57,1354,332,1686
09:58,1354,119,1473
09:59,1354,119,1473
10:00,1354,119,1473
10:01,1354,659,2013
10:02,1354,659,2013
10:03,1354,659,2013
10:04,1354,659,2013
10:05,1354,659,2013
10:06,1354,659,2013
10:07,1354,659,2013
10:08,1354,659,2013
10:09,1354,659,2013
10:10,1354,257,1611
10:11,1354,257,1611
10:12,659,0,659
10:13,659,0,659
10:14,659,0,659
10:15,659,0,659
10:16,659,0,659
10:17,659,0,659
10:18,659,0,659
10:19,659,0,659
10:20,659,0,659
10:21,659,0,659
10:22,659,0,659
10:23,659,0,659
10:24,659,0,659
10:25,659,0,659
10:26,659,0,659
10:27,659,0,659
10:28,659,0,659
10:29,659,0,659
10:30,659,0,659
10:31,659,0,659
10:32,659,0,659
10:33,659,0,659
10:34,659,0,659
10:35,659,0,659
10:36,659,0,659
10:37,659,0,659
10:38,659,0,659
10:39,659,0,659
10:40,659,0,659
10:41,659,0,659
10:42,659,0,659
10:43,659,0,659
10:44,659,0,659
10:45,659,0,659
10:46,659,0,659
10:47,659,0,659
10:48,659,0,659
10:49,659,0,659
10:50,659,0,659
10:51,659,0,659
10:52,659,0,659
10:53,659,0,659
10:54,659,0,659
10:55,659,0,659
10:56,659,0,659
10:57,659,0,659
10:58,659,0,659
10:59,659,0,659
11:00,659,0,659
11:01,659,0,659
11:02,659,0,659
11:03,659,0,659
11:04,659,0,659
11:05,659,0,659
11:06,659,0,659
11:07,659,0,659
11:08,659,0,659
11:09,659,0,659
11:10,659,0,659
11:11,659,0,659
11:12,659,0,659
11:13,659,0,659
11:14,659,0,659
11:15,659,0,659
11:16,659,0,659
11:17,659,0,659
11:18,659,0,659
11:19,659,0,659
11:20,659,0,659
11:21,659,0,659
11:22,659,0,659
11:23,659,0,659
11:24,659,0,659
11:25,659,0,659
11:26,659,0,659
11:27,659,0,659
11:28,659,0,659
11:29,659,0,659
11:30,659,0,659
11:31,659,-1654,-995
11:32,659,-1240,-581
11:33,403,-1295,-892
11:34,403,-1264,-861
11:35,403,-712,-309
11:36,-1046,-780,-1826
11:37,-1046,-339,-1385
11:38,-1046,-105,-1151
11:39,-1046,-105,-1151
11:40,-1046,-105,-1151
11:41,-1046,5,-1040
11:42,-1046,-22,-1067
11:43,-1046,-32,-1078
11:44,-1046,146,-899
11:45,-1046,-29,-1075
11:46,-1046,-488,-1534
11:47,-1046,-839,-1885
11:48,-2392,253,-2139
11:49,-2392,274,-2118
11:50,-2392,283,-2109
11:51,-2392,586,-1806
11:52,-2392,412,-1980
11:53,-2392,456,-1937
11:54,-2392,556,-1836
11:55,-2392,564,-1829
11:56,-2392,718,-1674
11:57,-2392,789,-1604
11:58,-1968,0,-1968
11:59,-1968,0,-1968
12:00,-1968,562,-1407
12:01,-1968,-322,-2291
12:02,-1968,-17,-1985
12:03,-1968,-199,-2167
12:04,-1968,-43,-2011
12:05,-1968,204,-1764
12:06,-1968,278,-1690
12:07,-1968,228,-1741
12:08,-1968,37,-1931
12:09,-1968,63,-1905
12:10,-1968,222,-1746
12:11,-1968,109,-1859
12:12,-1968,432,-1536
12:13,-1968,222,-1746
12:14,-1968,312,-1656
12:15,-1994,477,-1517
12:16,-1994,406,-1588
12:17,-1994,1358,-636
12:18,-1994,1199,-795
12:19,-1994,1316,-678
12:20,-1994,1039,-955
12:21,-1994,795,-1199
12:22,-1994,945,-1049
12:23,-1994,1302,-692
12:24,-1994,1413,-580
12:25,-1994,1556,-438
12:26,-1994,1150,-844
12:27,-1994,1007,-987
12:28,-1994,1112,-882
12:29,-1994,946,-1048
12:30,-1994,1327,-666
12:31,-3322,2635,-687
12:32,-3322,2707,-615
12:33,-3322,3825,503
12:34,-3322,3015,-306
12:35,-3322,2632,-690
12:36,-3322,3158,-163
12:37,-3322,2876,-446
12:38,-3322,4651,1329
12:39,-3322,4811,1490
12:40,-3239,3461,222
12:41,-3239,2881,-359
12:42,-3239,3004,-236
12:43,-3239,2661,-578
12:44,-3239,3067,-172
12:45,-3220,2856,-364
12:46,-3220,2008,-1212
12:47,-3220,2677,-543
12:48,-3220,2729,-491
12:49,-3220,2928,-293
12:50,-3220,3175,-46
12:51,-3220,2674,-547
12:52,-3220,2504,-716
12:53,-3220,2433,-787
12:54,-3220,2009,-1211
12:55,-3220,3150,-70
12:56,-2125,4140,2015
12:57,-2125,3994,1869
12:58,-2125,3669,1544
12:59,-2125,3340,1216
13:00,-2125,3961,1837
13:01,-2125,3233,1109
13:02,-2125,3223,1099
13:03,-2125,3311,1187
13:04,-2125,2619,494
13:05,-2125,2985,861
13:06,-2125,3422,1297
13:07,-2125,3355,1230
13:08,-1998,2668,669
13:09,-1998,2833,835
13:10,-1998,2973,975
13:11,-1998,3194,1196
13:12,-1998,3435,1436
13:13,-1998,3396,1397
13:14,-1998,3253,1254
13:15,-1998,3897,1899
13:16,-1998,3436,1438
13:17,-1998,3995,1997
13:18,-1998,4390,2392
13:19,-1998,4863,2865
13:20,-1998,6681,4683
13:21,-904,4341,3437
13:22,-904,2764,1860
13:23,-904,3149,2245
13:24,-904,2898,1993
13:25,-904,3552,2648
13:26,-904,4500,3595
13:27,-904,4942,4038
13:28,-904,5199,4295
13:29,-904,5324,4420
13:30,-904,5871,4967
13:31,-904,4176,3272
13:32,-904,3772,2868
13:33,-904,2874,1970
13:34,-904,397,-507
13:35,-904,752,-152
13:36,-904,1043,139
13:37,-904,-629,-1533
13:38,-904,-1117,-2021
13:39,-3190,1082,-2108
13:40,-3740,3464,-276
13:41,-3740,2875,-865
13:42,-3740,3792,52
13:43,-3740,4443,704
13:44,-3740,4784,1045
13:45,-2002,4471,2469
13:46,-2002,4650,2648
13:47,-2002,4501,2499
13:48,-2002,4176,2174
13:49,-2002,4273,2271
13:50,-2002,4306,2304
13:51,-2002,4397,2395
13:52,-2002,4406,2404
13:53,-2002,4312,2310
13:54,-2002,4501,2499
13:55,-2002,4166,2164
13:56,-2002,4112,2110
13:57,-2002,3824,1822
13:58,-2002,5525,3523
13:59,-656,4107,3451
14:00,-656,5352,4696
14:01,-656,4796,4140
14:02,-656,4879,4223
14:03,-656,4981,4324
14:04,-656,6413,5757
14:05,-656,5754,5097
14:06,-656,5608,4952
14:07,-656,5469,4812
14:08,-656,6022,5366
14:09,-656,6057,5401
14:10,-656,6723,6067
14:11,-656,6757,6101
14:12,-656,6492,5836
14:13,-656,4989,4333
14:14,-656,4364,3707
14:15,-656,4020,3364
14:16,-427,4621,4194
14:17,-427,4663,4236
14:18,-427,5125,4697
14:19,-427,5069,4642
14:20,-427,5554,5126
14:21,-427,6460,6033
14:22,-427,5690,5263
14:23,-427,5680,5253
14:24,-427,5573,5146
14:25,-427,5492,5065
14:26,-427,5687,5260
14:27,-427,6074,5646
14:28,-427,5407,4980
14:29,-427,5229,4801
14:30,-427,4140,3713
14:31,3772,0,3772
14:32,3772,0,3772
14:33,3772,0,3772
14:34,3772,0,3772
14:35,3772,0,3772
14:36,3772,0,3772
14:37,3772,0,3772
14:38,3772,0,3772
14:39,3772,0,3772
14:40,3772,0,3772
14:41,3772,0,3772
14:42,3772,0,3772
14:43,3772,0,3772
14:44,3772,0,3772
14:45,3772,0,3772
14:46,3772,0,3772
14:47,3772,0,3772
14:48,3772,0,3772
14:49,3772,0,3772
14:50,3772,0,3772
14:51,3772,0,3772
14:52,3772,0,3772
14:53,3772,0,3772
14:54,3772,0,3772
14:55,3772,0,3772
14:56,3772,0,3772
14:57,3772,0,3772
14:58,3772,0,3772
14:59,3772,0,3772
15:00,3772,0,3772
15:01,3772,0,3772
15:02,3772,0,3772
15:03,3772,0,3772
15:04,3772,0,3772
15:05,3772,0,3772
15:06,3772,0,3772
15:07,3772,0,3772
15:08,3772,0,3772
15:09,3772,0,3772
15:10,3772,0,3772
15:11,3772,0,3772
15:12,3772,0,3772
15:13,3772,0,3772
15:14,3772,0,3772
15:15,3772,0,3772
15:16,3772,0,3772
15:17,3772,0,3772
15:18,3772,0,3772
15:19,3772,0,3772
15:20,3772,0,3772
15:21,3772,0,3772
15:22,3772,0,3772
15:23,3772,0,3772
15:24,3772,0,3772
15:25,3772,0,3772
15:26,3772,0,3772
15:27,3772,0,3772
15:28,3772,0,3772
15:29,3772,0,3772
