book,rule,period,days,fired,base_rs_day,rule_rs_day,delta_rs_day,delta_total,placebo_mean,p_placebo,best5pct_days_change,p_loss_day_base,p_loss_day
all six arms,entries X=3000,pre,973,139,-1242.4232168550868,-1149.26331963001,93.159897225077,90644.57999999993,115750.68614999995,0.8109452736318408,-63830.80000000002,0.7173689619732785,0.7009249743062693
all six arms,entries X=3000,holdout,246,66,-1393.538821138211,-1170.0778861788613,223.46093495934986,54971.390000000065,62092.83464999998,0.6218905472636815,-28313.160000000007,0.6300813008130082,0.6016260162601627
all six arms,entries X=5000,pre,973,77,-1242.4232168550868,-1161.349270298047,81.07394655704005,78884.94999999997,64663.25344999998,0.23880597014925373,-13731.450000000006,0.7173689619732785,0.7122302158273381
all six arms,entries X=5000,holdout,246,29,-1393.538821138211,-1235.3521138211377,158.1867073170732,38913.93000000001,23915.92904999999,0.17412935323383086,2348.999999999999,0.6300813008130082,0.6260162601626016
all six arms,entries X=8000,pre,973,38,-1242.4232168550868,-1203.6991366906473,38.72408016443987,37678.52999999999,30341.7564,0.29850746268656714,9058.919999999995,0.7173689619732785,0.7173689619732785
all six arms,entries X=8000,holdout,246,12,-1393.538821138211,-1281.0011788617883,112.53764227642284,27684.26000000002,9509.937699999995,0.024875621890547265,12292.590000000007,0.6300813008130082,0.6260162601626016
all six arms,trail X=3000 y=0.1,pre,973,128,-1242.4232168550868,-1238.9738232271325,3.4493936279547137,3356.2599999999366,106970.25779999998,1.0,-222363.55,0.7173689619732785,0.6906474820143885
all six arms,trail X=3000 y=0.1,holdout,246,66,-1393.538821138211,-1336.96731707317,56.57150406504102,13916.590000000091,52434.72824999999,0.9353233830845771,-67945.39999999998,0.6300813008130082,0.5894308943089431
all six arms,trail X=3000 y=0.2,pre,973,125,-1242.4232168550868,-1234.2292189105856,8.193997944501472,7972.759999999933,101692.13734999996,1.0,-217861.94999999998,0.7173689619732785,0.6906474820143885
all six arms,trail X=3000 y=0.2,holdout,246,63,-1393.538821138211,-1338.7989837398368,54.7398373983743,13466.000000000078,49928.6949,0.9104477611940298,-59601.44999999999,0.6300813008130082,0.5894308943089431
all six arms,trail X=3000 y=0.3,pre,973,116,-1242.4232168550868,-1233.9620657759506,8.461151079136672,8232.69999999998,93023.65584999997,1.0,-185246.90999999997,0.7173689619732785,0.6906474820143885
all six arms,trail X=3000 y=0.3,holdout,246,57,-1393.538821138211,-1319.6062195121947,73.93260162601652,18187.420000000064,46182.649249999995,0.845771144278607,-43085.24,0.6300813008130082,0.5894308943089431
all six arms,trail X=3000 y=0.5,pre,973,87,-1242.4232168550868,-1192.9680678314487,49.455149023638214,48119.85999999998,64681.26029999997,0.7562189054726368,-102673.88999999998,0.7173689619732785,0.6906474820143885
all six arms,trail X=3000 y=0.5,holdout,246,45,-1393.538821138211,-1380.9785772357718,12.56024390243923,3089.8200000000506,27840.037799999995,0.8706467661691543,-32103.569999999992,0.6300813008130082,0.5894308943089431
all six arms,trail X=5000 y=0.1,pre,973,76,-1242.4232168550868,-1211.782014388489,30.64120246659814,29813.889999999992,59473.03149999998,0.900497512437811,-158245.85999999996,0.7173689619732785,0.7040082219938335
all six arms,trail X=5000 y=0.1,holdout,246,28,-1393.538821138211,-1401.8113008130078,-8.27247967479673,-2035.0299999999952,19248.479749999995,0.8855721393034826,-36008.04999999999,0.6300813008130082,0.6260162601626016
all six arms,trail X=5000 y=0.2,pre,973,69,-1242.4232168550868,-1207.733042137718,34.69017471736895,33753.539999999986,54840.645199999984,0.835820895522388,-141480.38999999998,0.7173689619732785,0.7040082219938335
all six arms,trail X=5000 y=0.2,holdout,246,26,-1393.538821138211,-1392.7913008130079,0.7475203252032718,183.89000000000487,20970.947849999993,0.9054726368159204,-28094.959999999995,0.6300813008130082,0.6260162601626016
all six arms,trail X=5000 y=0.3,pre,973,63,-1242.4232168550868,-1192.2286844809862,50.19453237410074,48839.28000000002,50486.61244999999,0.5373134328358209,-99893.79999999993,0.7173689619732785,0.7040082219938335
all six arms,trail X=5000 y=0.3,holdout,246,19,-1393.538821138211,-1346.775406504065,46.763414634146365,11503.800000000007,15838.0798,0.6616915422885572,-10007.339999999997,0.6300813008130082,0.6260162601626016
all six arms,trail X=5000 y=0.5,pre,973,47,-1242.4232168550868,-1196.5620041109964,45.86121274409043,44622.95999999999,31115.661049999984,0.21890547263681592,-63263.57999999997,0.7173689619732785,0.7040082219938335
all six arms,trail X=5000 y=0.5,holdout,246,17,-1393.538821138211,-1404.0420731707316,-10.503252032520344,-2583.8000000000047,6694.369999999996,0.8109452736318408,-7420.549999999998,0.6300813008130082,0.6300813008130082
all six arms,trail X=8000 y=0.1,pre,973,35,-1242.4232168550868,-1216.7549537512843,25.668263103802687,24975.220000000016,27824.171949999993,0.582089552238806,-74362.46999999997,0.7173689619732785,0.7132579650565262
all six arms,trail X=8000 y=0.1,holdout,246,12,-1393.538821138211,-1335.7083739837394,57.830447154471685,14226.290000000034,8194.137349999997,0.3034825870646766,-284.2999999999938,0.6300813008130082,0.6260162601626016
all six arms,trail X=8000 y=0.2,pre,973,34,-1242.4232168550868,-1219.1085508735864,23.31466598150053,22685.170000000013,28566.70324999999,0.681592039800995,-72952.79999999997,0.7173689619732785,0.7132579650565262
all six arms,trail X=8000 y=0.2,holdout,246,11,-1393.538821138211,-1300.9868699186989,92.55195121951235,22767.78000000004,10108.538149999998,0.0945273631840796,9696.82000000001,0.6300813008130082,0.6260162601626016
all six arms,trail X=8000 y=0.3,pre,973,30,-1242.4232168550868,-1210.0968345323736,32.3263823227133,31453.570000000043,25062.708849999988,0.31343283582089554,-46736.279999999955,0.7173689619732785,0.7132579650565262
all six arms,trail X=8000 y=0.3,holdout,246,9,-1393.538821138211,-1302.4011382113817,91.13768292682929,22419.870000000003,5956.8393,0.03980099502487562,11341.929999999997,0.6300813008130082,0.6260162601626016
all six arms,trail X=8000 y=0.5,pre,973,21,-1242.4232168550868,-1206.7836998972246,35.63951695786231,34677.25000000003,14099.889899999995,0.01990049751243781,-31912.139999999974,0.7173689619732785,0.7132579650565262
all six arms,trail X=8000 y=0.5,holdout,246,7,-1393.538821138211,-1375.1384552845525,18.400365853658567,4526.490000000007,3398.4020499999997,0.4626865671641791,-1972.499999999999,0.6300813008130082,0.6260162601626016
all six arms,floor X=3000,pre,973,64,-1242.4232168550868,-1190.5840698869472,51.83914696813975,50439.489999999976,46629.39079999998,0.4129353233830846,-42535.42999999999,0.7173689619732785,0.6927029804727647
all six arms,floor X=3000,holdout,246,33,-1393.538821138211,-1459.3362195121945,-65.79739837398354,-16186.15999999995,19664.420449999994,0.9601990049751243,-32833.49999999999,0.6300813008130082,0.5894308943089431
all six arms,floor X=5000,pre,973,37,-1242.4232168550868,-1190.4028365878721,52.02038026721481,50615.83000000001,27974.146499999995,0.029850746268656716,-28930.719999999965,0.7173689619732785,0.7040082219938335
all six arms,floor X=5000,holdout,246,11,-1393.538821138211,-1424.8459349593493,-31.307113821138195,-7701.549999999996,4549.846999999997,0.9154228855721394,-6249.1299999999965,0.6300813008130082,0.6300813008130082
all six arms,floor X=8000,pre,973,17,-1242.4232168550868,-1206.1212744090437,36.30194244604317,35321.79000000001,10736.844349999996,0.014925373134328358,-12552.509999999987,0.7173689619732785,0.7132579650565262
all six arms,floor X=8000,holdout,246,4,-1393.538821138211,-1415.8008130081296,-22.261991869918702,-5476.450000000001,802.3077999999991,0.9054726368159204,-10247.42,0.6300813008130082,0.6260162601626016
ORB arms only,entries X=3000,pre,973,51,-1402.888355601233,-1388.4997533401847,14.388602261048264,14000.10999999996,30378.245399999993,0.9154228855721394,-29115.200000000015,0.7040082219938335,0.6988694758478932
ORB arms only,entries X=3000,holdout,246,41,-1744.3037804878045,-1626.470203252032,117.83357723577247,28987.060000000027,30231.497849999992,0.5074626865671642,-20048.22000000001,0.6829268292682927,0.6626016260162602
ORB arms only,entries X=5000,pre,973,11,-1402.888355601233,-1407.7648509763615,-4.876495375128465,-4744.829999999997,4997.051599999998,0.9800995024875622,-4744.829999999997,0.7040082219938335,0.7040082219938335
ORB arms only,entries X=5000,holdout,246,12,-1744.3037804878045,-1733.1949593495933,11.108821138211335,2732.769999999988,7133.324049999999,0.746268656716418,-1839.220000000008,0.6829268292682927,0.6829268292682927
ORB arms only,entries X=8000,pre,973,1,-1402.888355601233,-1401.883494347379,1.0048612538540573,977.7299999999977,687.9391499999999,0.34328358208955223,977.7299999999977,0.7040082219938335,0.7040082219938335
ORB arms only,entries X=8000,holdout,246,1,-1744.3037804878045,-1746.8580487804875,-2.5542682926829356,-628.3500000000022,59.3224499999999,0.8407960199004975,-628.3500000000022,0.6829268292682927,0.6829268292682927
ORB arms only,trail X=3000 y=0.1,pre,973,46,-1402.888355601233,-1398.3126618705032,4.57569373072966,4452.14999999996,27140.20464999999,0.9800995024875622,-35430.13000000001,0.7040082219938335,0.6988694758478932
ORB arms only,trail X=3000 y=0.1,holdout,246,37,-1744.3037804878045,-1630.6957317073168,113.60804878048796,27947.580000000038,29544.71799999999,0.5522388059701493,-16733.63,0.6829268292682927,0.6626016260162602
ORB arms only,trail X=3000 y=0.2,pre,973,40,-1402.888355601233,-1393.2096711202464,9.6786844809866,9417.359999999962,19695.43024999999,0.8656716417910447,-22670.45000000001,0.7040082219938335,0.6988694758478932
ORB arms only,trail X=3000 y=0.2,holdout,246,35,-1744.3037804878045,-1635.242764227642,109.06101626016269,26829.01000000002,22145.38294999999,0.3482587064676617,-10897.550000000012,0.6829268292682927,0.6626016260162602
ORB arms only,trail X=3000 y=0.3,pre,973,32,-1402.888355601233,-1391.2837204522093,11.604635149023606,11291.309999999969,17160.784749999995,0.746268656716418,-18635.540000000008,0.7040082219938335,0.6988694758478932
ORB arms only,trail X=3000 y=0.3,holdout,246,31,-1744.3037804878045,-1647.7642682926826,96.53951219512204,23748.720000000023,18236.10934999999,0.3283582089552239,-6873.500000000002,0.6829268292682927,0.6626016260162602
ORB arms only,trail X=3000 y=0.5,pre,973,19,-1402.888355601233,-1397.5787564234324,5.309599177800611,5166.239999999994,8493.331699999997,0.6766169154228856,-14903.849999999999,0.7040082219938335,0.6988694758478932
ORB arms only,trail X=3000 y=0.5,holdout,246,18,-1744.3037804878045,-1656.203821138211,88.09995934959368,21672.590000000044,10113.345999999996,0.09950248756218906,-1080.920000000002,0.6829268292682927,0.6626016260162602
ORB arms only,trail X=5000 y=0.1,pre,973,9,-1402.888355601233,-1407.5107091469677,-4.6223535457348355,-4497.549999999995,5515.232399999997,0.9850746268656716,-4497.549999999995,0.7040082219938335,0.7040082219938335
ORB arms only,trail X=5000 y=0.1,holdout,246,10,-1744.3037804878045,-1726.3910975609754,17.91268292682922,4406.519999999988,3328.0083499999973,0.4079601990049751,444.679999999988,0.6829268292682927,0.6829268292682927
ORB arms only,trail X=5000 y=0.2,pre,973,7,-1402.888355601233,-1402.8250256937301,0.06332990750257768,61.620000000008076,2927.8486499999985,0.7910447761194029,61.620000000008076,0.7040082219938335,0.7040082219938335
ORB arms only,trail X=5000 y=0.2,holdout,246,9,-1744.3037804878045,-1742.4019918699184,1.9017886178861203,467.8399999999856,3064.54465,0.681592039800995,-3138.040000000012,0.6829268292682927,0.6829268292682927
ORB arms only,trail X=5000 y=0.3,pre,973,5,-1402.888355601233,-1404.4181294964026,-1.5297738951695676,-1488.4699999999893,1310.714199999999,0.8557213930348259,-1488.4699999999893,0.7040082219938335,0.7040082219938335
ORB arms only,trail X=5000 y=0.3,holdout,246,3,-1744.3037804878045,-1732.2839430894305,12.019837398373966,2956.8799999999956,1567.1829499999988,0.31840796019900497,-155.050000000002,0.6829268292682927,0.6829268292682927
ORB arms only,trail X=5000 y=0.5,pre,973,1,-1402.888355601233,-1405.5050976361763,-2.616742034943475,-2546.0900000000015,224.25644999999986,0.9900497512437811,-2546.0900000000015,0.7040082219938335,0.7040082219938335
ORB arms only,trail X=5000 y=0.5,holdout,246,2,-1744.3037804878045,-1742.2911382113816,2.012642276422746,495.1099999999956,875.7192499999999,0.5572139303482587,-1080.920000000002,0.6829268292682927,0.6829268292682927
ORB arms only,trail X=8000 y=0.1,pre,973,1,-1402.888355601233,-1403.0292086330933,-0.1408530318602291,-137.0500000000029,412.58549999999974,0.6666666666666666,-137.0500000000029,0.7040082219938335,0.7040082219938335
ORB arms only,trail X=8000 y=0.1,holdout,246,0,-1744.3037804878045,-1744.3037804878045,0.0,0.0,,,0.0,0.6829268292682927,0.6829268292682927
ORB arms only,trail X=8000 y=0.2,pre,973,1,-1402.888355601233,-1403.080781089414,-0.19242548818088528,-187.23000000000138,240.56629999999984,0.7213930348258707,-187.23000000000138,0.7040082219938335,0.7040082219938335
ORB arms only,trail X=8000 y=0.2,holdout,246,0,-1744.3037804878045,-1744.3037804878045,0.0,0.0,,,0.0,0.6829268292682927,0.6829268292682927
ORB arms only,trail X=8000 y=0.3,pre,973,0,-1402.888355601233,-1402.888355601233,0.0,0.0,,,0.0,0.7040082219938335,0.7040082219938335
ORB arms only,trail X=8000 y=0.3,holdout,246,0,-1744.3037804878045,-1744.3037804878045,0.0,0.0,,,0.0,0.6829268292682927,0.6829268292682927
ORB arms only,trail X=8000 y=0.5,pre,973,0,-1402.888355601233,-1402.888355601233,0.0,0.0,,,0.0,0.7040082219938335,0.7040082219938335
ORB arms only,trail X=8000 y=0.5,holdout,246,0,-1744.3037804878045,-1744.3037804878045,0.0,0.0,,,0.0,0.6829268292682927,0.6829268292682927
ORB arms only,floor X=3000,pre,973,17,-1402.888355601233,-1396.0086536485094,6.879701952723526,6693.949999999991,7011.181549999997,0.48756218905472637,-11776.640000000003,0.7040082219938335,0.6988694758478932
ORB arms only,floor X=3000,holdout,246,17,-1744.3037804878045,-1681.2589024390238,63.04487804878066,15509.040000000043,8866.012799999999,0.24875621890547264,0.0,0.6829268292682927,0.6626016260162602
ORB arms only,floor X=5000,pre,973,0,-1402.888355601233,-1402.888355601233,0.0,0.0,,,0.0,0.7040082219938335,0.7040082219938335
ORB arms only,floor X=5000,holdout,246,2,-1744.3037804878045,-1746.2664227642274,-1.9626422764227751,-482.8100000000027,573.6216000000003,0.6716417910447762,-2058.84,0.6829268292682927,0.6829268292682927
ORB arms only,floor X=8000,pre,973,0,-1402.888355601233,-1402.888355601233,0.0,0.0,,,0.0,0.7040082219938335,0.7040082219938335
ORB arms only,floor X=8000,holdout,246,0,-1744.3037804878045,-1744.3037804878045,0.0,0.0,,,0.0,0.6829268292682927,0.6829268292682927
Liquidity only (BN+FIN),entries X=3000,pre,973,102,160.46513874614587,150.20500513874612,-10.26013360739979,-9983.109999999997,-5317.186699999997,0.6218905472636815,-28397.56000000001,0.40493319630010277,0.4039054470709147
Liquidity only (BN+FIN),entries X=3000,holdout,246,37,350.7649593495934,376.73573170731703,25.970772357723604,6388.810000000007,-6827.008499999996,0.19402985074626866,-10018.279999999995,0.42276422764227645,0.42276422764227645
Liquidity only (BN+FIN),entries X=5000,pre,973,56,160.46513874614587,153.18180883864335,-7.283329907502574,-7086.680000000004,-2707.7248999999974,0.6915422885572139,-13281.840000000007,0.40493319630010277,0.4039054470709147
Liquidity only (BN+FIN),entries X=5000,holdout,246,19,350.7649593495934,364.2101219512194,13.445162601626024,3307.5100000000016,-4257.6523499999985,0.2736318407960199,-2876.8399999999974,0.42276422764227645,0.42276422764227645
Liquidity only (BN+FIN),entries X=8000,pre,973,33,160.46513874614587,149.59572456320655,-10.869414182939364,-10575.94,-1586.1252999999986,0.8606965174129353,-10575.94,0.40493319630010277,0.40493319630010277
Liquidity only (BN+FIN),entries X=8000,holdout,246,12,350.7649593495934,370.1677235772357,19.402764227642294,4773.0800000000045,-1450.1855999999989,0.12437810945273632,-571.1199999999972,0.42276422764227645,0.42276422764227645
Liquidity only (BN+FIN),trail X=3000 y=0.1,pre,973,96,160.46513874614587,47.62121274409042,-112.8439260020555,-109797.14,-15169.560949999997,1.0,-222316.44,0.40493319630010277,0.39157245632065774
Liquidity only (BN+FIN),trail X=3000 y=0.1,holdout,246,36,350.7649593495934,209.58699186991868,-141.17796747967472,-34729.779999999984,-10572.143449999996,0.8706467661691543,-73588.98999999999,0.42276422764227645,0.4065040650406504
Liquidity only (BN+FIN),trail X=3000 y=0.2,pre,973,91,160.46513874614587,39.93364850976359,-120.53149023638231,-117277.13999999998,-13883.162499999995,1.0,-222158.32,0.40493319630010277,0.39157245632065774
Liquidity only (BN+FIN),trail X=3000 y=0.2,holdout,246,36,350.7649593495934,325.64930894308935,-25.115650406504002,-6178.449999999984,-7050.3626499999955,0.5422885572139303,-39049.64999999999,0.42276422764227645,0.4065040650406504
Liquidity only (BN+FIN),trail X=3000 y=0.3,pre,973,84,160.46513874614587,49.72328879753338,-110.74184994861254,-107751.82,-11628.677849999996,1.0,-193178.66,0.40493319630010277,0.39157245632065774
Liquidity only (BN+FIN),trail X=3000 y=0.3,holdout,246,32,350.7649593495934,317.6204878048779,-33.14447154471545,-8153.540000000001,-6465.455349999995,0.6218905472636815,-32377.80999999999,0.42276422764227645,0.4105691056910569
Liquidity only (BN+FIN),trail X=3000 y=0.5,pre,973,57,160.46513874614587,123.93159301130521,-36.533545734840686,-35547.139999999985,-8516.415149999997,0.9402985074626866,-95954.25999999998,0.40493319630010277,0.39157245632065774
Liquidity only (BN+FIN),trail X=3000 y=0.5,holdout,246,25,350.7649593495934,341.2785772357722,-9.486382113821126,-2333.649999999997,-4456.703349999997,0.5572139303482587,-14306.469999999992,0.42276422764227645,0.4105691056910569
Liquidity only (BN+FIN),trail X=5000 y=0.1,pre,973,53,160.46513874614587,112.02547790339155,-48.43966084275437,-47131.79,-6569.344799999999,0.9701492537313433,-143980.06,0.40493319630010277,0.394655704008222
Liquidity only (BN+FIN),trail X=5000 y=0.1,holdout,246,17,350.7649593495934,174.35987804878042,-176.40508130081298,-43395.649999999994,-4188.497249999997,1.0,-50806.21999999999,0.42276422764227645,0.4186991869918699
Liquidity only (BN+FIN),trail X=5000 y=0.2,pre,973,49,160.46513874614587,120.6746351490236,-39.790503597122324,-38716.16000000002,-9239.877499999995,0.9651741293532339,-126952.35999999999,0.40493319630010277,0.394655704008222
Liquidity only (BN+FIN),trail X=5000 y=0.2,holdout,246,16,350.7649593495934,272.1891869918699,-78.57577235772348,-19329.639999999978,-2868.260999999998,0.900497512437811,-24297.339999999986,0.42276422764227645,0.4186991869918699
Liquidity only (BN+FIN),trail X=5000 y=0.3,pre,973,45,160.46513874614587,128.7410071942446,-31.724131551901337,-30867.58,-7286.270699999998,0.9502487562189055,-106338.76999999999,0.40493319630010277,0.394655704008222
Liquidity only (BN+FIN),trail X=5000 y=0.3,holdout,246,12,350.7649593495934,265.61662601626006,-85.14833333333333,-20946.489999999998,-2967.1611999999977,0.9402985074626866,-24651.469999999994,0.42276422764227645,0.4186991869918699
Liquidity only (BN+FIN),trail X=5000 y=0.5,pre,973,30,160.46513874614587,157.28166495375126,-3.1834737923946523,-3097.519999999997,-3234.0534499999985,0.5572139303482587,-59704.54999999999,0.40493319630010277,0.394655704008222
Liquidity only (BN+FIN),trail X=5000 y=0.5,holdout,246,9,350.7649593495934,305.1682520325203,-45.596707317073154,-11216.789999999995,-2661.5405,0.8805970149253731,-9766.599999999993,0.42276422764227645,0.4186991869918699
Liquidity only (BN+FIN),trail X=8000 y=0.1,pre,973,29,160.46513874614587,149.97825282631035,-10.486885919835558,-10203.739999999998,-3075.7118499999992,0.7263681592039801,-75439.68999999999,0.40493319630010277,0.40082219938335045
Liquidity only (BN+FIN),trail X=8000 y=0.1,holdout,246,10,350.7649593495934,303.70670731707315,-47.0582520325203,-11576.329999999994,-1320.1098499999987,0.9104477611940298,-20918.949999999997,0.42276422764227645,0.42276422764227645
Liquidity only (BN+FIN),trail X=8000 y=0.2,pre,973,27,160.46513874614587,155.45358684480982,-5.011551901336074,-4876.24,-3207.021099999998,0.6368159203980099,-67183.90999999999,0.40493319630010277,0.40082219938335045
Liquidity only (BN+FIN),trail X=8000 y=0.2,holdout,246,9,350.7649593495934,370.5669918699187,19.802032520325266,4871.300000000016,-1629.6859999999992,0.11442786069651742,-3031.6899999999905,0.42276422764227645,0.42276422764227645
Liquidity only (BN+FIN),trail X=8000 y=0.3,pre,973,24,160.46513874614587,160.24311408016442,-0.2220246659814956,-216.0299999999952,-2356.6935999999987,0.472636815920398,-49924.76999999999,0.40493319630010277,0.40082219938335045
Liquidity only (BN+FIN),trail X=8000 y=0.3,holdout,246,6,350.7649593495934,373.4164634146341,22.651504065040683,5572.270000000008,-529.7327999999991,0.04975124378109453,-1186.6199999999944,0.42276422764227645,0.42276422764227645
Liquidity only (BN+FIN),trail X=8000 y=0.5,pre,973,15,160.46513874614587,165.7738848920863,5.308746145940403,5165.410000000013,-2309.1847499999985,0.1691542288557214,-29563.15999999999,0.40493319630010277,0.40082219938335045
Liquidity only (BN+FIN),trail X=8000 y=0.5,holdout,246,4,350.7649593495934,350.83313008130074,0.06817073170732624,16.770000000002256,-854.3336499999999,0.4427860696517413,-2849.01,0.42276422764227645,0.42276422764227645
Liquidity only (BN+FIN),floor X=3000,pre,973,40,160.46513874614587,137.17468653648507,-23.290452209660835,-22661.609999999993,-6051.109899999999,0.900497512437811,-55525.71,0.40493319630010277,0.39157245632065774
Liquidity only (BN+FIN),floor X=3000,holdout,246,19,350.7649593495934,290.9130894308942,-59.85186991869921,-14723.560000000005,-2978.9395999999983,0.8855721393034826,-20055.41999999999,0.42276422764227645,0.4105691056910569
Liquidity only (BN+FIN),floor X=5000,pre,973,25,160.46513874614587,157.92504624871532,-2.5400924974306105,-2471.509999999984,-2991.862199999999,0.5124378109452736,-45969.06,0.40493319630010277,0.394655704008222
Liquidity only (BN+FIN),floor X=5000,holdout,246,6,350.7649593495934,281.085081300813,-69.67987804878045,-17141.249999999993,-1508.9459500000003,0.9651741293532339,-14221.429999999993,0.42276422764227645,0.4186991869918699
Liquidity only (BN+FIN),floor X=8000,pre,973,12,160.46513874614587,189.6375334018499,29.17239465570401,28384.74,-1606.9813000000001,0.004975124378109453,-3016.4300000000007,0.40493319630010277,0.40082219938335045
Liquidity only (BN+FIN),floor X=8000,holdout,246,3,350.7649593495934,300.36317073170727,-50.401788617886154,-12398.839999999995,-73.26330000000011,0.9900497512437811,-11635.909999999996,0.42276422764227645,0.42276422764227645
