rule,period,trade_days,changed_days,base_total,rule_total,delta_total
entries X=3000,pre,583,20,78141.6948095125,64670.98726836713,-13470.707541145366
entries X=3000,holdout,191,8,49008.47395142771,44434.100053804344,-4574.37389762336
entries X=5000,pre,583,8,78141.6948095125,61385.24551730064,-16756.44929221186
entries X=5000,holdout,191,3,49008.47395142771,50812.19575134246,1803.7217999147515
entries X=8000,pre,583,4,78141.6948095125,65194.55163159764,-12947.143177914842
entries X=8000,holdout,191,2,49008.47395142771,51193.69504108922,2185.2210896615125
trail X=3000 y=0.2,pre,583,1,78141.6948095125,78073.90482752427,-67.78998198823228
trail X=3000 y=0.2,holdout,191,1,49008.47395142771,50248.54410712307,1240.0701556953563
trail X=3000 y=0.3,pre,583,1,78141.6948095125,78073.90482752427,-67.78998198823228
trail X=3000 y=0.3,holdout,191,1,49008.47395142771,50248.54410712307,1240.0701556953563
trail X=3000 y=0.5,pre,583,1,78141.6948095125,78073.90482752427,-67.78998198823228
trail X=3000 y=0.5,holdout,191,0,49008.47395142771,49008.47395142771,0.0
trail X=5000 y=0.2,pre,583,0,78141.6948095125,78141.6948095125,0.0
trail X=5000 y=0.2,holdout,191,1,49008.47395142771,50248.54410712307,1240.0701556953563
trail X=5000 y=0.3,pre,583,0,78141.6948095125,78141.6948095125,0.0
trail X=5000 y=0.3,holdout,191,1,49008.47395142771,50248.54410712307,1240.0701556953563
trail X=5000 y=0.5,pre,583,0,78141.6948095125,78141.6948095125,0.0
trail X=5000 y=0.5,holdout,191,0,49008.47395142771,49008.47395142771,0.0
trail X=8000 y=0.2,pre,583,0,78141.6948095125,78141.6948095125,0.0
trail X=8000 y=0.2,holdout,191,0,49008.47395142771,49008.47395142771,0.0
trail X=8000 y=0.3,pre,583,0,78141.6948095125,78141.6948095125,0.0
trail X=8000 y=0.3,holdout,191,0,49008.47395142771,49008.47395142771,0.0
trail X=8000 y=0.5,pre,583,0,78141.6948095125,78141.6948095125,0.0
trail X=8000 y=0.5,holdout,191,0,49008.47395142771,49008.47395142771,0.0
