und,cfg,tf,setting,primary,A_trades,A_win,A_gross_pts,A_net_pts,A_total_pts,A_maxdd_pts,A_t,A_p,A_twin_pts,A_p_rand,A_imm,A_overnight,A_lag_bars,A_q_bh
NIFTY,AS_WRITTEN,15,p10m1.0c15,True,0,,,,,,,,,,,,,
NIFTY,PRAG,15,p10m1.0c15,True,8,0.0,0.0,-23.93009375,-191.44075,191.44075000000004,-57.530412112362356,1.0,-23.90509375,1.0,1.0,0.0,16.0,1.0
NIFTY,CONFL,15,p10m1.0c15,True,6,0.0,0.0,-24.048325000000002,-144.28995,144.28995,-43.07926837859901,1.0,-24.023325000000007,1.0,1.0,0.0,15.333333333333334,1.0
NIFTY,AS_WRITTEN,15,p8m0.9c12,False,2,0.0,0.0,-11.3097,-22.6194,22.6194,-769.3673469388021,1.0,-11.284699999999997,1.0,1.0,0.0,39.5,1.0
NIFTY,PRAG,15,p8m0.9c12,False,16,0.0625,33.38096843354083,15.347965449324064,245.56744718918503,610.9966528108179,0.21158524436063078,1.0,-17.229651562499964,1.0,0.875,0.125,16.125,1.0
NIFTY,CONFL,15,p8m0.9c12,False,6,0.0,-81.20075084389161,-104.69972546846965,-628.1983528108179,628.1983528108179,-1.3069326153900653,1.0,24.955783333333258,1.0,0.8333333333333334,0.16666666666666666,12.333333333333334,1.0
NIFTY,AS_WRITTEN,15,p8m0.9c15,False,2,0.0,0.0,-11.31175,-22.6235,22.6235,-675.3283582089537,1.0,-11.286749999999998,1.0,1.0,0.0,41.0,1.0
NIFTY,PRAG,15,p8m0.9c15,False,15,0.06666666666666667,35.606366329110216,18.04566981261233,270.68504718918496,611.0511528108179,0.23286937444667538,1.0,-16.705454999999965,1.0,0.8666666666666667,0.13333333333333333,17.6,1.0
NIFTY,CONFL,15,p8m0.9c15,False,5,0.0,-97.44090101266993,-120.60525056216359,-603.0262528108179,603.0262528108179,-1.2541843408810658,1.0,34.97635999999991,1.0,0.8,0.2,11.2,1.0
NIFTY,AS_WRITTEN,15,p8m1.1c12,False,2,0.0,0.0,-11.3097,-22.6194,22.6194,-769.3673469388021,1.0,-11.284699999999997,1.0,1.0,0.0,39.5,1.0
NIFTY,PRAG,15,p8m1.1c12,False,15,0.06666666666666667,68.08666666666686,50.054120000000204,750.811800000003,146.5773999999999,0.7350696002961971,1.0,-18.011208333333325,1.0,0.9333333333333333,0.06666666666666667,16.666666666666668,1.0
NIFTY,CONFL,15,p8m1.1c12,False,5,0.0,0.0,-24.5908,-122.95400000000001,122.95400000000001,-34.53019106067982,1.0,-24.565799999999996,1.0,1.0,0.0,13.2,1.0
NIFTY,AS_WRITTEN,15,p8m1.1c15,False,2,0.0,0.0,-11.31175,-22.6235,22.6235,-675.3283582089537,1.0,-11.286749999999998,1.0,1.0,0.0,41.0,1.0
NIFTY,PRAG,15,p8m1.1c15,False,15,0.06666666666666667,68.08666666666686,50.05231000000018,750.7846500000028,146.55004999999994,0.735041986448433,1.0,-18.013018333333335,1.0,0.9333333333333333,0.06666666666666667,18.666666666666668,1.0
NIFTY,CONFL,15,p8m1.1c15,False,5,0.0,0.0,-24.585330000000003,-122.92665000000001,122.92665000000001,-34.59562046025385,1.0,-24.560330000000004,1.0,1.0,0.0,14.4,1.0
NIFTY,AS_WRITTEN,15,p10m0.9c12,False,0,,,,,,,,,,,,,
NIFTY,PRAG,15,p10m0.9c12,False,8,0.0,0.0,-23.939331250000002,-191.51465000000002,191.51465000000002,-57.68323662864457,1.0,-23.91433125,1.0,1.0,0.0,14.875,1.0
NIFTY,CONFL,15,p10m0.9c12,False,6,0.0,0.0,-24.069975,-144.41985,144.41985,-43.40930834833556,1.0,-24.044975000000008,1.0,1.0,0.0,14.333333333333334,1.0
NIFTY,AS_WRITTEN,15,p10m0.9c15,False,0,,,,,,,,,,,,,
NIFTY,PRAG,15,p10m0.9c15,False,7,0.0,0.0,-23.756421428571432,-166.29495000000003,166.29495000000003,-54.432838810876255,1.0,-23.731421428571437,1.0,1.0,0.0,14.571428571428571,1.0
NIFTY,CONFL,15,p10m0.9c15,False,5,0.0,0.0,-23.82883,-119.14415,119.14415,-37.90618440468352,1.0,-23.80383,1.0,1.0,0.0,13.2,1.0
NIFTY,AS_WRITTEN,15,p10m1.1c12,False,0,,,,,,,,,,,,,
NIFTY,PRAG,15,p10m1.1c12,False,8,0.0,0.0,-23.939331250000002,-191.51465000000002,191.51465000000002,-57.68323662864457,1.0,-23.91433125,1.0,1.0,0.0,14.875,1.0
NIFTY,CONFL,15,p10m1.1c12,False,6,0.0,0.0,-24.069975,-144.41985,144.41985,-43.40930834833556,1.0,-24.044975000000008,1.0,1.0,0.0,14.333333333333334,1.0
NIFTY,AS_WRITTEN,15,p10m1.1c15,False,0,,,,,,,,,,,,,
NIFTY,PRAG,15,p10m1.1c15,False,8,0.0,0.0,-23.93009375,-191.44075,191.44075000000004,-57.530412112362356,1.0,-23.90509375,1.0,1.0,0.0,16.0,1.0
NIFTY,CONFL,15,p10m1.1c15,False,6,0.0,0.0,-24.048325000000002,-144.28995,144.28995,-43.07926837859901,1.0,-24.023325000000007,1.0,1.0,0.0,15.333333333333334,1.0
NIFTY,AS_WRITTEN,30,p10m1.0c15,True,0,,,,,,,,,,,,,
NIFTY,PRAG,30,p10m1.0c15,True,1,0.0,0.0,-18.688450000000003,-18.688450000000003,18.688450000000003,,1.0,-18.663450000000005,1.0,1.0,0.0,10.0,1.0
NIFTY,CONFL,30,p10m1.0c15,True,0,,,,,,,,,,,,,
NIFTY,AS_WRITTEN,30,p8m0.9c12,False,0,,,,,,,,,,,,,
NIFTY,PRAG,30,p8m0.9c12,False,2,0.0,0.0,-17.683500000000002,-35.367000000000004,35.367000000000004,-17.239580794540576,1.0,-17.6585,1.0,1.0,0.0,8.0,1.0
NIFTY,CONFL,30,p8m0.9c12,False,0,,,,,,,,,,,,,
NIFTY,AS_WRITTEN,30,p8m0.9c15,False,0,,,,,,,,,,,,,
NIFTY,PRAG,30,p8m0.9c15,False,2,0.0,0.0,-17.683500000000002,-35.367000000000004,35.367000000000004,-17.239580794540576,1.0,-17.6585,1.0,1.0,0.0,8.0,1.0
NIFTY,CONFL,30,p8m0.9c15,False,0,,,,,,,,,,,,,
NIFTY,AS_WRITTEN,30,p8m1.1c12,False,0,,,,,,,,,,,,,
NIFTY,PRAG,30,p8m1.1c12,False,3,0.0,-194.75,-213.956875,-641.870625,641.870625,-1.090091312995358,1.0,20.7806500000001,1.0,0.6666666666666666,0.3333333333333333,8.0,1.0
NIFTY,CONFL,30,p8m1.1c12,False,0,,,,,,,,,,,,,
NIFTY,AS_WRITTEN,30,p8m1.1c15,False,0,,,,,,,,,,,,,
NIFTY,PRAG,30,p8m1.1c15,False,3,0.0,-194.75,-213.956875,-641.870625,641.870625,-1.090091312995358,1.0,20.7806500000001,1.0,0.6666666666666666,0.3333333333333333,8.0,1.0
NIFTY,CONFL,30,p8m1.1c15,False,0,,,,,,,,,,,,,
NIFTY,AS_WRITTEN,30,p10m0.9c12,False,0,,,,,,,,,,,,,
NIFTY,PRAG,30,p10m0.9c12,False,1,0.0,0.0,-18.688450000000003,-18.688450000000003,18.688450000000003,,1.0,-18.663450000000005,1.0,1.0,0.0,10.0,1.0
NIFTY,CONFL,30,p10m0.9c12,False,0,,,,,,,,,,,,,
NIFTY,AS_WRITTEN,30,p10m0.9c15,False,0,,,,,,,,,,,,,
NIFTY,PRAG,30,p10m0.9c15,False,1,0.0,0.0,-18.688450000000003,-18.688450000000003,18.688450000000003,,1.0,-18.663450000000005,1.0,1.0,0.0,10.0,1.0
NIFTY,CONFL,30,p10m0.9c15,False,0,,,,,,,,,,,,,
NIFTY,AS_WRITTEN,30,p10m1.1c12,False,0,,,,,,,,,,,,,
NIFTY,PRAG,30,p10m1.1c12,False,2,0.0,-296.5,-316.973225,-633.94645,633.94645,-1.0626530469079423,1.0,101.18556250000024,1.0,0.5,0.5,10.0,1.0
NIFTY,CONFL,30,p10m1.1c12,False,0,,,,,,,,,,,,,
NIFTY,AS_WRITTEN,30,p10m1.1c15,False,0,,,,,,,,,,,,,
NIFTY,PRAG,30,p10m1.1c15,False,2,0.0,-296.5,-316.973225,-633.94645,633.94645,-1.0626530469079423,1.0,101.18556250000024,1.0,0.5,0.5,10.0,1.0
NIFTY,CONFL,30,p10m1.1c15,False,0,,,,,,,,,,,,,
NIFTY,AS_WRITTEN,60,p10m1.0c15,True,1,0.0,-90.86315362137248,-113.11857204456179,-113.11857204456179,113.11857204456179,,1.0,30.80834999999869,1.0,0.0,1.0,33.0,1.0
NIFTY,PRAG,60,p10m1.0c15,True,4,0.0,-4.637499999999818,-27.105331249999818,-108.42132499999927,108.42132499999927,-5.933718783877187,1.0,-20.462675000000072,1.0,0.75,0.25,22.0,1.0
NIFTY,CONFL,60,p10m1.0c15,True,3,0.0,-6.183333333333091,-28.251741666666423,-84.75522499999927,84.75522499999927,-4.517818515324291,1.0,-19.403200000000094,1.0,0.6666666666666666,0.3333333333333333,26.0,1.0
NIFTY,AS_WRITTEN,60,p10m1.0c20,False,1,0.0,-90.86315362137248,-113.11857204456179,-113.11857204456179,113.11857204456179,,1.0,30.80834999999869,1.0,0.0,1.0,33.0,1.0
NIFTY,PRAG,60,p10m1.0c20,False,3,0.0,-11.38252585757194,-34.00096792797649,-102.00290378392947,102.00290378392947,-3.036312299423069,1.0,-19.762258333333342,1.0,0.6666666666666666,0.0,17.0,1.0
NIFTY,CONFL,60,p10m1.0c20,False,2,0.0,-17.07378878635791,-39.168401891964734,-78.33680378392947,78.33680378392947,-2.2762861708831266,1.0,-17.822837500000002,1.0,0.5,0.0,20.5,1.0
NIFTY,AS_WRITTEN,60,p10m1.3c15,False,1,0.0,-90.86315362137248,-113.11857204456179,-113.11857204456179,113.11857204456179,,1.0,30.80834999999869,1.0,0.0,1.0,33.0,1.0
NIFTY,PRAG,60,p10m1.3c15,False,6,0.0,-3.0916666666665455,-23.818095833333217,-142.9085749999993,142.9085749999993,-6.691281068168999,1.0,-21.36132499999998,1.0,0.8333333333333334,0.16666666666666666,20.666666666666668,1.0
NIFTY,CONFL,60,p10m1.3c15,False,5,0.0,-3.7099999999998543,-23.848494999999858,-119.24247499999929,119.24247499999929,-5.470580590287273,1.0,-20.90536999999997,1.0,0.8,0.2,22.8,1.0
NIFTY,AS_WRITTEN,60,p10m1.3c20,False,1,0.0,-90.86315362137248,-113.11857204456179,-113.11857204456179,113.11857204456179,,1.0,30.80834999999869,1.0,0.0,1.0,33.0,1.0
NIFTY,PRAG,60,p10m1.3c20,False,4,0.0,-8.536894393178954,-29.774488445982367,-119.09795378392947,119.09795378392947,-3.317257634467643,1.0,-20.151706249999997,1.0,0.75,0.0,15.25,1.0
NIFTY,CONFL,60,p10m1.3c20,False,3,0.0,-11.38252585757194,-31.81061792797649,-95.43185378392947,95.43185378392947,-2.5731462387860997,1.0,-18.988575,1.0,0.6666666666666666,0.0,17.0,1.0
NIFTY,AS_WRITTEN,60,p12m1.0c15,False,1,0.0,-90.86315362137248,-113.11857204456179,-113.11857204456179,113.11857204456179,,1.0,30.80834999999869,1.0,0.0,1.0,33.0,1.0
NIFTY,PRAG,60,p12m1.0c15,False,4,0.0,0.0,-22.468487500000002,-89.87395000000001,89.87395000000001,-59.17213187046597,1.0,-22.4434875,1.0,1.0,0.0,24.0,1.0
NIFTY,CONFL,60,p12m1.0c15,False,3,0.0,0.0,-22.090833333333336,-66.27250000000001,66.27250000000001,-395.48173529849873,1.0,-22.065833333333337,1.0,1.0,0.0,28.0,1.0
NIFTY,AS_WRITTEN,60,p12m1.0c20,False,1,0.0,-90.86315362137248,-113.11857204456179,-113.11857204456179,113.11857204456179,,1.0,30.80834999999869,1.0,0.0,1.0,33.0,1.0
NIFTY,PRAG,60,p12m1.0c20,False,3,0.0,-30.287717873790825,-52.909940681520595,-158.72982204456179,158.72982204456179,-1.7573486712727848,1.0,-10.81096666666696,1.0,0.6666666666666666,0.3333333333333333,19.0,1.0
NIFTY,CONFL,60,p12m1.0c20,False,2,0.0,-45.43157681068624,-67.5641860222809,-135.1283720445618,135.1283720445618,-1.483154355087453,1.0,-4.428225000000438,1.0,0.5,0.5,22.5,1.0
NIFTY,AS_WRITTEN,60,p12m1.3c15,False,1,0.0,-90.86315362137248,-113.11857204456179,-113.11857204456179,113.11857204456179,,1.0,30.80834999999869,1.0,0.0,1.0,33.0,1.0
NIFTY,PRAG,60,p12m1.3c15,False,4,0.0,0.0,-22.468487500000002,-89.87395000000001,89.87395000000001,-59.17213187046597,1.0,-22.4434875,1.0,1.0,0.0,24.0,1.0
NIFTY,CONFL,60,p12m1.3c15,False,3,0.0,0.0,-22.090833333333336,-66.27250000000001,66.27250000000001,-395.48173529849873,1.0,-22.065833333333337,1.0,1.0,0.0,28.0,1.0
NIFTY,AS_WRITTEN,60,p12m1.3c20,False,1,0.0,-90.86315362137248,-113.11857204456179,-113.11857204456179,113.11857204456179,,1.0,30.80834999999869,1.0,0.0,1.0,33.0,1.0
NIFTY,PRAG,60,p12m1.3c20,False,3,0.0,-30.287717873790825,-52.909940681520595,-158.72982204456179,158.72982204456179,-1.7573486712727848,1.0,-10.81096666666696,1.0,0.6666666666666666,0.3333333333333333,19.0,1.0
NIFTY,CONFL,60,p12m1.3c20,False,2,0.0,-45.43157681068624,-67.5641860222809,-135.1283720445618,135.1283720445618,-1.483154355087453,1.0,-4.428225000000438,1.0,0.5,0.5,22.5,1.0
BANKNIFTY,AS_WRITTEN,15,p10m1.0c15,True,0,,,,,,,,,,,,,
BANKNIFTY,PRAG,15,p10m1.0c15,True,4,0.25,91.7285183601598,45.952741600979714,183.81096640391885,127.75125,0.5188638830477662,1.0,-26.59783125000007,1.0,0.75,0.25,14.0,1.0
BANKNIFTY,CONFL,15,p10m1.0c15,True,3,0.3333333333333333,122.30469114687973,73.37903880130628,220.13711640391884,91.42510000000001,0.6161561515666252,1.0,-151.14672499999963,1.0,0.6666666666666666,0.3333333333333333,15.333333333333334,1.0
BANKNIFTY,AS_WRITTEN,15,p8m0.9c12,False,0,,,,,,,,,,,,,
BANKNIFTY,PRAG,15,p8m0.9c12,False,6,0.0,0.0,-47.034275,-282.20565,282.20565,-15.165335087442145,1.0,-47.00927500000001,1.0,1.0,0.0,12.333333333333334,1.0
BANKNIFTY,CONFL,15,p8m0.9c12,False,3,0.0,0.0,-47.64961666666667,-142.94885,142.94885,-10.209001632530338,1.0,-47.624616666666675,1.0,1.0,0.0,12.333333333333334,1.0
BANKNIFTY,AS_WRITTEN,15,p8m0.9c15,False,0,,,,,,,,,,,,,
BANKNIFTY,PRAG,15,p8m0.9c15,False,5,0.0,0.0,-46.13355000000001,-230.66775000000004,230.66775000000004,-12.687723276607908,1.0,-46.10855000000001,1.0,1.0,0.0,11.2,1.0
BANKNIFTY,CONFL,15,p8m0.9c15,False,3,0.0,0.0,-47.69053333333334,-143.07160000000002,143.07160000000002,-10.172790270703056,1.0,-47.665533333333336,1.0,1.0,0.0,13.333333333333334,1.0
BANKNIFTY,AS_WRITTEN,15,p8m1.1c12,False,0,,,,,,,,,,,,,
BANKNIFTY,PRAG,15,p8m1.1c12,False,4,0.0,0.0,-44.392900000000004,-177.57160000000002,177.57160000000002,-10.744653254483392,1.0,-44.3679,1.0,1.0,0.0,11.25,1.0
BANKNIFTY,CONFL,15,p8m1.1c12,False,1,0.0,0.0,-38.314800000000005,-38.314800000000005,38.314800000000005,,1.0,-38.28980000000001,1.0,1.0,0.0,8.0,1.0
BANKNIFTY,AS_WRITTEN,15,p8m1.1c15,False,0,,,,,,,,,,,,,
BANKNIFTY,PRAG,15,p8m1.1c15,False,3,0.0,0.0,-41.97031666666667,-125.91095000000001,125.91095000000001,-8.867281051115981,1.0,-41.945316666666685,1.0,1.0,0.0,8.0,1.0
BANKNIFTY,CONFL,15,p8m1.1c15,False,1,0.0,0.0,-38.314800000000005,-38.314800000000005,38.314800000000005,,1.0,-38.28980000000001,1.0,1.0,0.0,8.0,1.0
BANKNIFTY,AS_WRITTEN,15,p10m0.9c12,False,0,,,,,,,,,,,,,
BANKNIFTY,PRAG,15,p10m0.9c12,False,3,0.0,0.0,-42.5699,-127.7097,127.7097,-13.627876561097507,1.0,-42.544900000000005,1.0,1.0,0.0,14.333333333333334,1.0
BANKNIFTY,CONFL,15,p10m0.9c12,False,2,0.0,0.0,-45.69177500000001,-91.38355000000001,91.38355000000001,-244.6353901753437,1.0,-45.66677500000001,1.0,1.0,0.0,16.5,1.0
BANKNIFTY,AS_WRITTEN,15,p10m0.9c15,False,0,,,,,,,,,,,,,
BANKNIFTY,PRAG,15,p10m0.9c15,False,3,0.0,0.0,-42.58375,-127.75125,127.75125,-13.60386921251779,1.0,-42.558749999999996,1.0,1.0,0.0,15.333333333333334,1.0
BANKNIFTY,CONFL,15,p10m0.9c15,False,2,0.0,0.0,-45.71255000000001,-91.42510000000001,91.42510000000001,-275.3768072289151,1.0,-45.68755000000001,1.0,1.0,0.0,18.0,1.0
BANKNIFTY,AS_WRITTEN,15,p10m1.1c12,False,0,,,,,,,,,,,,,
BANKNIFTY,PRAG,15,p10m1.1c12,False,4,0.25,90.54420061687779,44.779403516569346,179.11761406627738,127.7097,0.5124836913368809,1.0,-26.58744375000007,1.0,0.75,0.25,13.25,1.0
BANKNIFTY,CONFL,15,p10m1.1c12,False,3,0.3333333333333333,120.72560082250372,71.81458802209245,215.44376406627737,91.38355000000001,0.6111546297199457,1.0,-151.13287499999964,1.0,0.6666666666666666,0.3333333333333333,14.333333333333334,1.0
BANKNIFTY,AS_WRITTEN,15,p10m1.1c15,False,0,,,,,,,,,,,,,
BANKNIFTY,PRAG,15,p10m1.1c15,False,4,0.25,91.7285183601598,45.952741600979714,183.81096640391885,127.75125,0.5188638830477662,1.0,-26.59783125000007,1.0,0.75,0.25,14.0,1.0
BANKNIFTY,CONFL,15,p10m1.1c15,False,3,0.3333333333333333,122.30469114687973,73.37903880130628,220.13711640391884,91.42510000000001,0.6161561515666252,1.0,-151.14672499999963,1.0,0.6666666666666666,0.3333333333333333,15.333333333333334,1.0
BANKNIFTY,AS_WRITTEN,30,p10m1.0c15,True,0,,,,,,,,,,,,,
BANKNIFTY,PRAG,30,p10m1.0c15,True,0,,,,,,,,,,,,,
BANKNIFTY,CONFL,30,p10m1.0c15,True,0,,,,,,,,,,,,,
BANKNIFTY,AS_WRITTEN,30,p8m0.9c12,False,0,,,,,,,,,,,,,
BANKNIFTY,PRAG,30,p8m0.9c12,False,2,0.0,0.0,-56.280575,-112.56115,112.56115,-1329.7241582988236,1.0,-56.25557500000001,1.0,1.0,0.0,14.5,1.0
BANKNIFTY,CONFL,30,p8m0.9c12,False,0,,,,,,,,,,,,,
BANKNIFTY,AS_WRITTEN,30,p8m0.9c15,False,0,,,,,,,,,,,,,
BANKNIFTY,PRAG,30,p8m0.9c15,False,1,0.0,0.0,-56.23825,-56.23825,56.23825,,1.0,-56.21325,1.0,1.0,0.0,8.0,1.0
BANKNIFTY,CONFL,30,p8m0.9c15,False,0,,,,,,,,,,,,,
BANKNIFTY,AS_WRITTEN,30,p8m1.1c12,False,0,,,,,,,,,,,,,
BANKNIFTY,PRAG,30,p8m1.1c12,False,3,0.0,-166.01417530380664,-221.35363488282144,-664.0609046484643,664.0609046484643,-1.340943413871332,1.0,-192.64496666666662,1.0,0.6666666666666666,0.3333333333333333,12.333333333333334,1.0
BANKNIFTY,CONFL,30,p8m1.1c12,False,0,,,,,,,,,,,,,
BANKNIFTY,AS_WRITTEN,30,p8m1.1c15,False,0,,,,,,,,,,,,,
BANKNIFTY,PRAG,30,p8m1.1c15,False,2,0.0,-249.02126295570997,-303.86900232423216,-607.7380046484643,607.7380046484643,-1.2271052745757731,1.0,-260.8185,1.0,0.5,0.5,8.0,1.0
BANKNIFTY,CONFL,30,p8m1.1c15,False,0,,,,,,,,,,,,,
BANKNIFTY,AS_WRITTEN,30,p10m0.9c12,False,0,,,,,,,,,,,,,
BANKNIFTY,PRAG,30,p10m0.9c12,False,0,,,,,,,,,,,,,
BANKNIFTY,CONFL,30,p10m0.9c12,False,0,,,,,,,,,,,,,
BANKNIFTY,AS_WRITTEN,30,p10m0.9c15,False,0,,,,,,,,,,,,,
BANKNIFTY,PRAG,30,p10m0.9c15,False,0,,,,,,,,,,,,,
BANKNIFTY,CONFL,30,p10m0.9c15,False,0,,,,,,,,,,,,,
BANKNIFTY,AS_WRITTEN,30,p10m1.1c12,False,0,,,,,,,,,,,,,
BANKNIFTY,PRAG,30,p10m1.1c12,False,0,,,,,,,,,,,,,
BANKNIFTY,CONFL,30,p10m1.1c12,False,0,,,,,,,,,,,,,
BANKNIFTY,AS_WRITTEN,30,p10m1.1c15,False,0,,,,,,,,,,,,,
BANKNIFTY,PRAG,30,p10m1.1c15,False,0,,,,,,,,,,,,,
BANKNIFTY,CONFL,30,p10m1.1c15,False,0,,,,,,,,,,,,,
BANKNIFTY,AS_WRITTEN,60,p10m1.0c15,True,2,0.0,-124.69943973066984,-171.59131501080452,-343.18263002160904,343.18263002160904,-1.3741677345178362,1.0,-3.3806249999998443,1.0,0.5,0.5,41.0,1.0
BANKNIFTY,PRAG,60,p10m1.0c15,True,3,0.0,-26.883887020087666,-73.17857840991097,-219.5357352297329,219.5357352297329,-2.687714433054195,1.0,24.427699999999998,1.0,0.6666666666666666,0.3333333333333333,26.0,1.0
BANKNIFTY,CONFL,60,p10m1.0c15,True,0,,,,,,,,,,,,,
BANKNIFTY,AS_WRITTEN,60,p10m1.0c20,False,1,0.0,0.0,-46.72205,-46.72205,46.72205,,1.0,-46.697050000000004,1.0,1.0,0.0,33.0,1.0
BANKNIFTY,PRAG,60,p10m1.0c20,False,3,0.0,0.0,-46.22111666666667,-138.66335,138.66335,-105.93561260871564,1.0,-46.1961166666667,1.0,1.0,0.0,31.0,1.0
BANKNIFTY,CONFL,60,p10m1.0c20,False,0,,,,,,,,,,,,,
BANKNIFTY,AS_WRITTEN,60,p10m1.3c15,False,2,0.0,-124.69943973066984,-171.59131501080452,-343.18263002160904,343.18263002160904,-1.3741677345178362,1.0,-3.3806249999998443,1.0,0.5,0.5,41.0,1.0
BANKNIFTY,PRAG,60,p10m1.3c15,False,3,0.0,-26.883887020087666,-73.17857840991097,-219.5357352297329,219.5357352297329,-2.687714433054195,1.0,24.427699999999998,1.0,0.6666666666666666,0.3333333333333333,26.0,1.0
BANKNIFTY,CONFL,60,p10m1.3c15,False,0,,,,,,,,,,,,,
BANKNIFTY,AS_WRITTEN,60,p10m1.3c20,False,1,0.0,0.0,-46.72205,-46.72205,46.72205,,1.0,-46.697050000000004,1.0,1.0,0.0,33.0,1.0
BANKNIFTY,PRAG,60,p10m1.3c20,False,3,0.0,0.0,-46.22111666666667,-138.66335,138.66335,-105.93561260871564,1.0,-46.1961166666667,1.0,1.0,0.0,31.0,1.0
BANKNIFTY,CONFL,60,p10m1.3c20,False,0,,,,,,,,,,,,,
BANKNIFTY,AS_WRITTEN,60,p12m1.0c15,False,0,,,,,,,,,,,,,
BANKNIFTY,PRAG,60,p12m1.0c15,False,1,0.0,0.0,-37.39835,-37.39835,37.39835,,1.0,-37.37335,1.0,1.0,0.0,12.0,1.0
BANKNIFTY,CONFL,60,p12m1.0c15,False,0,,,,,,,,,,,,,
BANKNIFTY,AS_WRITTEN,60,p12m1.0c20,False,0,,,,,,,,,,,,,
BANKNIFTY,PRAG,60,p12m1.0c20,False,1,0.0,0.0,-37.39835,-37.39835,37.39835,,1.0,-37.37335,1.0,1.0,0.0,12.0,1.0
BANKNIFTY,CONFL,60,p12m1.0c20,False,0,,,,,,,,,,,,,
BANKNIFTY,AS_WRITTEN,60,p12m1.3c15,False,0,,,,,,,,,,,,,
BANKNIFTY,PRAG,60,p12m1.3c15,False,1,0.0,0.0,-37.39835,-37.39835,37.39835,,1.0,-37.37335,1.0,1.0,0.0,12.0,1.0
BANKNIFTY,CONFL,60,p12m1.3c15,False,0,,,,,,,,,,,,,
BANKNIFTY,AS_WRITTEN,60,p12m1.3c20,False,0,,,,,,,,,,,,,
BANKNIFTY,PRAG,60,p12m1.3c20,False,1,0.0,0.0,-37.39835,-37.39835,37.39835,,1.0,-37.37335,1.0,1.0,0.0,12.0,1.0
BANKNIFTY,CONFL,60,p12m1.3c20,False,0,,,,,,,,,,,,,
