signals,resignal_in_pos,alt_ok,alt_bad,sl_wrong_side,tp_wrong_side,imm_exit,win144_bars,bars,adds,patterns_signalled,mean_sig_per_pattern,und,cfg,tf,setting
0,0,0,0,0,0,0,3231,31975,1800,0,0.0,NIFTY,AS_WRITTEN,15,p10m1.0c15
8,0,4,4,8,0,8,3231,31975,1800,5,1.6,NIFTY,PRAG,15,p10m1.0c15
6,0,2,4,6,0,6,3231,31975,1800,4,1.5,NIFTY,CONFL,15,p10m1.0c15
2,0,0,2,2,0,2,1686,31975,2211,1,2.0,NIFTY,AS_WRITTEN,15,p8m0.9c12
16,0,4,12,14,0,14,1686,31975,2211,9,1.7777777777777777,NIFTY,PRAG,15,p8m0.9c12
6,0,4,2,5,0,5,1686,31975,2211,4,1.5,NIFTY,CONFL,15,p8m0.9c12
2,0,0,2,2,0,2,1686,31975,2211,1,2.0,NIFTY,AS_WRITTEN,15,p8m0.9c15
15,0,3,12,13,0,13,1686,31975,2211,9,1.6666666666666667,NIFTY,PRAG,15,p8m0.9c15
5,0,3,2,4,0,4,1686,31975,2211,4,1.25,NIFTY,CONFL,15,p8m0.9c15
2,0,0,2,2,0,2,1735,31975,2175,1,2.0,NIFTY,AS_WRITTEN,15,p8m1.1c12
15,0,4,11,14,0,14,1735,31975,2175,8,1.875,NIFTY,PRAG,15,p8m1.1c12
5,0,4,1,5,0,5,1735,31975,2175,3,1.6666666666666667,NIFTY,CONFL,15,p8m1.1c12
2,0,0,2,2,0,2,1735,31975,2175,1,2.0,NIFTY,AS_WRITTEN,15,p8m1.1c15
15,0,4,11,14,0,14,1735,31975,2175,8,1.875,NIFTY,PRAG,15,p8m1.1c15
5,0,4,1,5,0,5,1735,31975,2175,3,1.6666666666666667,NIFTY,CONFL,15,p8m1.1c15
0,0,0,0,0,0,0,3177,31975,1814,0,0.0,NIFTY,AS_WRITTEN,15,p10m0.9c12
8,0,4,4,8,0,8,3177,31975,1814,5,1.6,NIFTY,PRAG,15,p10m0.9c12
6,0,2,4,6,0,6,3177,31975,1814,4,1.5,NIFTY,CONFL,15,p10m0.9c12
0,0,0,0,0,0,0,3177,31975,1814,0,0.0,NIFTY,AS_WRITTEN,15,p10m0.9c15
7,0,3,4,7,0,7,3177,31975,1814,5,1.4,NIFTY,PRAG,15,p10m0.9c15
5,0,1,4,5,0,5,3177,31975,1814,4,1.25,NIFTY,CONFL,15,p10m0.9c15
0,0,0,0,0,0,0,3290,31975,1787,0,0.0,NIFTY,AS_WRITTEN,15,p10m1.1c12
8,0,4,4,8,0,8,3290,31975,1787,5,1.6,NIFTY,PRAG,15,p10m1.1c12
6,0,2,4,6,0,6,3290,31975,1787,4,1.5,NIFTY,CONFL,15,p10m1.1c12
0,0,0,0,0,0,0,3290,31975,1787,0,0.0,NIFTY,AS_WRITTEN,15,p10m1.1c15
8,0,4,4,8,0,8,3290,31975,1787,5,1.6,NIFTY,PRAG,15,p10m1.1c15
6,0,2,4,6,0,6,3290,31975,1787,4,1.5,NIFTY,CONFL,15,p10m1.1c15
0,0,0,0,0,0,0,1669,16627,988,0,0.0,NIFTY,AS_WRITTEN,30,p10m1.0c15
1,0,0,1,1,0,1,1669,16627,988,1,1.0,NIFTY,PRAG,30,p10m1.0c15
0,0,0,0,0,0,0,1669,16627,988,0,0.0,NIFTY,CONFL,30,p10m1.0c15
0,0,0,0,0,0,0,722,16627,1208,0,0.0,NIFTY,AS_WRITTEN,30,p8m0.9c12
2,0,1,1,2,0,2,722,16627,1208,2,1.0,NIFTY,PRAG,30,p8m0.9c12
0,0,0,0,0,0,0,722,16627,1208,0,0.0,NIFTY,CONFL,30,p8m0.9c12
0,0,0,0,0,0,0,722,16627,1208,0,0.0,NIFTY,AS_WRITTEN,30,p8m0.9c15
2,0,1,1,2,0,2,722,16627,1208,2,1.0,NIFTY,PRAG,30,p8m0.9c15
0,0,0,0,0,0,0,722,16627,1208,0,0.0,NIFTY,CONFL,30,p8m0.9c15
0,0,0,0,0,0,0,748,16627,1193,0,0.0,NIFTY,AS_WRITTEN,30,p8m1.1c12
3,0,1,2,2,0,2,748,16627,1193,3,1.0,NIFTY,PRAG,30,p8m1.1c12
0,0,0,0,0,0,0,748,16627,1193,0,0.0,NIFTY,CONFL,30,p8m1.1c12
0,0,0,0,0,0,0,748,16627,1193,0,0.0,NIFTY,AS_WRITTEN,30,p8m1.1c15
3,0,1,2,2,0,2,748,16627,1193,3,1.0,NIFTY,PRAG,30,p8m1.1c15
0,0,0,0,0,0,0,748,16627,1193,0,0.0,NIFTY,CONFL,30,p8m1.1c15
0,0,0,0,0,0,0,1660,16627,994,0,0.0,NIFTY,AS_WRITTEN,30,p10m0.9c12
1,0,0,1,1,0,1,1660,16627,994,1,1.0,NIFTY,PRAG,30,p10m0.9c12
0,0,0,0,0,0,0,1660,16627,994,0,0.0,NIFTY,CONFL,30,p10m0.9c12
0,0,0,0,0,0,0,1660,16627,994,0,0.0,NIFTY,AS_WRITTEN,30,p10m0.9c15
1,0,0,1,1,0,1,1660,16627,994,1,1.0,NIFTY,PRAG,30,p10m0.9c15
0,0,0,0,0,0,0,1660,16627,994,0,0.0,NIFTY,CONFL,30,p10m0.9c15
0,0,0,0,0,0,0,1696,16627,984,0,0.0,NIFTY,AS_WRITTEN,30,p10m1.1c12
2,0,0,2,1,0,1,1696,16627,984,2,1.0,NIFTY,PRAG,30,p10m1.1c12
0,0,0,0,0,0,0,1696,16627,984,0,0.0,NIFTY,CONFL,30,p10m1.1c12
0,0,0,0,0,0,0,1696,16627,984,0,0.0,NIFTY,AS_WRITTEN,30,p10m1.1c15
2,0,0,2,1,0,1,1696,16627,984,2,1.0,NIFTY,PRAG,30,p10m1.1c15
0,0,0,0,0,0,0,1696,16627,984,0,0.0,NIFTY,CONFL,30,p10m1.1c15
1,0,0,1,0,0,0,831,8953,502,1,1.0,NIFTY,AS_WRITTEN,60,p10m1.0c15
4,0,1,3,3,0,3,831,8953,502,2,2.0,NIFTY,PRAG,60,p10m1.0c15
3,0,0,3,2,0,2,831,8953,502,1,3.0,NIFTY,CONFL,60,p10m1.0c15
1,0,0,1,0,0,0,831,8953,502,1,1.0,NIFTY,AS_WRITTEN,60,p10m1.0c20
3,0,1,2,2,0,2,831,8953,502,2,1.5,NIFTY,PRAG,60,p10m1.0c20
2,0,0,2,1,0,1,831,8953,502,1,2.0,NIFTY,CONFL,60,p10m1.0c20
1,0,0,1,0,0,0,855,8953,495,1,1.0,NIFTY,AS_WRITTEN,60,p10m1.3c15
6,0,1,5,5,0,5,855,8953,495,3,2.0,NIFTY,PRAG,60,p10m1.3c15
5,0,0,5,4,0,4,855,8953,495,2,2.5,NIFTY,CONFL,60,p10m1.3c15
1,0,0,1,0,0,0,855,8953,495,1,1.0,NIFTY,AS_WRITTEN,60,p10m1.3c20
4,0,1,3,3,0,3,855,8953,495,3,1.3333333333333333,NIFTY,PRAG,60,p10m1.3c20
3,0,0,3,2,0,2,855,8953,495,2,1.5,NIFTY,CONFL,60,p10m1.3c20
1,0,0,1,0,0,0,1336,8953,430,1,1.0,NIFTY,AS_WRITTEN,60,p12m1.0c15
4,0,1,3,4,0,4,1336,8953,430,2,2.0,NIFTY,PRAG,60,p12m1.0c15
3,0,0,3,3,0,3,1336,8953,430,1,3.0,NIFTY,CONFL,60,p12m1.0c15
1,0,0,1,0,0,0,1336,8953,430,1,1.0,NIFTY,AS_WRITTEN,60,p12m1.0c20
3,0,1,2,2,0,2,1336,8953,430,2,1.5,NIFTY,PRAG,60,p12m1.0c20
2,0,0,2,1,0,1,1336,8953,430,1,2.0,NIFTY,CONFL,60,p12m1.0c20
1,0,0,1,0,0,0,1361,8953,424,1,1.0,NIFTY,AS_WRITTEN,60,p12m1.3c15
4,0,1,3,4,0,4,1361,8953,424,2,2.0,NIFTY,PRAG,60,p12m1.3c15
3,0,0,3,3,0,3,1361,8953,424,1,3.0,NIFTY,CONFL,60,p12m1.3c15
1,0,0,1,0,0,0,1361,8953,424,1,1.0,NIFTY,AS_WRITTEN,60,p12m1.3c20
3,0,1,2,2,0,2,1361,8953,424,2,1.5,NIFTY,PRAG,60,p12m1.3c20
2,0,0,2,1,0,1,1361,8953,424,1,2.0,NIFTY,CONFL,60,p12m1.3c20
0,0,0,0,0,0,0,2447,25645,1463,0,0.0,BANKNIFTY,AS_WRITTEN,15,p10m1.0c15
5,1,0,4,3,0,3,2447,25645,1463,3,1.6666666666666667,BANKNIFTY,PRAG,15,p10m1.0c15
4,1,0,3,2,0,2,2447,25645,1463,2,2.0,BANKNIFTY,CONFL,15,p10m1.0c15
0,0,0,0,0,0,0,1016,25645,1842,0,0.0,BANKNIFTY,AS_WRITTEN,15,p8m0.9c12
6,0,2,4,6,0,6,1016,25645,1842,4,1.5,BANKNIFTY,PRAG,15,p8m0.9c12
3,0,0,3,3,0,3,1016,25645,1842,2,1.5,BANKNIFTY,CONFL,15,p8m0.9c12
0,0,0,0,0,0,0,1016,25645,1842,0,0.0,BANKNIFTY,AS_WRITTEN,15,p8m0.9c15
5,0,1,4,5,0,5,1016,25645,1842,4,1.25,BANKNIFTY,PRAG,15,p8m0.9c15
3,0,0,3,3,0,3,1016,25645,1842,2,1.5,BANKNIFTY,CONFL,15,p8m0.9c15
0,0,0,0,0,0,0,1079,25645,1813,0,0.0,BANKNIFTY,AS_WRITTEN,15,p8m1.1c12
4,0,2,2,4,0,4,1079,25645,1813,3,1.3333333333333333,BANKNIFTY,PRAG,15,p8m1.1c12
1,0,0,1,1,0,1,1079,25645,1813,1,1.0,BANKNIFTY,CONFL,15,p8m1.1c12
0,0,0,0,0,0,0,1079,25645,1813,0,0.0,BANKNIFTY,AS_WRITTEN,15,p8m1.1c15
3,0,1,2,3,0,3,1079,25645,1813,3,1.0,BANKNIFTY,PRAG,15,p8m1.1c15
1,0,0,1,1,0,1,1079,25645,1813,1,1.0,BANKNIFTY,CONFL,15,p8m1.1c15
0,0,0,0,0,0,0,2408,25645,1473,0,0.0,BANKNIFTY,AS_WRITTEN,15,p10m0.9c12
3,0,0,3,3,0,3,2408,25645,1473,2,1.5,BANKNIFTY,PRAG,15,p10m0.9c12
2,0,0,2,2,0,2,2408,25645,1473,1,2.0,BANKNIFTY,CONFL,15,p10m0.9c12
0,0,0,0,0,0,0,2408,25645,1473,0,0.0,BANKNIFTY,AS_WRITTEN,15,p10m0.9c15
3,0,0,3,3,0,3,2408,25645,1473,2,1.5,BANKNIFTY,PRAG,15,p10m0.9c15
2,0,0,2,2,0,2,2408,25645,1473,1,2.0,BANKNIFTY,CONFL,15,p10m0.9c15
0,0,0,0,0,0,0,2471,25645,1456,0,0.0,BANKNIFTY,AS_WRITTEN,15,p10m1.1c12
5,1,0,4,3,0,3,2471,25645,1456,3,1.6666666666666667,BANKNIFTY,PRAG,15,p10m1.1c12
4,1,0,3,2,0,2,2471,25645,1456,2,2.0,BANKNIFTY,CONFL,15,p10m1.1c12
0,0,0,0,0,0,0,2471,25645,1456,0,0.0,BANKNIFTY,AS_WRITTEN,15,p10m1.1c15
5,1,0,4,3,0,3,2471,25645,1456,3,1.6666666666666667,BANKNIFTY,PRAG,15,p10m1.1c15
4,1,0,3,2,0,2,2471,25645,1456,2,2.0,BANKNIFTY,CONFL,15,p10m1.1c15
0,0,0,0,0,0,0,1144,13345,805,0,0.0,BANKNIFTY,AS_WRITTEN,30,p10m1.0c15
0,0,0,0,0,0,0,1144,13345,805,0,0.0,BANKNIFTY,PRAG,30,p10m1.0c15
0,0,0,0,0,0,0,1144,13345,805,0,0.0,BANKNIFTY,CONFL,30,p10m1.0c15
0,0,0,0,0,0,0,536,13345,972,0,0.0,BANKNIFTY,AS_WRITTEN,30,p8m0.9c12
2,0,2,0,2,0,2,536,13345,972,1,2.0,BANKNIFTY,PRAG,30,p8m0.9c12
0,0,0,0,0,0,0,536,13345,972,0,0.0,BANKNIFTY,CONFL,30,p8m0.9c12
0,0,0,0,0,0,0,536,13345,972,0,0.0,BANKNIFTY,AS_WRITTEN,30,p8m0.9c15
1,0,1,0,1,0,1,536,13345,972,1,1.0,BANKNIFTY,PRAG,30,p8m0.9c15
0,0,0,0,0,0,0,536,13345,972,0,0.0,BANKNIFTY,CONFL,30,p8m0.9c15
0,0,0,0,0,0,0,548,13345,960,0,0.0,BANKNIFTY,AS_WRITTEN,30,p8m1.1c12
3,0,3,0,2,0,2,548,13345,960,2,1.5,BANKNIFTY,PRAG,30,p8m1.1c12
0,0,0,0,0,0,0,548,13345,960,0,0.0,BANKNIFTY,CONFL,30,p8m1.1c12
0,0,0,0,0,0,0,548,13345,960,0,0.0,BANKNIFTY,AS_WRITTEN,30,p8m1.1c15
2,0,2,0,1,0,1,548,13345,960,2,1.0,BANKNIFTY,PRAG,30,p8m1.1c15
0,0,0,0,0,0,0,548,13345,960,0,0.0,BANKNIFTY,CONFL,30,p8m1.1c15
0,0,0,0,0,0,0,1128,13345,809,0,0.0,BANKNIFTY,AS_WRITTEN,30,p10m0.9c12
0,0,0,0,0,0,0,1128,13345,809,0,0.0,BANKNIFTY,PRAG,30,p10m0.9c12
0,0,0,0,0,0,0,1128,13345,809,0,0.0,BANKNIFTY,CONFL,30,p10m0.9c12
0,0,0,0,0,0,0,1128,13345,809,0,0.0,BANKNIFTY,AS_WRITTEN,30,p10m0.9c15
0,0,0,0,0,0,0,1128,13345,809,0,0.0,BANKNIFTY,PRAG,30,p10m0.9c15
0,0,0,0,0,0,0,1128,13345,809,0,0.0,BANKNIFTY,CONFL,30,p10m0.9c15
0,0,0,0,0,0,0,1152,13345,802,0,0.0,BANKNIFTY,AS_WRITTEN,30,p10m1.1c12
0,0,0,0,0,0,0,1152,13345,802,0,0.0,BANKNIFTY,PRAG,30,p10m1.1c12
0,0,0,0,0,0,0,1152,13345,802,0,0.0,BANKNIFTY,CONFL,30,p10m1.1c12
0,0,0,0,0,0,0,1152,13345,802,0,0.0,BANKNIFTY,AS_WRITTEN,30,p10m1.1c15
0,0,0,0,0,0,0,1152,13345,802,0,0.0,BANKNIFTY,PRAG,30,p10m1.1c15
0,0,0,0,0,0,0,1152,13345,802,0,0.0,BANKNIFTY,CONFL,30,p10m1.1c15
2,0,0,2,1,0,1,669,7196,417,1,2.0,BANKNIFTY,AS_WRITTEN,60,p10m1.0c15
3,0,0,3,2,0,2,669,7196,417,1,3.0,BANKNIFTY,PRAG,60,p10m1.0c15
0,0,0,0,0,0,0,669,7196,417,0,0.0,BANKNIFTY,CONFL,60,p10m1.0c15
1,0,0,1,1,0,1,669,7196,417,1,1.0,BANKNIFTY,AS_WRITTEN,60,p10m1.0c20
3,0,0,3,3,0,3,669,7196,417,1,3.0,BANKNIFTY,PRAG,60,p10m1.0c20
0,0,0,0,0,0,0,669,7196,417,0,0.0,BANKNIFTY,CONFL,60,p10m1.0c20
2,0,0,2,1,0,1,694,7196,411,1,2.0,BANKNIFTY,AS_WRITTEN,60,p10m1.3c15
3,0,0,3,2,0,2,694,7196,411,1,3.0,BANKNIFTY,PRAG,60,p10m1.3c15
0,0,0,0,0,0,0,694,7196,411,0,0.0,BANKNIFTY,CONFL,60,p10m1.3c15
1,0,0,1,1,0,1,694,7196,411,1,1.0,BANKNIFTY,AS_WRITTEN,60,p10m1.3c20
3,0,0,3,3,0,3,694,7196,411,1,3.0,BANKNIFTY,PRAG,60,p10m1.3c20
0,0,0,0,0,0,0,694,7196,411,0,0.0,BANKNIFTY,CONFL,60,p10m1.3c20
0,0,0,0,0,0,0,984,7196,362,0,0.0,BANKNIFTY,AS_WRITTEN,60,p12m1.0c15
1,0,1,0,1,0,1,984,7196,362,1,1.0,BANKNIFTY,PRAG,60,p12m1.0c15
0,0,0,0,0,0,0,984,7196,362,0,0.0,BANKNIFTY,CONFL,60,p12m1.0c15
0,0,0,0,0,0,0,984,7196,362,0,0.0,BANKNIFTY,AS_WRITTEN,60,p12m1.0c20
1,0,1,0,1,0,1,984,7196,362,1,1.0,BANKNIFTY,PRAG,60,p12m1.0c20
0,0,0,0,0,0,0,984,7196,362,0,0.0,BANKNIFTY,CONFL,60,p12m1.0c20
0,0,0,0,0,0,0,1022,7196,357,0,0.0,BANKNIFTY,AS_WRITTEN,60,p12m1.3c15
1,0,1,0,1,0,1,1022,7196,357,1,1.0,BANKNIFTY,PRAG,60,p12m1.3c15
0,0,0,0,0,0,0,1022,7196,357,0,0.0,BANKNIFTY,CONFL,60,p12m1.3c15
0,0,0,0,0,0,0,1022,7196,357,0,0.0,BANKNIFTY,AS_WRITTEN,60,p12m1.3c20
1,0,1,0,1,0,1,1022,7196,357,1,1.0,BANKNIFTY,PRAG,60,p12m1.3c20
0,0,0,0,0,0,0,1022,7196,357,0,0.0,BANKNIFTY,CONFL,60,p12m1.3c20
