und,var,fam,trades,rs_day,rs_trade,t,p,win,gross_trade,rand_trade,z_rand,p_rand,maxdd,total,yrs_pos,idx_pts_trade,rc_p,t_daily,q_bh,q_bh_rand
NIFTY,AS_WRITTEN|tf15|p8m0.9c12|NAT,AS_WRITTEN,2,-0.15416739811912342,-98.35880000000074,,1.0,0.0,-8.125,,,1.0,196.71760000000148,-196.71760000000148,0/1,-1.949999999999818,1.0,-0.9999999998184138,1.0,1.0
NIFTY,AS_WRITTEN|tf15|p8m0.9c12|OPT,AS_WRITTEN,1,0.6208934169278999,792.2600000000002,,1.0,1.0,884.0000000000006,,,1.0,0.0,792.2600000000002,1/1,42.20000000000073,0.984,0.9999999999549122,1.0,1.0
NIFTY,AS_WRITTEN|tf15|p8m0.9c15|NAT,AS_WRITTEN,1,-0.041538244514107446,-53.0028000000011,,1.0,0.0,35.749999999999815,,,1.0,53.0028000000011,-53.0028000000011,0/1,-0.2000000000007276,1.0,-0.9999999993260518,1.0,1.0
NIFTY,AS_WRITTEN|tf15|p8m0.9c15|OPT,AS_WRITTEN,1,0.6208934169278999,792.2600000000002,,1.0,1.0,884.0000000000006,,,1.0,0.0,792.2600000000002,1/1,42.20000000000073,0.984,0.9999999999549122,1.0,1.0
NIFTY,AS_WRITTEN|tf15|p8m1.1c12|NAT,AS_WRITTEN,2,-0.15416739811912342,-98.35880000000074,,1.0,0.0,-8.125,,,1.0,196.71760000000148,-196.71760000000148,0/1,-1.949999999999818,1.0,-0.9999999998184138,1.0,1.0
NIFTY,AS_WRITTEN|tf15|p8m1.1c12|OPT,AS_WRITTEN,1,0.6208934169278999,792.2600000000002,,1.0,1.0,884.0000000000006,,,1.0,0.0,792.2600000000002,1/1,42.20000000000073,0.984,0.9999999999549122,1.0,1.0
NIFTY,AS_WRITTEN|tf15|p8m1.1c15|NAT,AS_WRITTEN,1,-0.041538244514107446,-53.0028000000011,,1.0,0.0,35.749999999999815,,,1.0,53.0028000000011,-53.0028000000011,0/1,-0.2000000000007276,1.0,-0.9999999993260518,1.0,1.0
NIFTY,AS_WRITTEN|tf15|p8m1.1c15|OPT,AS_WRITTEN,1,0.6208934169278999,792.2600000000002,,1.0,1.0,884.0000000000006,,,1.0,0.0,792.2600000000002,1/1,42.20000000000073,0.984,0.9999999999549122,1.0,1.0
NIFTY,CONFL|tf15|p10m0.9c12|NAT,CONFL,5,-0.14955956112853008,-38.167600000000874,-0.3744747586895692,1.0,0.4,55.25,-65.09372000000073,0.24774902003552002,1.0,345.3648000000014,-190.8380000000044,1/2,3.15,1.0,-0.4113900886751512,1.0,1.0
NIFTY,CONFL|tf15|p10m0.9c12|OPT,CONFL,5,5.076312852664574,1295.4750399999994,1.7449274573143088,1.0,0.8,1393.6000000000004,-90.21192587500045,1.784030057725903,1.0,327.1152000000015,6477.375199999997,2/2,17.48999999999942,0.673,1.470708956731549,1.0,1.0
NIFTY,CONFL|tf15|p10m0.9c15|NAT,CONFL,4,0.2648385579937266,84.48349999999878,0.641505337761587,1.0,0.5,177.12500000000028,-139.11819000000077,1.6217180018337043,1.0,140.08200000000284,337.93399999999514,2/2,5.625,0.999,0.6944925868452103,1.0,1.0
NIFTY,CONFL|tf15|p10m0.9c15|OPT,CONFL,4,-0.20780396257837205,-66.28946406250066,-0.08160249111245851,1.0,0.5,26.609375000000227,-480.6612073437506,0.4791700008348139,1.0,2525.4498562500025,-265.15785625000274,1/2,-10.81250000000091,1.0,-0.09408547677063615,1.0,1.0
NIFTY,CONFL|tf15|p10m1.0c15|NAT,CONFL,5,0.28998840125391484,74.00503999999907,0.7216637582054031,1.0,0.6,167.70000000000022,-23.697344000000868,0.8955325165128118,1.0,140.08200000000284,370.0251999999953,2/2,5.230000000000291,0.998,0.7588223593500946,1.0,1.0
NIFTY,CONFL|tf15|p10m1.0c15|OPT,CONFL,5,0.4670863195532891,119.2004287499994,0.18170497362157836,1.0,0.6,213.6875000000003,-29.088909125000647,0.20903143172467514,1.0,2525.4498562500025,596.0021437499969,1/2,-2.510000000000582,1.0,0.2022430137263738,1.0,1.0
NIFTY,CONFL|tf15|p10m1.1c12|NAT,CONFL,5,-0.14955956112853008,-38.167600000000874,-0.3744747586895692,1.0,0.4,55.25,-107.44990400000079,0.6049491948176117,1.0,345.3648000000014,-190.8380000000044,1/2,3.15,1.0,-0.4113900886751512,1.0,1.0
NIFTY,CONFL|tf15|p10m1.1c12|OPT,CONFL,5,5.076312852664574,1295.4750399999994,1.7449274573143088,1.0,0.8,1393.6000000000004,-244.1023005000005,1.9578576457302705,1.0,327.1152000000015,6477.375199999997,2/2,17.48999999999942,0.673,1.470708956731549,1.0,1.0
NIFTY,CONFL|tf15|p10m1.1c15|NAT,CONFL,5,0.28998840125391484,74.00503999999907,0.7216637582054031,1.0,0.6,167.70000000000022,9.654111999999134,0.5582804017353945,1.0,140.08200000000284,370.0251999999953,2/2,5.230000000000291,0.998,0.7588223593500946,1.0,1.0
NIFTY,CONFL|tf15|p10m1.1c15|OPT,CONFL,5,0.4670863195532891,119.2004287499994,0.18170497362157836,1.0,0.6,213.6875000000003,238.94665462499964,-0.1673276381948222,1.0,2525.4498562500025,596.0021437499969,1/2,-2.510000000000582,1.0,0.2022430137263738,1.0,1.0
NIFTY,CONFL|tf15|p8m0.9c12|NAT,CONFL,6,0.867250156739808,184.43519999999918,1.001609905462884,1.0,0.8333333333333334,288.1666666666666,-134.63712000000098,1.5483010314941918,1.0,147.72760000000255,1106.611199999995,2/3,8.874999999999394,0.957,1.0297447408418945,1.0,1.0
NIFTY,CONFL|tf15|p8m0.9c12|OPT,CONFL,5,-3.9338624363244534,-1003.9216937500005,-1.1432102634505894,1.0,0.4,-903.6625,-727.0094625000005,-0.31054909754450016,1.0,6075.884868750002,-5019.608468750002,1/3,-18.850000000000726,1.0,-1.1097594535006436,1.0,1.0
NIFTY,CONFL|tf15|p8m0.9c15|NAT,CONFL,4,0.7897677115987433,251.9358999999991,0.9250679591961947,1.0,0.75,355.0624999999999,-174.04811000000086,1.316839831947124,1.0,147.72760000000255,1007.7435999999964,2/3,10.087499999998727,0.997,0.9421716798404873,1.0,1.0
NIFTY,CONFL|tf15|p8m0.9c15|OPT,CONFL,4,-1.962850352664579,-626.1492625000005,-0.6118106258385786,1.0,0.5,-524.8749999999998,-335.39009781250064,-0.2804556527509033,1.0,3560.873450000002,-2504.597050000003,1/3,-12.56250000000091,1.0,-0.6659776537439752,1.0,1.0
NIFTY,CONFL|tf15|p8m1.1c12|NAT,CONFL,5,0.0394473354231936,10.066959999999003,0.2279028299344938,1.0,0.8,118.29999999999993,-108.322904000001,2.528057947553131,1.0,147.72760000000252,50.33479999999503,1/2,3.519999999999709,1.0,0.25413880483092655,1.0,1.0
NIFTY,CONFL|tf15|p8m1.1c12|OPT,CONFL,4,-4.761665257641067,-1518.9712171875008,-1.6542359375650448,1.0,0.25,-1413.953125,-752.4260453125006,-0.8227085014329589,1.0,6075.884868750003,-6075.884868750002,0/2,-32.475000000000364,1.0,-1.381843307539052,1.0,1.0
NIFTY,CONFL|tf15|p8m1.1c15|NAT,CONFL,4,-0.15794357366771447,-50.38400000000091,-0.8570483351200087,1.0,0.5,56.87500000000001,-105.92239000000089,0.8389208057980514,1.0,201.53600000000364,-201.53600000000367,0/2,0.7374999999992724,1.0,-0.8869127757088504,1.0,1.0
NIFTY,CONFL|tf15|p8m1.1c15|OPT,CONFL,4,-2.184673863636366,-696.9109625000008,-0.706491753515728,1.0,0.5,-590.6874999999995,-728.1947626562506,0.031311964674283266,1.0,3560.873450000003,-2787.643850000003,1/2,-13.537500000000364,1.0,-0.7552381038408773,1.0,1.0
NIFTY,CONFL|tf60|p10m1.0c15|NAT,CONFL,2,-0.6675940438871489,-425.92500000000103,,1.0,0.0,-352.6250000000002,,,1.0,851.8500000000021,-851.8500000000021,0/1,-6.924999999999272,1.0,-1.3081608209436042,1.0,1.0
NIFTY,CONFL|tf60|p10m1.0c15|OPT,CONFL,2,0.9687214292711589,618.0442718749994,,1.0,0.5,695.90625,,,1.0,1243.3874562500005,1236.0885437499987,1/1,10.475000000000364,1.0,0.4454944568753607,1.0,1.0
NIFTY,CONFL|tf60|p10m1.0c20|NAT,CONFL,2,-1.817873981191224,-1159.8036000000009,,1.0,0.0,-1077.3749999999998,,,1.0,2319.6072000000017,-2319.6072000000017,0/1,-24.424999999999272,1.0,-1.113109769310499,1.0,1.0
NIFTY,CONFL|tf60|p10m1.0c20|OPT,CONFL,2,0.13002314851097085,82.9547687499994,,1.0,0.5,171.4375,,,1.0,2313.5664625000004,165.9095374999988,1/1,-7.799999999999272,1.0,0.04890409336344269,1.0,1.0
NIFTY,CONFL|tf60|p10m1.3c15|NAT,CONFL,4,-0.5669771159874631,-180.86570000000074,-1.1405633809962217,1.0,0.5,-102.3750000000003,-103.19557000000043,-0.4725972338406492,1.0,851.8500000000021,-723.462800000003,1/2,-0.7875000000003638,1.0,-1.1000343850427439,1.0,1.0
NIFTY,CONFL|tf60|p10m1.3c15|OPT,CONFL,4,0.4171860158699047,133.0823390624996,0.15532444782065866,1.0,0.5,213.4843750000001,76.54184453124957,0.06298582436234054,1.0,1243.3874562500005,532.3293562499985,1/2,3.850000000000364,1.0,0.17856859497305858,1.0,1.0
NIFTY,CONFL|tf60|p10m1.3c20|NAT,CONFL,3,-1.772811598746083,-754.0358666666674,-1.1365279642058321,1.0,0.3333333333333333,-675.9999999999999,-193.87150666666736,-0.8380973498887168,1.0,2319.6072000000017,-2262.107600000002,1/2,-15.349999999999758,1.0,-1.0850783352695532,1.0,1.0
NIFTY,CONFL|tf60|p10m1.3c20|OPT,CONFL,3,-0.6826536442006279,-290.35535000000044,-0.20260535593245277,1.0,0.3333333333333333,-209.08333333333326,-722.2053110416671,0.2941200172487867,1.0,2313.5664625000004,-871.0660500000013,1/2,-10.199999999999514,1.0,-0.2455414771955977,1.0,1.0
NIFTY,CONFL|tf60|p12m1.0c15|NAT,CONFL,2,0.3699429467084627,236.02359999999922,,1.0,1.0,321.75000000000017,,,1.0,0.0,472.04719999999844,1/1,11.175000000001091,0.955,1.0415818138454649,1.0,1.0
NIFTY,CONFL|tf60|p12m1.0c15|OPT,CONFL,2,2.560273413009405,1633.4544375000003,,1.0,0.5,1724.9375000000005,,,1.0,1157.9971250000003,3266.9088750000005,1/1,47.32499999999891,0.999,0.7141097782092118,1.0,1.0
NIFTY,CONFL|tf60|p12m1.3c15|NAT,CONFL,2,0.3699429467084627,236.02359999999922,,1.0,1.0,321.75000000000017,,,1.0,0.0,472.04719999999844,1/1,11.175000000001091,0.955,1.0415818138454649,1.0,1.0
NIFTY,CONFL|tf60|p12m1.3c15|OPT,CONFL,2,2.560273413009405,1633.4544375000003,,1.0,0.5,1724.9375000000005,,,1.0,1157.9971250000003,3266.9088750000005,1/1,47.32499999999891,0.999,0.7141097782092118,1.0,1.0
NIFTY,PRAG|tf15|p10m0.9c12|NAT,PRAG,7,-0.04112163009404768,-7.495885714286403,-0.09670901044561023,1.0,0.42857142857142855,85.89285714285714,-28.415605714286404,0.23980522120830147,1.0,345.3648000000014,-52.47120000000484,1/2,3.557142857143065,1.0,-0.10433588974568746,1.0,1.0
NIFTY,PRAG|tf15|p10m0.9c12|OPT,PRAG,7,8.366004809952976,1525.0031624999997,1.6590316960309666,1.0,0.7142857142857143,1624.0714285714291,-17.499446250000517,1.6044170386556125,1.0,1332.0790625000004,10675.022137499998,2/2,25.914285714285402,0.668,1.4843802283219558,1.0,1.0
NIFTY,PRAG|tf15|p10m0.9c15|NAT,PRAG,6,-0.1797313479623875,-38.22286666666774,-0.29649000214602383,1.0,0.3333333333333333,52.541666666666735,-129.88808666666736,0.6918904307168361,1.0,567.2712000000016,-229.33720000000645,1/2,2.4249999999998786,1.0,-0.321857417714192,1.0,1.0
NIFTY,PRAG|tf15|p10m0.9c15|OPT,PRAG,6,2.382942853644198,506.7725135416661,0.5094985575348007,1.0,0.5,600.3020833333335,94.5734315624994,0.3959768711843256,1.0,3857.5289187500025,3040.6350812499963,2/2,2.583333333332727,1.0,0.5440299949590675,1.0,1.0
NIFTY,PRAG|tf15|p10m1.0c15|NAT,PRAG,7,-0.15458150470219928,-28.178000000000896,-0.2575272267580435,1.0,0.42857142857142855,63.60714285714291,-7.163165714286419,-0.17824399439303137,1.0,567.2712000000016,-197.2460000000063,1/2,2.600000000000104,1.0,-0.2765363857011555,1.0,1.0
NIFTY,PRAG|tf15|p10m1.0c15|OPT,PRAG,7,3.0578331357758586,557.3992973214281,0.6618722486148293,1.0,0.5714285714285714,651.9732142857146,-403.55028098214325,1.092718485201293,1.0,3857.5289187500025,3901.7950812499957,2/2,6.599999999999584,0.999,0.6900109909413364,1.0,1.0
NIFTY,PRAG|tf15|p10m1.1c12|NAT,PRAG,7,-0.04112163009404768,-7.495885714286403,-0.09670901044561023,1.0,0.42857142857142855,85.89285714285714,-119.62421142857228,1.3187903833003434,1.0,345.3648000000014,-52.47120000000484,1/2,3.557142857143065,1.0,-0.10433588974568746,1.0,1.0
NIFTY,PRAG|tf15|p10m1.1c12|OPT,PRAG,7,8.366004809952976,1525.0031624999997,1.6590316960309666,1.0,0.7142857142857143,1624.0714285714291,-579.9388009821433,2.2283194694610566,1.0,1332.0790625000004,10675.022137499998,2/2,25.914285714285402,0.668,1.4843802283219558,1.0,1.0
NIFTY,PRAG|tf15|p10m1.1c15|NAT,PRAG,7,-0.15458150470219928,-28.178000000000896,-0.2575272267580435,1.0,0.42857142857142855,63.60714285714291,-69.91064571428637,0.3583628161235706,1.0,567.2712000000016,-197.2460000000063,1/2,2.600000000000104,1.0,-0.2765363857011555,1.0,1.0
NIFTY,PRAG|tf15|p10m1.1c15|OPT,PRAG,7,3.0578331357758586,557.3992973214281,0.6618722486148293,1.0,0.5714285714285714,651.9732142857146,209.18110589285658,0.3934112154849371,1.0,3857.5289187500025,3901.7950812499957,2/2,6.599999999999584,0.999,0.6900109909413364,1.0,1.0
NIFTY,PRAG|tf15|p8m0.9c12|NAT,PRAG,16,-0.8114037617554967,-64.70945000000084,-0.5824558509734638,1.0,0.375,28.437499999999943,-162.61398000000082,0.89328335836632,1.0,1847.2924000000085,-1035.3512000000137,2/6,2.362499999999841,1.0,-0.5801115499220278,1.0,1.0
NIFTY,PRAG|tf15|p8m0.9c12|OPT,PRAG,14,-1.5827002840909141,-144.2518258928577,-0.23222742526708318,1.0,0.42857142857142855,-51.071428571428605,-193.40447750000058,0.07570718815111147,1.0,10127.477962500005,-2019.5255625000063,3/6,2.26071428571387,1.0,-0.24556937971620438,1.0,1.0
NIFTY,PRAG|tf15|p8m0.9c15|NAT,PRAG,11,0.3830181818181767,44.430109090908495,0.33367829398465143,1.0,0.45454545454545453,138.8636363636364,-176.4586618181825,1.5096865493243672,1.0,778.1888000000033,488.73119999999346,2/6,4.286363636363273,1.0,0.347912702485185,1.0,1.0
NIFTY,PRAG|tf15|p8m0.9c15|OPT,PRAG,11,0.393155760188083,45.60606818181761,0.05828663592529453,1.0,0.5454545454545454,141.375,-370.2894090909096,0.5158123249155827,1.0,7297.759706250004,501.66674999999395,3/6,3.1954545454541816,1.0,0.06109729237411968,1.0,1.0
NIFTY,PRAG|tf15|p8m1.1c12|NAT,PRAG,15,-1.6392065830721108,-139.44184000000087,-1.7050953357865848,1.0,0.3333333333333333,-45.50000000000004,-83.52357333333413,-0.7237390409776281,1.0,2903.568800000008,-2091.6276000000134,1/6,0.14333333333330908,1.0,-1.455142793031574,1.0,1.0
NIFTY,PRAG|tf15|p8m1.1c12|OPT,PRAG,13,-2.4105031054075283,-236.600150961539,-0.35316760571029693,1.0,0.38461538461538464,-142.50000000000003,-249.95774841346213,0.019234035188853194,1.0,10127.477962500005,-3075.801962500006,3/6,-0.30769230769258754,1.0,-0.37714818397067873,1.0,1.0
NIFTY,PRAG|tf15|p8m1.1c15|NAT,PRAG,11,-0.564693103448281,-65.50440000000059,-0.752982461079557,1.0,0.36363636363636365,30.431818181818265,-152.53259636363717,0.9542353559478058,1.0,1403.067200000003,-720.5484000000066,1/6,0.886363636363471,1.0,-0.7681321229885419,1.0,1.0
NIFTY,PRAG|tf15|p8m1.1c15|OPT,PRAG,11,0.17133224921629614,19.87454090909033,0.025495259117187977,1.0,0.5454545454545454,117.44318181818193,-306.30636420454607,0.4065682768181566,1.0,7297.759706250003,218.61994999999388,3/6,2.8409090909089256,1.0,0.02672831219544982,1.0,1.0
NIFTY,PRAG|tf30|p10m0.9c12|NAT,PRAG,1,-0.14552570532915374,-185.69080000000017,,1.0,0.0,-100.74999999999982,,,1.0,185.69080000000017,-185.69080000000017,0/1,0.4500000000007276,1.0,-0.999999999807631,1.0,1.0
NIFTY,PRAG|tf30|p10m0.9c12|OPT,PRAG,1,-0.7825827586206902,-998.5756000000006,,1.0,0.0,-916.4999999999997,,,1.0,998.5756000000006,-998.5756000000006,0/1,-21.200000000000728,1.0,-0.999999999964228,1.0,1.0
NIFTY,PRAG|tf30|p10m0.9c15|NAT,PRAG,1,-0.14552570532915374,-185.69080000000017,,1.0,0.0,-100.74999999999982,,,1.0,185.69080000000017,-185.69080000000017,0/1,0.4500000000007276,1.0,-0.999999999807631,1.0,1.0
NIFTY,PRAG|tf30|p10m0.9c15|OPT,PRAG,1,-0.7825827586206902,-998.5756000000006,,1.0,0.0,-916.4999999999997,,,1.0,998.5756000000006,-998.5756000000006,0/1,-21.200000000000728,1.0,-0.999999999964228,1.0,1.0
NIFTY,PRAG|tf30|p10m1.0c15|NAT,PRAG,1,-0.14552570532915374,-185.69080000000017,,1.0,0.0,-100.74999999999982,,,1.0,185.69080000000017,-185.69080000000017,0/1,0.4500000000007276,1.0,-0.999999999807631,1.0,1.0
NIFTY,PRAG|tf30|p10m1.0c15|OPT,PRAG,1,-0.7825827586206902,-998.5756000000006,,1.0,0.0,-916.4999999999997,,,1.0,998.5756000000006,-998.5756000000006,0/1,-21.200000000000728,1.0,-0.999999999964228,1.0,1.0
NIFTY,PRAG|tf30|p10m1.1c12|NAT,PRAG,2,-0.3231338557993726,-206.15939999999972,,1.0,0.0,-112.12499999999918,,,1.0,412.31879999999944,-412.31879999999944,0/2,3.725000000000364,1.0,-1.4078357372101884,1.0,1.0
NIFTY,PRAG|tf30|p10m1.1c12|OPT,PRAG,2,-0.960190909090909,-612.6017999999999,,1.0,0.0,-519.9999999999991,,,1.0,1225.2035999999998,-1225.2035999999998,0/2,-7.100000000000364,1.0,-1.196726163236441,1.0,1.0
NIFTY,PRAG|tf30|p10m1.1c15|NAT,PRAG,2,-0.3231338557993726,-206.15939999999972,,1.0,0.0,-112.12499999999918,,,1.0,412.31879999999944,-412.31879999999944,0/2,3.725000000000364,1.0,-1.4078357372101884,1.0,1.0
NIFTY,PRAG|tf30|p10m1.1c15|OPT,PRAG,2,-0.960190909090909,-612.6017999999999,,1.0,0.0,-519.9999999999991,,,1.0,1225.2035999999998,-1225.2035999999998,0/2,-7.100000000000364,1.0,-1.196726163236441,1.0,1.0
NIFTY,PRAG|tf30|p8m0.9c12|NAT,PRAG,2,-0.17841912225705378,-113.83140000000031,,1.0,0.0,-38.99999999999986,,,1.0,227.66280000000063,-227.66280000000063,0/2,-2.7000000000007276,1.0,-1.4084278179605552,1.0,1.0
NIFTY,PRAG|tf30|p8m0.9c12|OPT,PRAG,2,-0.9264285217476494,-591.0613968750004,,1.0,0.0,-517.1562499999995,,,1.0,1182.1227937500007,-1182.1227937500007,0/2,-9.150000000001455,1.0,-1.0964803116228645,1.0,1.0
NIFTY,PRAG|tf30|p8m0.9c15|NAT,PRAG,2,-0.17841912225705378,-113.83140000000031,,1.0,0.0,-38.99999999999986,,,1.0,227.66280000000063,-227.66280000000063,0/2,-2.7000000000007276,1.0,-1.4084278179605552,1.0,1.0
NIFTY,PRAG|tf30|p8m0.9c15|OPT,PRAG,2,-0.9264285217476494,-591.0613968750004,,1.0,0.0,-517.1562499999995,,,1.0,1182.1227937500007,-1182.1227937500007,0/2,-9.150000000001455,1.0,-1.0964803116228645,1.0,1.0
NIFTY,PRAG|tf30|p8m1.1c12|NAT,PRAG,3,-0.2743529780564271,-116.691466666667,-17.00384488940517,1.0,0.0,-32.49999999999954,-129.94288000000057,0.18783147227366132,1.0,350.074400000001,-350.074400000001,0/3,3.449999999999515,1.0,-1.727432571263577,1.0,1.0
NIFTY,PRAG|tf30|p8m1.1c12|OPT,PRAG,3,-1.0223623775470227,-434.844797916667,-1.3635441116197178,1.0,0.0,-351.27083333333263,-506.7897745833339,0.21238194703869734,1.0,1304.534393750001,-1304.534393750001,0/3,-0.8500000000009701,1.0,-1.2024141326275009,1.0,1.0
NIFTY,PRAG|tf30|p8m1.1c15|NAT,PRAG,3,-0.2743529780564271,-116.691466666667,-17.00384488940517,1.0,0.0,-32.49999999999954,-155.51405333333392,0.5845104238938296,1.0,350.074400000001,-350.074400000001,0/3,3.449999999999515,1.0,-1.727432571263577,1.0,1.0
NIFTY,PRAG|tf30|p8m1.1c15|OPT,PRAG,3,-1.0223623775470227,-434.844797916667,-1.3635441116197178,1.0,0.0,-351.27083333333263,-647.2526779166668,0.6382362904145589,1.0,1304.534393750001,-1304.534393750001,0/3,-0.8500000000009701,1.0,-1.2024141326275009,1.0,1.0
NIFTY,PRAG|tf60|p10m1.0c15|NAT,PRAG,3,-0.6906335423197514,-293.7494666666676,-1.7645893703207096,1.0,0.0,-218.83333333333348,-65.2040000000004,-1.2744693187313578,1.0,881.2484000000028,-881.2484000000028,0/2,-2.8499999999997576,1.0,-1.3519925324165059,1.0,1.0
NIFTY,PRAG|tf60|p10m1.0c15|OPT,PRAG,3,3.0662308336598727,1304.1701812499991,1.0228408884796825,1.0,0.6666666666666666,1385.3125,-254.62711208333354,1.1699363988611997,1.0,1243.3874562500005,3912.5105437499974,2/2,30.516666666666424,0.96,1.0150663232016652,1.0,1.0
NIFTY,PRAG|tf60|p10m1.0c20|NAT,PRAG,3,-1.8409134796238262,-783.0018666666674,-1.2118021554760012,1.0,0.0,-701.9999999999999,-252.9340666666672,-0.8064426261147568,1.0,2349.0056000000022,-2349.0056000000022,0/2,-14.516666666666424,1.0,-1.1271189048011707,1.0,1.0
NIFTY,PRAG|tf60|p10m1.0c20|OPT,PRAG,3,2.2275325528996843,947.4438458333325,0.5807208939037398,1.0,0.6666666666666666,1035.6666666666665,-296.0222072916674,0.7383124600729071,1.0,2313.5664625000004,2842.3315374999975,2/2,18.333333333333332,0.999,0.6577792320191702,1.0,1.0
NIFTY,PRAG|tf60|p10m1.3c15|NAT,PRAG,5,-0.5900166144200656,-150.57224000000073,-1.1901751736751922,1.0,0.4,-72.15000000000023,-94.82754400000042,-0.41001826543744824,1.0,881.2484000000028,-752.8612000000037,1/3,0.42999999999956345,1.0,-1.143637081398644,1.0,1.0
NIFTY,PRAG|tf60|p10m1.3c15|OPT,PRAG,5,2.5146954202586183,641.7502712499994,0.7674719514540745,1.0,0.6,723.6125,-227.11906650000037,0.9923828398568512,1.0,1243.3874562500005,3208.751356249997,2/3,17.2,0.998,0.8009895648950166,1.0,1.0
NIFTY,PRAG|tf60|p10m1.3c20|NAT,PRAG,4,-1.7958510971786854,-572.8765000000006,-1.1391527393595817,1.0,0.25,-494.81249999999994,-158.2045700000005,-0.8165427404494753,1.0,2349.0056000000022,-2291.5060000000026,1/3,-10.1875,1.0,-1.099083950764248,1.0,1.0
NIFTY,PRAG|tf60|p10m1.3c20|OPT,PRAG,4,1.4148557601880858,451.33898749999935,0.35940628380164585,1.0,0.5,534.21875,-359.8599903125005,0.6260402652206388,1.0,2313.5664625000004,1805.3559499999974,2/3,10.0,1.0,0.4062176037769087,1.0,1.0
NIFTY,PRAG|tf60|p12m1.0c15|NAT,PRAG,2,0.3699429467084627,236.02359999999922,,1.0,1.0,321.75000000000017,,,1.0,0.0,472.04719999999844,1/1,11.175000000001091,0.955,1.0415818138454649,1.0,1.0
NIFTY,PRAG|tf60|p12m1.0c15|OPT,PRAG,2,2.560273413009405,1633.4544375000003,,1.0,0.5,1724.9375000000005,,,1.0,1157.9971250000003,3266.9088750000005,1/1,47.32499999999891,0.999,0.7141097782092118,1.0,1.0
NIFTY,PRAG|tf60|p12m1.3c15|NAT,PRAG,2,0.3699429467084627,236.02359999999922,,1.0,1.0,321.75000000000017,,,1.0,0.0,472.04719999999844,1/1,11.175000000001091,0.955,1.0415818138454649,1.0,1.0
NIFTY,PRAG|tf60|p12m1.3c15|OPT,PRAG,2,2.560273413009405,1633.4544375000003,,1.0,0.5,1724.9375000000005,,,1.0,1157.9971250000003,3266.9088750000005,1/1,47.32499999999891,0.999,0.7141097782092118,1.0,1.0
BANKNIFTY,AS_WRITTEN|tf60|p10m1.0c15|NAT,AS_WRITTEN,2,-1.5511437751004022,-772.4696000000004,,1.0,0.0,-677.2499999999998,,,1.0,1544.9392000000007,-1544.9392000000007,0/1,5.299999999999272,1.0,-1.098847745627686,1.0,1.0
BANKNIFTY,AS_WRITTEN|tf60|p10m1.0c15|OPT,AS_WRITTEN,2,-4.730485793172691,-2355.7819250000002,,1.0,0.0,-2262.75,,,1.0,4711.5638500000005,-4711.5638500000005,0/1,-23.575000000000728,1.0,-1.2429370595570122,1.0,1.0
BANKNIFTY,AS_WRITTEN|tf60|p10m1.0c20|NAT,AS_WRITTEN,1,-0.1470686746987952,-146.48040000000003,,1.0,0.0,-20.99999999999966,,,1.0,146.48040000000003,-146.48040000000003,0/1,5.19999999999709,1.0,-0.999999999784548,1.0,1.0
BANKNIFTY,AS_WRITTEN|tf60|p10m1.0c20|OPT,AS_WRITTEN,1,-3.650544427710844,-3635.9422500000005,,1.0,0.0,-3517.5,,,1.0,3635.9422500000005,-3635.9422500000005,0/1,-47.80000000000291,1.0,-0.9999999999913203,1.0,1.0
BANKNIFTY,AS_WRITTEN|tf60|p10m1.3c15|NAT,AS_WRITTEN,2,-1.5511437751004022,-772.4696000000004,,1.0,0.0,-677.2499999999998,,,1.0,1544.9392000000007,-1544.9392000000007,0/1,5.299999999999272,1.0,-1.098847745627686,1.0,1.0
BANKNIFTY,AS_WRITTEN|tf60|p10m1.3c15|OPT,AS_WRITTEN,2,-4.730485793172691,-2355.7819250000002,,1.0,0.0,-2262.75,,,1.0,4711.5638500000005,-4711.5638500000005,0/1,-23.575000000000728,1.0,-1.2429370595570122,1.0,1.0
BANKNIFTY,AS_WRITTEN|tf60|p10m1.3c20|NAT,AS_WRITTEN,1,-0.1470686746987952,-146.48040000000003,,1.0,0.0,-20.99999999999966,,,1.0,146.48040000000003,-146.48040000000003,0/1,5.19999999999709,1.0,-0.999999999784548,1.0,1.0
BANKNIFTY,AS_WRITTEN|tf60|p10m1.3c20|OPT,AS_WRITTEN,1,-3.650544427710844,-3635.9422500000005,,1.0,0.0,-3517.5,,,1.0,3635.9422500000005,-3635.9422500000005,0/1,-47.80000000000291,1.0,-0.9999999999913203,1.0,1.0
BANKNIFTY,CONFL|tf15|p10m0.9c12|NAT,CONFL,2,-0.07809759036144595,-38.89260000000009,,1.0,0.5,59.25000000000068,,,1.0,135.9348000000001,-77.78520000000017,0/1,0.374999999996362,1.0,-0.5259175180099158,1.0,1.0
BANKNIFTY,CONFL|tf15|p10m0.9c12|OPT,CONFL,2,-2.87346298945783,-1430.9845687499992,,1.0,0.5,-1334.8125,,,1.0,4053.3531374999984,-2861.9691374999984,0/1,-103.32500000000073,1.0,-0.677234575916576,1.0,1.0
BANKNIFTY,CONFL|tf15|p10m0.9c15|NAT,CONFL,2,-0.4215092369477928,-209.91160000000082,,1.0,0.0,-111.75000000000068,,,1.0,419.82320000000163,-419.82320000000163,0/1,-1.2250000000058208,1.0,-1.3343307011478913,1.0,1.0
BANKNIFTY,CONFL|tf15|p10m0.9c15|OPT,CONFL,2,-2.9307065763052202,-1459.4918749999997,,1.0,0.5,-1362.75,,,1.0,4110.367749999999,-2918.9837499999994,0/1,-124.10000000000218,1.0,-0.6818945889461413,1.0,1.0
BANKNIFTY,CONFL|tf15|p10m1.0c15|NAT,CONFL,3,-0.6960726907630569,-231.0961333333349,-4.847250892437635,1.0,0.0,-115.50000000000068,-347.993146666668,1.7547585491705389,1.0,693.2884000000047,-693.2884000000047,0/2,4.766666666662786,1.0,-1.6642053503764993,1.0,1.0
BANKNIFTY,CONFL|tf15|p10m1.0c15|OPT,CONFL,3,-3.205270030120485,-1064.149650000001,-0.6732055618219654,1.0,0.3333333333333333,-949.5000000000003,-431.82594833333474,-0.37890187023538935,1.0,4383.832950000003,-3192.4489500000027,0/2,-77.15000000000146,1.0,-0.7442932376938797,1.0,1.0
BANKNIFTY,CONFL|tf15|p10m1.1c12|NAT,CONFL,3,-0.3526610441767101,-117.08346666666777,-1.2171868089769369,1.0,0.3333333333333333,-1.4999999999997726,-203.39433333333454,0.6931643317730436,1.0,351.2504000000033,-351.2504000000033,0/2,5.833333333330908,1.0,-1.1300360964447884,1.0,1.0
BANKNIFTY,CONFL|tf15|p10m1.1c12|OPT,CONFL,3,-3.148026443273094,-1045.1447791666671,-0.6689284983805436,1.0,0.3333333333333333,-930.8750000000003,726.4783729166658,-1.0585748558881292,1.0,4326.818337500002,-3135.4343375000017,0/2,-63.30000000000049,1.0,-0.740429196503073,1.0,1.0
BANKNIFTY,CONFL|tf15|p10m1.1c15|NAT,CONFL,3,-0.6960726907630569,-231.0961333333349,-4.847250892437635,1.0,0.0,-115.50000000000068,-271.32124000000147,0.5968210388769479,1.0,693.2884000000047,-693.2884000000047,0/2,4.766666666662786,1.0,-1.6642053503764993,1.0,1.0
BANKNIFTY,CONFL|tf15|p10m1.1c15|OPT,CONFL,3,-3.205270030120485,-1064.149650000001,-0.6732055618219654,1.0,0.3333333333333333,-949.5000000000003,607.4129941666654,-0.9807005416404565,1.0,4383.832950000003,-3192.4489500000027,0/2,-77.15000000000146,1.0,-0.7442932376938797,1.0,1.0
BANKNIFTY,CONFL|tf15|p8m0.9c12|NAT,CONFL,1,-0.04208674698795188,-41.91840000000008,,1.0,0.0,39.00000000000034,,,1.0,41.91840000000008,-41.91840000000008,0/1,-9.049999999995634,1.0,-0.9999999992471212,1.0,1.0
BANKNIFTY,CONFL|tf15|p8m0.9c12|OPT,CONFL,1,-1.0100506024096394,-1006.0104000000008,,1.0,0.0,-928.4999999999997,,,1.0,1006.0104000000008,-1006.0104000000008,0/1,-31.400000000001455,1.0,-0.9999999999686289,1.0,1.0
BANKNIFTY,CONFL|tf15|p8m0.9c15|NAT,CONFL,2,-0.3166546184738961,-157.69400000000024,,1.0,0.0,-81.74999999999983,,,1.0,315.3880000000005,-315.3880000000005,0/1,-13.349999999998545,1.0,-1.140140686314171,1.0,1.0
BANKNIFTY,CONFL|tf15|p8m0.9c15|OPT,CONFL,2,-2.1837088855421705,-1087.4870250000008,,1.0,0.0,-1014.0,,,1.0,2174.9740500000016,-2174.9740500000016,0/1,-37.0,1.0,-1.4109622806019693,1.0,1.0
BANKNIFTY,PRAG|tf15|p10m0.9c12|NAT,PRAG,2,-0.07809759036144595,-38.89260000000009,,1.0,0.5,59.25000000000068,,,1.0,135.9348000000001,-77.78520000000017,0/1,0.374999999996362,1.0,-0.5259175180099158,1.0,1.0
BANKNIFTY,PRAG|tf15|p10m0.9c12|OPT,PRAG,2,-2.87346298945783,-1430.9845687499992,,1.0,0.5,-1334.8125,,,1.0,4053.3531374999984,-2861.9691374999984,0/1,-103.32500000000073,1.0,-0.677234575916576,1.0,1.0
BANKNIFTY,PRAG|tf15|p10m0.9c15|NAT,PRAG,2,-0.4215092369477928,-209.91160000000082,,1.0,0.0,-111.75000000000068,,,1.0,419.82320000000163,-419.82320000000163,0/1,-1.2250000000058208,1.0,-1.3343307011478913,1.0,1.0
BANKNIFTY,PRAG|tf15|p10m0.9c15|OPT,PRAG,2,-2.9307065763052202,-1459.4918749999997,,1.0,0.5,-1362.75,,,1.0,4110.367749999999,-2918.9837499999994,0/1,-124.10000000000218,1.0,-0.6818945889461413,1.0,1.0
BANKNIFTY,PRAG|tf15|p10m1.0c15|NAT,PRAG,3,-0.6960726907630569,-231.0961333333349,-4.847250892437635,1.0,0.0,-115.50000000000068,-282.0854666666682,0.5704599955011371,1.0,693.2884000000047,-693.2884000000047,0/2,4.766666666662786,1.0,-1.6642053503764993,1.0,1.0
BANKNIFTY,PRAG|tf15|p10m1.0c15|OPT,PRAG,3,-3.205270030120485,-1064.149650000001,-0.6732055618219654,1.0,0.3333333333333333,-949.5000000000003,230.77806999999868,-0.7671861398546578,1.0,4383.832950000003,-3192.4489500000027,0/2,-77.15000000000146,1.0,-0.7442932376938797,1.0,1.0
BANKNIFTY,PRAG|tf15|p10m1.1c12|NAT,PRAG,3,-0.3526610441767101,-117.08346666666777,-1.2171868089769369,1.0,0.3333333333333333,-1.4999999999997726,-359.2924400000012,1.9169786400072664,1.0,351.2504000000033,-351.2504000000033,0/2,5.833333333330908,1.0,-1.1300360964447884,1.0,1.0
BANKNIFTY,PRAG|tf15|p10m1.1c12|OPT,PRAG,3,-3.148026443273094,-1045.1447791666671,-0.6689284983805436,1.0,0.3333333333333333,-930.8750000000003,-558.3214158333346,-0.29484178530267796,1.0,4326.818337500002,-3135.4343375000017,0/2,-63.30000000000049,1.0,-0.740429196503073,1.0,1.0
BANKNIFTY,PRAG|tf15|p10m1.1c15|NAT,PRAG,3,-0.6960726907630569,-231.0961333333349,-4.847250892437635,1.0,0.0,-115.50000000000068,-174.99104000000122,-0.7118141768853794,1.0,693.2884000000047,-693.2884000000047,0/2,4.766666666662786,1.0,-1.6642053503764993,1.0,1.0
BANKNIFTY,PRAG|tf15|p10m1.1c15|OPT,PRAG,3,-3.205270030120485,-1064.149650000001,-0.6732055618219654,1.0,0.3333333333333333,-949.5000000000003,222.7892254166655,-0.7595359874518463,1.0,4383.832950000003,-3192.4489500000027,0/2,-77.15000000000146,1.0,-0.7442932376938797,1.0,1.0
BANKNIFTY,PRAG|tf15|p8m0.9c12|NAT,PRAG,3,0.4409626506024096,146.39959999999996,0.4934291822920278,1.0,0.3333333333333333,254.50000000000045,-25.316306666667742,0.5687266712709245,1.0,288.6912000000011,439.19879999999995,1/1,15.033333333332848,0.988,0.5703979565961882,1.0,1.0
BANKNIFTY,PRAG|tf15|p8m0.9c12|OPT,PRAG,3,5.840575903614452,1939.0711999999983,0.8187192834749273,1.0,0.6666666666666666,2053.4999999999995,411.602486666666,0.626717380732473,1.0,1006.0104000000008,5817.213599999995,1/1,96.68333333333187,0.981,0.8676840847081637,1.0,1.0
BANKNIFTY,PRAG|tf15|p8m0.9c15|NAT,PRAG,3,-0.5644184738955839,-187.38693333333381,-2.561981190505676,1.0,0.0,-97.5,-85.24282666666753,-1.1757454243524632,1.0,562.1608000000015,-562.1608000000015,0/1,-10.283333333332848,1.0,-1.5173591663486412,1.0,1.0
BANKNIFTY,PRAG|tf15|p8m0.9c15|OPT,PRAG,3,-1.9842590863453833,-658.7740166666673,-1.5274642352897272,1.0,0.3333333333333333,-569.9999999999998,-103.43363583333355,-1.088291355816763,1.0,2174.9740500000016,-1976.3220500000018,0/1,-18.0,1.0,-1.2713475661734377,1.0,1.0
BANKNIFTY,PRAG|tf15|p8m1.1c12|NAT,PRAG,2,0.4830493975903615,240.5586,,1.0,0.5,362.2500000000005,,,1.0,246.772800000001,481.1172,1/1,27.07499999999709,0.988,0.6257878392453514,1.0,1.0
BANKNIFTY,PRAG|tf15|p8m1.1c12|OPT,PRAG,2,6.850626506024092,3411.611999999998,,1.0,1.0,3544.4999999999995,,,1.0,0.0,6823.223999999996,1/1,160.72499999999854,0.845,1.0295553609919261,1.0,1.0
BANKNIFTY,PRAG|tf15|p8m1.1c15|NAT,PRAG,1,-0.24776385542168777,-246.772800000001,,1.0,0.0,-129.00000000000034,,,1.0,246.772800000001,-246.772800000001,0/1,-4.150000000001455,1.0,-0.9999999998721109,1.0,1.0
BANKNIFTY,PRAG|tf15|p8m1.1c15|OPT,PRAG,1,0.19944979919678696,198.65199999999982,,1.0,1.0,318.0000000000007,,,1.0,0.0,198.65199999999982,1/1,20.0,0.943,0.9999999998411324,1.0,1.0
BANKNIFTY,PRAG|tf30|p8m0.9c12|NAT,PRAG,2,-0.0474823293172718,-23.646200000001357,,1.0,0.5,74.24999999999983,,,1.0,514.9268000000005,-47.292400000002715,0/1,6.44999999999709,1.0,-0.06795589625567836,1.0,1.0
BANKNIFTY,PRAG|tf30|p8m0.9c12|OPT,PRAG,2,-0.22156024096385904,-110.33700000000181,,1.0,0.5,-12.750000000000341,,,1.0,1284.7108000000005,-220.67400000000362,0/1,-11.25,1.0,-0.1322230228053317,1.0,1.0
BANKNIFTY,PRAG|tf30|p8m0.9c15|NAT,PRAG,1,0.4695124497991946,467.6343999999978,,1.0,1.0,575.9999999999997,,,1.0,0.0,467.6343999999978,1/1,22.349999999998545,0.892,0.9999999999325128,1.0,1.0
BANKNIFTY,PRAG|tf30|p8m0.9c15|OPT,PRAG,1,1.0683100401606394,1064.036799999997,,1.0,1.0,1174.4999999999993,,,1.0,0.0,1064.036799999997,1/1,62.55000000000291,0.882,0.9999999999703396,1.0,1.0
BANKNIFTY,PRAG|tf30|p8m1.1c12|NAT,PRAG,2,-0.0474823293172718,-23.646200000001357,,1.0,0.5,74.24999999999983,,,1.0,514.9268000000005,-47.292400000002715,0/1,6.44999999999709,1.0,-0.06795589625567836,1.0,1.0
BANKNIFTY,PRAG|tf30|p8m1.1c12|OPT,PRAG,2,-0.22156024096385904,-110.33700000000181,,1.0,0.5,-12.750000000000341,,,1.0,1284.7108000000005,-220.67400000000362,0/1,-11.25,1.0,-0.1322230228053317,1.0,1.0
BANKNIFTY,PRAG|tf30|p8m1.1c15|NAT,PRAG,1,0.4695124497991946,467.6343999999978,,1.0,1.0,575.9999999999997,,,1.0,0.0,467.6343999999978,1/1,22.349999999998545,0.892,0.9999999999325128,1.0,1.0
BANKNIFTY,PRAG|tf30|p8m1.1c15|OPT,PRAG,1,1.0683100401606394,1064.036799999997,,1.0,1.0,1174.4999999999993,,,1.0,0.0,1064.036799999997,1/1,62.55000000000291,0.882,0.9999999999703396,1.0,1.0
BANKNIFTY,PRAG|tf60|p10m1.0c15|NAT,PRAG,3,2.1503590361445775,713.9191999999995,0.49026147965378203,1.0,0.3333333333333333,818.0000000000005,161.86121333333253,0.37245573741131727,1.0,1462.8644000000008,2141.757599999999,1/1,48.633333333333816,0.988,0.567129063224264,1.0,1.0
BANKNIFTY,PRAG|tf60|p10m1.0c15|OPT,PRAG,3,1.0436688002007999,346.49804166666553,0.1694532079514186,1.0,0.3333333333333333,449.9999999999997,-767.3622904166672,0.5293873199342166,1.0,3390.961875000002,1039.4941249999968,1/1,-0.033333333335273586,0.992,0.20596389507575977,1.0,1.0
BANKNIFTY,PRAG|tf60|p10m1.0c20|NAT,PRAG,3,-1.7296457831325345,-574.2424000000015,-2.4269610706356564,1.0,0.0,-462.5000000000002,-152.0092800000015,-1.6999832439378548,1.0,1722.7272000000044,-1722.7272000000044,0/1,-15.816666666665697,1.0,-1.497448066733318,1.0,1.0
BANKNIFTY,PRAG|tf60|p10m1.0c20|OPT,PRAG,3,5.792850727911642,1923.226441666665,0.9136535001360968,1.0,0.6666666666666666,2044.5000000000002,-912.2458575000006,1.290148298118369,1.0,1509.482275000001,5769.6793249999955,1/1,149.9499999999995,0.973,0.9398495825336387,1.0,1.0
BANKNIFTY,PRAG|tf60|p10m1.3c15|NAT,PRAG,3,2.1503590361445775,713.9191999999995,0.49026147965378203,1.0,0.3333333333333333,818.0000000000005,-240.68980000000073,0.636074373546959,1.0,1462.8644000000008,2141.757599999999,1/1,48.633333333333816,0.988,0.567129063224264,1.0,1.0
BANKNIFTY,PRAG|tf60|p10m1.3c15|OPT,PRAG,3,1.0436688002007999,346.49804166666553,0.1694532079514186,1.0,0.3333333333333333,449.9999999999997,-360.0352700000006,0.33278615875957696,1.0,3390.961875000002,1039.4941249999968,1/1,-0.033333333335273586,0.992,0.20596389507575977,1.0,1.0
BANKNIFTY,PRAG|tf60|p10m1.3c20|NAT,PRAG,3,-1.7296457831325345,-574.2424000000015,-2.4269610706356564,1.0,0.0,-462.5000000000002,-211.31233333333412,-1.4187520613500841,1.0,1722.7272000000044,-1722.7272000000044,0/1,-15.816666666665697,1.0,-1.497448066733318,1.0,1.0
BANKNIFTY,PRAG|tf60|p10m1.3c20|OPT,PRAG,3,5.792850727911642,1923.226441666665,0.9136535001360968,1.0,0.6666666666666666,2044.5000000000002,565.6980366666655,0.6111919902434725,1.0,1509.482275000001,5769.6793249999955,1/1,149.9499999999995,0.973,0.9398495825336387,1.0,1.0
