time,n-unique-addresses
2023-07-31 00:00:00+00:00,677346.0
2023-08-01 00:00:00+00:00,734323.0
2023-08-02 00:00:00+00:00,698941.0
2023-08-03 00:00:00+00:00,716303.0
2023-08-04 00:00:00+00:00,641787.0
2023-08-05 00:00:00+00:00,729623.0
2023-08-06 00:00:00+00:00,771973.0
2023-08-07 00:00:00+00:00,676210.0
2023-08-08 00:00:00+00:00,616643.0
2023-08-09 00:00:00+00:00,735662.0
2023-08-10 00:00:00+00:00,711323.0
2023-08-11 00:00:00+00:00,733810.0
2023-08-12 00:00:00+00:00,703004.0
2023-08-13 00:00:00+00:00,650366.0
2023-08-14 00:00:00+00:00,723900.0
2023-08-15 00:00:00+00:00,786113.0
2023-08-16 00:00:00+00:00,669749.0
2023-08-17 00:00:00+00:00,769086.0
2023-08-18 00:00:00+00:00,783855.0
2023-08-19 00:00:00+00:00,628343.0
2023-08-20 00:00:00+00:00,691316.0
2023-08-21 00:00:00+00:00,739287.0
2023-08-22 00:00:00+00:00,633631.0
2023-08-23 00:00:00+00:00,652036.0
2023-08-24 00:00:00+00:00,660102.0
2023-08-25 00:00:00+00:00,706946.0
2023-08-26 00:00:00+00:00,747932.0
2023-08-27 00:00:00+00:00,606069.0
2023-08-28 00:00:00+00:00,636935.0
2023-08-29 00:00:00+00:00,767879.0
2023-08-30 00:00:00+00:00,665354.0
2023-08-31 00:00:00+00:00,742110.0
2023-09-01 00:00:00+00:00,769950.0
2023-09-02 00:00:00+00:00,774348.0
2023-09-03 00:00:00+00:00,696368.0
2023-09-04 00:00:00+00:00,730142.0
2023-09-05 00:00:00+00:00,753968.0
2023-09-06 00:00:00+00:00,757286.0
2023-09-07 00:00:00+00:00,785059.0
2023-09-08 00:00:00+00:00,694292.0
2023-09-09 00:00:00+00:00,927787.0
2023-09-10 00:00:00+00:00,847065.0
2023-09-11 00:00:00+00:00,719793.0
2023-09-12 00:00:00+00:00,784703.0
2023-09-13 00:00:00+00:00,802393.0
2023-09-14 00:00:00+00:00,875176.0
2023-09-15 00:00:00+00:00,1017545.0
2023-09-16 00:00:00+00:00,876224.0
2023-09-17 00:00:00+00:00,854606.0
2023-09-18 00:00:00+00:00,852484.0
2023-09-19 00:00:00+00:00,741822.0
2023-09-20 00:00:00+00:00,823616.0
2023-09-21 00:00:00+00:00,763149.0
2023-09-22 00:00:00+00:00,757791.0
2023-09-23 00:00:00+00:00,882768.0
2023-09-24 00:00:00+00:00,685778.0
2023-09-25 00:00:00+00:00,635909.0
2023-09-26 00:00:00+00:00,624716.0
2023-09-27 00:00:00+00:00,621414.0
2023-09-28 00:00:00+00:00,639899.0
2023-09-29 00:00:00+00:00,713902.0
2023-09-30 00:00:00+00:00,625600.0
2023-10-01 00:00:00+00:00,613394.0
2023-10-02 00:00:00+00:00,691873.0
2023-10-03 00:00:00+00:00,676161.0
2023-10-04 00:00:00+00:00,638418.0
2023-10-05 00:00:00+00:00,687363.0
2023-10-06 00:00:00+00:00,679001.0
2023-10-07 00:00:00+00:00,596825.0
2023-10-08 00:00:00+00:00,557949.0
2023-10-09 00:00:00+00:00,599404.0
2023-10-10 00:00:00+00:00,629505.0
2023-10-11 00:00:00+00:00,607097.0
2023-10-12 00:00:00+00:00,624747.0
2023-10-13 00:00:00+00:00,662518.0
2023-10-14 00:00:00+00:00,612783.0
2023-10-15 00:00:00+00:00,571061.0
2023-10-16 00:00:00+00:00,652765.0
2023-10-17 00:00:00+00:00,645537.0
2023-10-18 00:00:00+00:00,613906.0
2023-10-19 00:00:00+00:00,649723.0
2023-10-20 00:00:00+00:00,705226.0
2023-10-21 00:00:00+00:00,640544.0
2023-10-22 00:00:00+00:00,577606.0
2023-10-23 00:00:00+00:00,660705.0
2023-10-24 00:00:00+00:00,755204.0
2023-10-25 00:00:00+00:00,812853.0
2023-10-26 00:00:00+00:00,778594.0
2023-10-27 00:00:00+00:00,801082.0
2023-10-28 00:00:00+00:00,819540.0
2023-10-29 00:00:00+00:00,672955.0
2023-10-30 00:00:00+00:00,779588.0
2023-10-31 00:00:00+00:00,782062.0
2023-11-01 00:00:00+00:00,796206.0
2023-11-02 00:00:00+00:00,806444.0
2023-11-03 00:00:00+00:00,789502.0
2023-11-04 00:00:00+00:00,957847.0
2023-11-05 00:00:00+00:00,891683.0
2023-11-06 00:00:00+00:00,725183.0
2023-11-07 00:00:00+00:00,737771.0
2023-11-08 00:00:00+00:00,837044.0
2023-11-09 00:00:00+00:00,832393.0
2023-11-10 00:00:00+00:00,848433.0
2023-11-11 00:00:00+00:00,894325.0
2023-11-12 00:00:00+00:00,880975.0
2023-11-13 00:00:00+00:00,670301.0
2023-11-14 00:00:00+00:00,745056.0
2023-11-15 00:00:00+00:00,770577.0
2023-11-16 00:00:00+00:00,813390.0
2023-11-17 00:00:00+00:00,760684.0
2023-11-18 00:00:00+00:00,748237.0
2023-11-19 00:00:00+00:00,806772.0
2023-11-20 00:00:00+00:00,804527.0
2023-11-21 00:00:00+00:00,779702.0
2023-11-22 00:00:00+00:00,777966.0
2023-11-23 00:00:00+00:00,771284.0
2023-11-24 00:00:00+00:00,841609.0
2023-11-25 00:00:00+00:00,861295.0
2023-11-26 00:00:00+00:00,817987.0
2023-11-27 00:00:00+00:00,759608.0
2023-11-28 00:00:00+00:00,713884.0
2023-11-29 00:00:00+00:00,646160.0
2023-11-30 00:00:00+00:00,701654.0
2023-12-01 00:00:00+00:00,844580.0
2023-12-02 00:00:00+00:00,689877.0
2023-12-03 00:00:00+00:00,777188.0
2023-12-04 00:00:00+00:00,763939.0
2023-12-05 00:00:00+00:00,674260.0
2023-12-06 00:00:00+00:00,642605.0
2023-12-07 00:00:00+00:00,647634.0
2023-12-08 00:00:00+00:00,682971.0
2023-12-09 00:00:00+00:00,739198.0
2023-12-10 00:00:00+00:00,664453.0
2023-12-11 00:00:00+00:00,690909.0
2023-12-12 00:00:00+00:00,688671.0
2023-12-13 00:00:00+00:00,617899.0
2023-12-14 00:00:00+00:00,573978.0
2023-12-15 00:00:00+00:00,706714.0
2023-12-16 00:00:00+00:00,636391.0
2023-12-17 00:00:00+00:00,570690.0
2023-12-18 00:00:00+00:00,715198.0
2023-12-19 00:00:00+00:00,684666.0
2023-12-20 00:00:00+00:00,659068.0
2023-12-21 00:00:00+00:00,699086.0
2023-12-22 00:00:00+00:00,772558.0
2023-12-23 00:00:00+00:00,683793.0
2023-12-24 00:00:00+00:00,731313.0
2023-12-25 00:00:00+00:00,572121.0
2023-12-26 00:00:00+00:00,582914.0
2023-12-27 00:00:00+00:00,647166.0
2023-12-28 00:00:00+00:00,593042.0
2023-12-29 00:00:00+00:00,703116.0
2023-12-30 00:00:00+00:00,599027.0
2023-12-31 00:00:00+00:00,690255.0
2024-01-01 00:00:00+00:00,624628.0
2024-01-02 00:00:00+00:00,550846.0
2024-01-03 00:00:00+00:00,677059.0
2024-01-04 00:00:00+00:00,675009.0
2024-01-05 00:00:00+00:00,645934.0
2024-01-06 00:00:00+00:00,572161.0
2024-01-07 00:00:00+00:00,510040.0
2024-01-08 00:00:00+00:00,534011.0
2024-01-09 00:00:00+00:00,618468.0
2024-01-10 00:00:00+00:00,605995.0
2024-01-11 00:00:00+00:00,664879.0
2024-01-12 00:00:00+00:00,596693.0
2024-01-13 00:00:00+00:00,715186.0
2024-01-14 00:00:00+00:00,616604.0
2024-01-15 00:00:00+00:00,568802.0
2024-01-16 00:00:00+00:00,569684.0
2024-01-17 00:00:00+00:00,647470.0
2024-01-18 00:00:00+00:00,678147.0
2024-01-19 00:00:00+00:00,627719.0
2024-01-20 00:00:00+00:00,656529.0
2024-01-21 00:00:00+00:00,621585.0
2024-01-22 00:00:00+00:00,620801.0
2024-01-23 00:00:00+00:00,600773.0
2024-01-24 00:00:00+00:00,564400.0
2024-01-25 00:00:00+00:00,573766.0
2024-01-26 00:00:00+00:00,683719.0
2024-01-27 00:00:00+00:00,718169.0
2024-01-28 00:00:00+00:00,731738.0
2024-01-29 00:00:00+00:00,697324.0
2024-01-30 00:00:00+00:00,687547.0
2024-01-31 00:00:00+00:00,622142.0
2024-02-01 00:00:00+00:00,680097.0
2024-02-02 00:00:00+00:00,691810.0
2024-02-03 00:00:00+00:00,668270.0
2024-02-04 00:00:00+00:00,539397.0
2024-02-05 00:00:00+00:00,525379.0
2024-02-06 00:00:00+00:00,521338.0
2024-02-07 00:00:00+00:00,640781.0
2024-02-08 00:00:00+00:00,547079.0
2024-02-09 00:00:00+00:00,615935.0
2024-02-10 00:00:00+00:00,637411.0
2024-02-11 00:00:00+00:00,558692.0
2024-02-12 00:00:00+00:00,649038.0
2024-02-13 00:00:00+00:00,589286.0
2024-02-14 00:00:00+00:00,586548.0
2024-02-15 00:00:00+00:00,612859.0
2024-02-16 00:00:00+00:00,613011.0
2024-02-17 00:00:00+00:00,590229.0
2024-02-18 00:00:00+00:00,563861.0
2024-02-19 00:00:00+00:00,617452.0
2024-02-20 00:00:00+00:00,638563.0
2024-02-21 00:00:00+00:00,630339.0
2024-02-22 00:00:00+00:00,642155.0
2024-02-23 00:00:00+00:00,679759.0
2024-02-24 00:00:00+00:00,591315.0
2024-02-25 00:00:00+00:00,607478.0
2024-02-26 00:00:00+00:00,620435.0
2024-02-27 00:00:00+00:00,674490.0
2024-02-28 00:00:00+00:00,763915.0
2024-02-29 00:00:00+00:00,772702.0
2024-03-01 00:00:00+00:00,771270.0
2024-03-02 00:00:00+00:00,623680.0
2024-03-03 00:00:00+00:00,633897.0
2024-03-04 00:00:00+00:00,664743.0
2024-03-05 00:00:00+00:00,772888.0
2024-03-06 00:00:00+00:00,681667.0
2024-03-07 00:00:00+00:00,714978.0
2024-03-08 00:00:00+00:00,716770.0
2024-03-09 00:00:00+00:00,632927.0
2024-03-10 00:00:00+00:00,627815.0
2024-03-11 00:00:00+00:00,684136.0
2024-03-12 00:00:00+00:00,677201.0
2024-03-13 00:00:00+00:00,710767.0
2024-03-14 00:00:00+00:00,663447.0
2024-03-15 00:00:00+00:00,749328.0
2024-03-16 00:00:00+00:00,621787.0
2024-03-17 00:00:00+00:00,601779.0
2024-03-18 00:00:00+00:00,673489.0
2024-03-19 00:00:00+00:00,755218.0
2024-03-20 00:00:00+00:00,639266.0
2024-03-21 00:00:00+00:00,611408.0
2024-03-22 00:00:00+00:00,679058.0
2024-03-23 00:00:00+00:00,622559.0
2024-03-24 00:00:00+00:00,566459.0
2024-03-25 00:00:00+00:00,623335.0
2024-03-26 00:00:00+00:00,648004.0
2024-03-27 00:00:00+00:00,637151.0
2024-03-28 00:00:00+00:00,696012.0
2024-03-29 00:00:00+00:00,659374.0
2024-03-30 00:00:00+00:00,614851.0
2024-03-31 00:00:00+00:00,546293.0
2024-04-01 00:00:00+00:00,648777.0
2024-04-02 00:00:00+00:00,685496.0
2024-04-03 00:00:00+00:00,714141.0
2024-04-04 00:00:00+00:00,655509.0
2024-04-05 00:00:00+00:00,643705.0
2024-04-06 00:00:00+00:00,673290.0
2024-04-07 00:00:00+00:00,652726.0
2024-04-08 00:00:00+00:00,685180.0
2024-04-09 00:00:00+00:00,683771.0
2024-04-10 00:00:00+00:00,703704.0
2024-04-11 00:00:00+00:00,631803.0
2024-04-12 00:00:00+00:00,683741.0
2024-04-13 00:00:00+00:00,683432.0
2024-04-14 00:00:00+00:00,665693.0
2024-04-15 00:00:00+00:00,666015.0
2024-04-16 00:00:00+00:00,743368.0
2024-04-17 00:00:00+00:00,661886.0
2024-04-18 00:00:00+00:00,670913.0
2024-04-19 00:00:00+00:00,727141.0
2024-04-20 00:00:00+00:00,455683.0
2024-04-21 00:00:00+00:00,484762.0
2024-04-22 00:00:00+00:00,534717.0
2024-04-23 00:00:00+00:00,441797.0
2024-04-24 00:00:00+00:00,632356.0
2024-04-25 00:00:00+00:00,633650.0
2024-04-26 00:00:00+00:00,664327.0
2024-04-27 00:00:00+00:00,673970.0
2024-04-28 00:00:00+00:00,509501.0
2024-04-29 00:00:00+00:00,603796.0
2024-04-30 00:00:00+00:00,635509.0
2024-05-01 00:00:00+00:00,587665.0
2024-05-02 00:00:00+00:00,528151.0
2024-05-03 00:00:00+00:00,537019.0
2024-05-04 00:00:00+00:00,473521.0
2024-05-05 00:00:00+00:00,429326.0
2024-05-06 00:00:00+00:00,466177.0
2024-05-07 00:00:00+00:00,495831.0
2024-05-08 00:00:00+00:00,514675.0
2024-05-09 00:00:00+00:00,513026.0
2024-05-10 00:00:00+00:00,474605.0
2024-05-11 00:00:00+00:00,445747.0
2024-05-12 00:00:00+00:00,377543.0
2024-05-13 00:00:00+00:00,466123.0
2024-05-14 00:00:00+00:00,458041.0
2024-05-15 00:00:00+00:00,516619.0
2024-05-16 00:00:00+00:00,494221.0
2024-05-17 00:00:00+00:00,514199.0
2024-05-18 00:00:00+00:00,434371.0
2024-05-19 00:00:00+00:00,405155.0
2024-05-20 00:00:00+00:00,482108.0
2024-05-21 00:00:00+00:00,508542.0
2024-05-22 00:00:00+00:00,491272.0
2024-05-23 00:00:00+00:00,533345.0
2024-05-24 00:00:00+00:00,483309.0
2024-05-25 00:00:00+00:00,465497.0
2024-05-26 00:00:00+00:00,403848.0
2024-05-27 00:00:00+00:00,430424.0
2024-05-28 00:00:00+00:00,448181.0
2024-05-29 00:00:00+00:00,449070.0
2024-05-30 00:00:00+00:00,499634.0
2024-05-31 00:00:00+00:00,528690.0
2024-06-01 00:00:00+00:00,449639.0
2024-06-02 00:00:00+00:00,393004.0
2024-06-03 00:00:00+00:00,482689.0
2024-06-04 00:00:00+00:00,492874.0
2024-06-05 00:00:00+00:00,460473.0
2024-06-06 00:00:00+00:00,476121.0
2024-06-07 00:00:00+00:00,468301.0
2024-06-08 00:00:00+00:00,599175.0
2024-06-09 00:00:00+00:00,479357.0
2024-06-10 00:00:00+00:00,473053.0
2024-06-11 00:00:00+00:00,485989.0
2024-06-12 00:00:00+00:00,483313.0
2024-06-13 00:00:00+00:00,469602.0
2024-06-14 00:00:00+00:00,475827.0
2024-06-15 00:00:00+00:00,426024.0
2024-06-16 00:00:00+00:00,410934.0
2024-06-17 00:00:00+00:00,433551.0
2024-06-18 00:00:00+00:00,484883.0
2024-06-19 00:00:00+00:00,459862.0
2024-06-20 00:00:00+00:00,465205.0
2024-06-21 00:00:00+00:00,514658.0
2024-06-22 00:00:00+00:00,456727.0
2024-06-23 00:00:00+00:00,358420.0
2024-06-24 00:00:00+00:00,456565.0
2024-06-25 00:00:00+00:00,441214.0
2024-06-26 00:00:00+00:00,476277.0
2024-06-27 00:00:00+00:00,501018.0
2024-06-28 00:00:00+00:00,562499.0
2024-06-29 00:00:00+00:00,502873.0
2024-06-30 00:00:00+00:00,465981.0
2024-07-01 00:00:00+00:00,650451.0
2024-07-02 00:00:00+00:00,511492.0
2024-07-03 00:00:00+00:00,503996.0
2024-07-04 00:00:00+00:00,487582.0
2024-07-05 00:00:00+00:00,510689.0
2024-07-06 00:00:00+00:00,461755.0
2024-07-07 00:00:00+00:00,417263.0
2024-07-08 00:00:00+00:00,534832.0
2024-07-09 00:00:00+00:00,499299.0
2024-07-10 00:00:00+00:00,460604.0
2024-07-11 00:00:00+00:00,487442.0
2024-07-12 00:00:00+00:00,486027.0
2024-07-13 00:00:00+00:00,418214.0
2024-07-14 00:00:00+00:00,440649.0
2024-07-15 00:00:00+00:00,482490.0
2024-07-16 00:00:00+00:00,492843.0
2024-07-17 00:00:00+00:00,476281.0
2024-07-18 00:00:00+00:00,481360.0
2024-07-19 00:00:00+00:00,510414.0
2024-07-20 00:00:00+00:00,444989.0
2024-07-21 00:00:00+00:00,412253.0
2024-07-22 00:00:00+00:00,504554.0
2024-07-23 00:00:00+00:00,480641.0
2024-07-24 00:00:00+00:00,484767.0
2024-07-25 00:00:00+00:00,529053.0
2024-07-26 00:00:00+00:00,529294.0
2024-07-27 00:00:00+00:00,508959.0
2024-07-28 00:00:00+00:00,431944.0
2024-07-29 00:00:00+00:00,543529.0
2024-07-30 00:00:00+00:00,500916.0
2024-07-31 00:00:00+00:00,542141.0
2024-08-01 00:00:00+00:00,550192.0
2024-08-02 00:00:00+00:00,531291.0
2024-08-03 00:00:00+00:00,490026.0
2024-08-04 00:00:00+00:00,451025.0
2024-08-05 00:00:00+00:00,572484.0
2024-08-06 00:00:00+00:00,502085.0
2024-08-07 00:00:00+00:00,483579.0
2024-08-08 00:00:00+00:00,541524.0
2024-08-09 00:00:00+00:00,505594.0
2024-08-10 00:00:00+00:00,449194.0
2024-08-11 00:00:00+00:00,407547.0
2024-08-12 00:00:00+00:00,459444.0
2024-08-13 00:00:00+00:00,499256.0
2024-08-14 00:00:00+00:00,514603.0
2024-08-15 00:00:00+00:00,517110.0
2024-08-16 00:00:00+00:00,541657.0
2024-08-17 00:00:00+00:00,468048.0
2024-08-18 00:00:00+00:00,431177.0
2024-08-19 00:00:00+00:00,479794.0
2024-08-20 00:00:00+00:00,522795.0
2024-08-21 00:00:00+00:00,528523.0
2024-08-22 00:00:00+00:00,529070.0
2024-08-23 00:00:00+00:00,531334.0
2024-08-24 00:00:00+00:00,465477.0
2024-08-25 00:00:00+00:00,410926.0
2024-08-26 00:00:00+00:00,467689.0
2024-08-27 00:00:00+00:00,500316.0
2024-08-28 00:00:00+00:00,507535.0
2024-08-29 00:00:00+00:00,537264.0
2024-08-30 00:00:00+00:00,572225.0
2024-08-31 00:00:00+00:00,500461.0
2024-09-01 00:00:00+00:00,474746.0
2024-09-02 00:00:00+00:00,497761.0
2024-09-03 00:00:00+00:00,532190.0
2024-09-04 00:00:00+00:00,517981.0
2024-09-05 00:00:00+00:00,539154.0
2024-09-06 00:00:00+00:00,541499.0
2024-09-07 00:00:00+00:00,467697.0
2024-09-08 00:00:00+00:00,443983.0
2024-09-09 00:00:00+00:00,484357.0
2024-09-10 00:00:00+00:00,496236.0
2024-09-11 00:00:00+00:00,485718.0
2024-09-12 00:00:00+00:00,543579.0
2024-09-13 00:00:00+00:00,541521.0
2024-09-14 00:00:00+00:00,497081.0
2024-09-15 00:00:00+00:00,450094.0
2024-09-16 00:00:00+00:00,508716.0
2024-09-17 00:00:00+00:00,512792.0
2024-09-18 00:00:00+00:00,503606.0
2024-09-19 00:00:00+00:00,534707.0
2024-09-20 00:00:00+00:00,555435.0
2024-09-21 00:00:00+00:00,487325.0
2024-09-22 00:00:00+00:00,439610.0
2024-09-23 00:00:00+00:00,518528.0
2024-09-24 00:00:00+00:00,517079.0
2024-09-25 00:00:00+00:00,513256.0
2024-09-26 00:00:00+00:00,515965.0
2024-09-27 00:00:00+00:00,549045.0
2024-09-28 00:00:00+00:00,477266.0
2024-09-29 00:00:00+00:00,462111.0
2024-09-30 00:00:00+00:00,513555.0
2024-10-01 00:00:00+00:00,626337.0
2024-10-02 00:00:00+00:00,504061.0
2024-10-03 00:00:00+00:00,522348.0
2024-10-04 00:00:00+00:00,553982.0
2024-10-05 00:00:00+00:00,462401.0
2024-10-06 00:00:00+00:00,435532.0
2024-10-07 00:00:00+00:00,495630.0
2024-10-08 00:00:00+00:00,556194.0
2024-10-09 00:00:00+00:00,479175.0
2024-10-10 00:00:00+00:00,495077.0
2024-10-11 00:00:00+00:00,474119.0
2024-10-12 00:00:00+00:00,440477.0
2024-10-13 00:00:00+00:00,417442.0
2024-10-14 00:00:00+00:00,477679.0
2024-10-15 00:00:00+00:00,510964.0
2024-10-16 00:00:00+00:00,465015.0
2024-10-17 00:00:00+00:00,529901.0
2024-10-18 00:00:00+00:00,519056.0
2024-10-19 00:00:00+00:00,480562.0
2024-10-20 00:00:00+00:00,462770.0
2024-10-21 00:00:00+00:00,482337.0
2024-10-22 00:00:00+00:00,479204.0
2024-10-23 00:00:00+00:00,496062.0
2024-10-24 00:00:00+00:00,453818.0
2024-10-25 00:00:00+00:00,585659.0
2024-10-26 00:00:00+00:00,513505.0
2024-10-27 00:00:00+00:00,452846.0
2024-10-28 00:00:00+00:00,535356.0
2024-10-29 00:00:00+00:00,580911.0
2024-10-30 00:00:00+00:00,553379.0
2024-10-31 00:00:00+00:00,562550.0
2024-11-01 00:00:00+00:00,556938.0
2024-11-02 00:00:00+00:00,504261.0
2024-11-03 00:00:00+00:00,452489.0
2024-11-04 00:00:00+00:00,518020.0
2024-11-05 00:00:00+00:00,548496.0
2024-11-06 00:00:00+00:00,622567.0
2024-11-07 00:00:00+00:00,583392.0
2024-11-08 00:00:00+00:00,591256.0
2024-11-09 00:00:00+00:00,502341.0
2024-11-10 00:00:00+00:00,564887.0
2024-11-11 00:00:00+00:00,623757.0
2024-11-12 00:00:00+00:00,702614.0
2024-11-13 00:00:00+00:00,636591.0
2024-11-14 00:00:00+00:00,587387.0
2024-11-15 00:00:00+00:00,619496.0
2024-11-16 00:00:00+00:00,581986.0
2024-11-17 00:00:00+00:00,518085.0
2024-11-18 00:00:00+00:00,569926.0
2024-11-19 00:00:00+00:00,547133.0
2024-11-20 00:00:00+00:00,557265.0
2024-11-21 00:00:00+00:00,666198.0
2024-11-22 00:00:00+00:00,628962.0
2024-11-23 00:00:00+00:00,590149.0
2024-11-24 00:00:00+00:00,534909.0
2024-11-25 00:00:00+00:00,593158.0
2024-11-26 00:00:00+00:00,568082.0
2024-11-27 00:00:00+00:00,599701.0
2024-11-28 00:00:00+00:00,559054.0
2024-11-29 00:00:00+00:00,551876.0
2024-11-30 00:00:00+00:00,583648.0
2024-12-01 00:00:00+00:00,501246.0
2024-12-02 00:00:00+00:00,578842.0
2024-12-03 00:00:00+00:00,613585.0
2024-12-04 00:00:00+00:00,606514.0
2024-12-05 00:00:00+00:00,676971.0
2024-12-06 00:00:00+00:00,589966.0
2024-12-07 00:00:00+00:00,523611.0
2024-12-08 00:00:00+00:00,500126.0
2024-12-09 00:00:00+00:00,548218.0
2024-12-10 00:00:00+00:00,637676.0
2024-12-11 00:00:00+00:00,617471.0
2024-12-12 00:00:00+00:00,642365.0
2024-12-13 00:00:00+00:00,622796.0
2024-12-14 00:00:00+00:00,547370.0
2024-12-15 00:00:00+00:00,540459.0
2024-12-16 00:00:00+00:00,628257.0
2024-12-17 00:00:00+00:00,587955.0
2024-12-18 00:00:00+00:00,583495.0
2024-12-19 00:00:00+00:00,634202.0
2024-12-20 00:00:00+00:00,640920.0
2024-12-21 00:00:00+00:00,516725.0
2024-12-22 00:00:00+00:00,477331.0
2024-12-23 00:00:00+00:00,528563.0
2024-12-24 00:00:00+00:00,543738.0
2024-12-25 00:00:00+00:00,465831.0
2024-12-26 00:00:00+00:00,488028.0
2024-12-27 00:00:00+00:00,568492.0
2024-12-28 00:00:00+00:00,513628.0
2024-12-29 00:00:00+00:00,473130.0
2024-12-30 00:00:00+00:00,546526.0
2024-12-31 00:00:00+00:00,545227.0
2025-01-01 00:00:00+00:00,469908.0
2025-01-02 00:00:00+00:00,536381.0
2025-01-03 00:00:00+00:00,580296.0
2025-01-04 00:00:00+00:00,514543.0
2025-01-05 00:00:00+00:00,477492.0
2025-01-06 00:00:00+00:00,552854.0
2025-01-07 00:00:00+00:00,534903.0
2025-01-08 00:00:00+00:00,545474.0
2025-01-09 00:00:00+00:00,551517.0
2025-01-10 00:00:00+00:00,555569.0
2025-01-11 00:00:00+00:00,493250.0
2025-01-12 00:00:00+00:00,478512.0
2025-01-13 00:00:00+00:00,527739.0
2025-01-14 00:00:00+00:00,555702.0
2025-01-15 00:00:00+00:00,562243.0
2025-01-16 00:00:00+00:00,552617.0
2025-01-17 00:00:00+00:00,609681.0
2025-01-18 00:00:00+00:00,548843.0
2025-01-19 00:00:00+00:00,581784.0
2025-01-20 00:00:00+00:00,611603.0
2025-01-21 00:00:00+00:00,576234.0
2025-01-22 00:00:00+00:00,563550.0
2025-01-23 00:00:00+00:00,559393.0
2025-01-24 00:00:00+00:00,555324.0
2025-01-25 00:00:00+00:00,511721.0
2025-01-26 00:00:00+00:00,468657.0
2025-01-27 00:00:00+00:00,536813.0
2025-01-28 00:00:00+00:00,526610.0
2025-01-29 00:00:00+00:00,536882.0
2025-01-30 00:00:00+00:00,563297.0
2025-01-31 00:00:00+00:00,573440.0
2025-02-01 00:00:00+00:00,547939.0
2025-02-02 00:00:00+00:00,493629.0
2025-02-03 00:00:00+00:00,594369.0
2025-02-04 00:00:00+00:00,533329.0
2025-02-05 00:00:00+00:00,549668.0
2025-02-06 00:00:00+00:00,556046.0
2025-02-07 00:00:00+00:00,547121.0
2025-02-08 00:00:00+00:00,495840.0
2025-02-09 00:00:00+00:00,458209.0
2025-02-10 00:00:00+00:00,506614.0
2025-02-11 00:00:00+00:00,527971.0
2025-02-12 00:00:00+00:00,524479.0
2025-02-13 00:00:00+00:00,554664.0
2025-02-14 00:00:00+00:00,555378.0
2025-02-15 00:00:00+00:00,477805.0
2025-02-16 00:00:00+00:00,439616.0
2025-02-17 00:00:00+00:00,481661.0
2025-02-18 00:00:00+00:00,505135.0
2025-02-19 00:00:00+00:00,504104.0
2025-02-20 00:00:00+00:00,528372.0
2025-02-21 00:00:00+00:00,539520.0
2025-02-22 00:00:00+00:00,481128.0
2025-02-23 00:00:00+00:00,401327.0
2025-02-24 00:00:00+00:00,502390.0
2025-02-25 00:00:00+00:00,593036.0
2025-02-26 00:00:00+00:00,551544.0
2025-02-27 00:00:00+00:00,559897.0
2025-02-28 00:00:00+00:00,639073.0
2025-03-01 00:00:00+00:00,537837.0
2025-03-02 00:00:00+00:00,502728.0
2025-03-03 00:00:00+00:00,574113.0
2025-03-04 00:00:00+00:00,572405.0
2025-03-05 00:00:00+00:00,553079.0
2025-03-06 00:00:00+00:00,582749.0
2025-03-07 00:00:00+00:00,575233.0
2025-03-08 00:00:00+00:00,490884.0
2025-03-09 00:00:00+00:00,468931.0
2025-03-10 00:00:00+00:00,561710.0
2025-03-11 00:00:00+00:00,555242.0
2025-03-12 00:00:00+00:00,537118.0
2025-03-13 00:00:00+00:00,548028.0
2025-03-14 00:00:00+00:00,558542.0
2025-03-15 00:00:00+00:00,483792.0
2025-03-16 00:00:00+00:00,440114.0
2025-03-17 00:00:00+00:00,511394.0
2025-03-18 00:00:00+00:00,520296.0
2025-03-19 00:00:00+00:00,523412.0
2025-03-20 00:00:00+00:00,538832.0
2025-03-21 00:00:00+00:00,542213.0
2025-03-22 00:00:00+00:00,463442.0
2025-03-23 00:00:00+00:00,426406.0
2025-03-24 00:00:00+00:00,542968.0
2025-03-25 00:00:00+00:00,537123.0
2025-03-26 00:00:00+00:00,551045.0
2025-03-27 00:00:00+00:00,546963.0
2025-03-28 00:00:00+00:00,555512.0
2025-03-29 00:00:00+00:00,491096.0
2025-03-30 00:00:00+00:00,448720.0
2025-03-31 00:00:00+00:00,536233.0
2025-04-01 00:00:00+00:00,577515.0
2025-04-02 00:00:00+00:00,561041.0
2025-04-03 00:00:00+00:00,576015.0
2025-04-04 00:00:00+00:00,568203.0
2025-04-05 00:00:00+00:00,491185.0
2025-04-06 00:00:00+00:00,468285.0
2025-04-07 00:00:00+00:00,561612.0
2025-04-08 00:00:00+00:00,560881.0
2025-04-09 00:00:00+00:00,553980.0
2025-04-10 00:00:00+00:00,559681.0
2025-04-11 00:00:00+00:00,574941.0
2025-04-12 00:00:00+00:00,504593.0
2025-04-13 00:00:00+00:00,462177.0
2025-04-14 00:00:00+00:00,531419.0
2025-04-15 00:00:00+00:00,547445.0
2025-04-16 00:00:00+00:00,543869.0
2025-04-17 00:00:00+00:00,545464.0
2025-04-18 00:00:00+00:00,515292.0
2025-04-19 00:00:00+00:00,471006.0
2025-04-20 00:00:00+00:00,423502.0
2025-04-21 00:00:00+00:00,493498.0
2025-04-22 00:00:00+00:00,569473.0
2025-04-23 00:00:00+00:00,546333.0
2025-04-24 00:00:00+00:00,569545.0
2025-04-25 00:00:00+00:00,595179.0
2025-04-26 00:00:00+00:00,486530.0
2025-04-27 00:00:00+00:00,449536.0
2025-04-28 00:00:00+00:00,513795.0
2025-04-29 00:00:00+00:00,526876.0
2025-04-30 00:00:00+00:00,558028.0
2025-05-01 00:00:00+00:00,555979.0
2025-05-02 00:00:00+00:00,613025.0
2025-05-03 00:00:00+00:00,515130.0
2025-05-04 00:00:00+00:00,446087.0
2025-05-05 00:00:00+00:00,531867.0
2025-05-06 00:00:00+00:00,526919.0
2025-05-07 00:00:00+00:00,559340.0
2025-05-08 00:00:00+00:00,592201.0
2025-05-09 00:00:00+00:00,603053.0
2025-05-10 00:00:00+00:00,503410.0
2025-05-11 00:00:00+00:00,467125.0
2025-05-12 00:00:00+00:00,532368.0
2025-05-13 00:00:00+00:00,534997.0
2025-05-14 00:00:00+00:00,535430.0
2025-05-15 00:00:00+00:00,540779.0
2025-05-16 00:00:00+00:00,539053.0
2025-05-17 00:00:00+00:00,474173.0
2025-05-18 00:00:00+00:00,432229.0
2025-05-19 00:00:00+00:00,499650.0
2025-05-20 00:00:00+00:00,536030.0
2025-05-21 00:00:00+00:00,567751.0
2025-05-22 00:00:00+00:00,612816.0
2025-05-23 00:00:00+00:00,571289.0
2025-05-24 00:00:00+00:00,500617.0
2025-05-25 00:00:00+00:00,442797.0
2025-05-26 00:00:00+00:00,516548.0
2025-05-27 00:00:00+00:00,508812.0
2025-05-28 00:00:00+00:00,546095.0
2025-05-29 00:00:00+00:00,542154.0
2025-05-30 00:00:00+00:00,594597.0
2025-05-31 00:00:00+00:00,506671.0
2025-06-01 00:00:00+00:00,452800.0
2025-06-02 00:00:00+00:00,516152.0
2025-06-03 00:00:00+00:00,560813.0
2025-06-04 00:00:00+00:00,545490.0
2025-06-05 00:00:00+00:00,562558.0
2025-06-06 00:00:00+00:00,543873.0
2025-06-07 00:00:00+00:00,473987.0
2025-06-08 00:00:00+00:00,436494.0
2025-06-09 00:00:00+00:00,506842.0
2025-06-10 00:00:00+00:00,558332.0
2025-06-11 00:00:00+00:00,519320.0
2025-06-12 00:00:00+00:00,549165.0
2025-06-13 00:00:00+00:00,567837.0
2025-06-14 00:00:00+00:00,474984.0
2025-06-15 00:00:00+00:00,439669.0
2025-06-16 00:00:00+00:00,527740.0
2025-06-17 00:00:00+00:00,518441.0
2025-06-18 00:00:00+00:00,526045.0
2025-06-19 00:00:00+00:00,501017.0
2025-06-20 00:00:00+00:00,543938.0
2025-06-21 00:00:00+00:00,455627.0
2025-06-22 00:00:00+00:00,434126.0
2025-06-23 00:00:00+00:00,477910.0
2025-06-24 00:00:00+00:00,498971.0
2025-06-25 00:00:00+00:00,516000.0
2025-06-26 00:00:00+00:00,540682.0
2025-06-27 00:00:00+00:00,524379.0
2025-06-28 00:00:00+00:00,457275.0
2025-06-29 00:00:00+00:00,442209.0
2025-06-30 00:00:00+00:00,521131.0
2025-07-01 00:00:00+00:00,542508.0
2025-07-02 00:00:00+00:00,572880.0
2025-07-03 00:00:00+00:00,571346.0
2025-07-04 00:00:00+00:00,527167.0
2025-07-05 00:00:00+00:00,426226.0
2025-07-06 00:00:00+00:00,436195.0
2025-07-07 00:00:00+00:00,493343.0
2025-07-08 00:00:00+00:00,521277.0
2025-07-09 00:00:00+00:00,542076.0
2025-07-10 00:00:00+00:00,605456.0
2025-07-11 00:00:00+00:00,626638.0
2025-07-12 00:00:00+00:00,501978.0
2025-07-13 00:00:00+00:00,466718.0
2025-07-14 00:00:00+00:00,598435.0
2025-07-15 00:00:00+00:00,560371.0
2025-07-16 00:00:00+00:00,542511.0
2025-07-17 00:00:00+00:00,594592.0
2025-07-18 00:00:00+00:00,580677.0
2025-07-19 00:00:00+00:00,477264.0
2025-07-20 00:00:00+00:00,455280.0
2025-07-21 00:00:00+00:00,537794.0
2025-07-22 00:00:00+00:00,519024.0
2025-07-23 00:00:00+00:00,535701.0
2025-07-24 00:00:00+00:00,528797.0
2025-07-25 00:00:00+00:00,577530.0
2025-07-26 00:00:00+00:00,491132.0
2025-07-27 00:00:00+00:00,457112.0
2025-07-28 00:00:00+00:00,529385.0
2025-07-29 00:00:00+00:00,561483.0
2025-07-30 00:00:00+00:00,554145.0
2025-07-31 00:00:00+00:00,584264.0
2025-08-01 00:00:00+00:00,636772.0
2025-08-02 00:00:00+00:00,526686.0
2025-08-03 00:00:00+00:00,462597.0
2025-08-04 00:00:00+00:00,542397.0
2025-08-05 00:00:00+00:00,569616.0
2025-08-06 00:00:00+00:00,665517.0
2025-08-07 00:00:00+00:00,634516.0
2025-08-08 00:00:00+00:00,749938.0
2025-08-09 00:00:00+00:00,591211.0
2025-08-10 00:00:00+00:00,489536.0
2025-08-11 00:00:00+00:00,552696.0
2025-08-12 00:00:00+00:00,543783.0
2025-08-13 00:00:00+00:00,562007.0
2025-08-14 00:00:00+00:00,630373.0
2025-08-15 00:00:00+00:00,555918.0
2025-08-16 00:00:00+00:00,475351.0
2025-08-17 00:00:00+00:00,434867.0
2025-08-18 00:00:00+00:00,506163.0
2025-08-19 00:00:00+00:00,508055.0
2025-08-20 00:00:00+00:00,534876.0
2025-08-21 00:00:00+00:00,536698.0
2025-08-22 00:00:00+00:00,559414.0
2025-08-23 00:00:00+00:00,487009.0
2025-08-24 00:00:00+00:00,443678.0
2025-08-25 00:00:00+00:00,525919.0
2025-08-26 00:00:00+00:00,528702.0
2025-08-27 00:00:00+00:00,526965.0
2025-08-28 00:00:00+00:00,547915.0
2025-08-29 00:00:00+00:00,597526.0
2025-08-30 00:00:00+00:00,495905.0
2025-08-31 00:00:00+00:00,446532.0
2025-09-01 00:00:00+00:00,521197.0
2025-09-02 00:00:00+00:00,544795.0
2025-09-03 00:00:00+00:00,541497.0
2025-09-04 00:00:00+00:00,540435.0
2025-09-05 00:00:00+00:00,587857.0
2025-09-06 00:00:00+00:00,481276.0
2025-09-07 00:00:00+00:00,458587.0
2025-09-08 00:00:00+00:00,511832.0
2025-09-09 00:00:00+00:00,549610.0
2025-09-10 00:00:00+00:00,542027.0
2025-09-11 00:00:00+00:00,537753.0
2025-09-12 00:00:00+00:00,543345.0
2025-09-13 00:00:00+00:00,526152.0
2025-09-14 00:00:00+00:00,494770.0
2025-09-15 00:00:00+00:00,549560.0
2025-09-16 00:00:00+00:00,546260.0
2025-09-17 00:00:00+00:00,517428.0
2025-09-18 00:00:00+00:00,536964.0
2025-09-19 00:00:00+00:00,553195.0
2025-09-20 00:00:00+00:00,535837.0
2025-09-21 00:00:00+00:00,467555.0
2025-09-22 00:00:00+00:00,515742.0
2025-09-23 00:00:00+00:00,506650.0
2025-09-24 00:00:00+00:00,502339.0
2025-09-25 00:00:00+00:00,542099.0
2025-09-26 00:00:00+00:00,553168.0
2025-09-27 00:00:00+00:00,484214.0
2025-09-28 00:00:00+00:00,458537.0
2025-09-29 00:00:00+00:00,521335.0
2025-09-30 00:00:00+00:00,561370.0
2025-10-01 00:00:00+00:00,577245.0
2025-10-02 00:00:00+00:00,595776.0
2025-10-03 00:00:00+00:00,595427.0
2025-10-04 00:00:00+00:00,544104.0
2025-10-05 00:00:00+00:00,497949.0
2025-10-06 00:00:00+00:00,550307.0
2025-10-07 00:00:00+00:00,561921.0
2025-10-08 00:00:00+00:00,546778.0
2025-10-09 00:00:00+00:00,543331.0
2025-10-10 00:00:00+00:00,584389.0
2025-10-11 00:00:00+00:00,546781.0
2025-10-12 00:00:00+00:00,465507.0
2025-10-13 00:00:00+00:00,504968.0
2025-10-14 00:00:00+00:00,524219.0
2025-10-15 00:00:00+00:00,542831.0
2025-10-16 00:00:00+00:00,556999.0
2025-10-17 00:00:00+00:00,591614.0
2025-10-18 00:00:00+00:00,481991.0
2025-10-19 00:00:00+00:00,443995.0
2025-10-20 00:00:00+00:00,507550.0
2025-10-21 00:00:00+00:00,538842.0
2025-10-22 00:00:00+00:00,507518.0
2025-10-23 00:00:00+00:00,527286.0
2025-10-24 00:00:00+00:00,546753.0
2025-10-25 00:00:00+00:00,461245.0
2025-10-26 00:00:00+00:00,433092.0
2025-10-27 00:00:00+00:00,522563.0
2025-10-28 00:00:00+00:00,504390.0
2025-10-29 00:00:00+00:00,517043.0
2025-10-30 00:00:00+00:00,540811.0
2025-10-31 00:00:00+00:00,572374.0
2025-11-01 00:00:00+00:00,498680.0
2025-11-02 00:00:00+00:00,446508.0
2025-11-03 00:00:00+00:00,547702.0
2025-11-04 00:00:00+00:00,582796.0
2025-11-05 00:00:00+00:00,550413.0
2025-11-06 00:00:00+00:00,534781.0
2025-11-07 00:00:00+00:00,569444.0
2025-11-08 00:00:00+00:00,470481.0
2025-11-09 00:00:00+00:00,442498.0
2025-11-10 00:00:00+00:00,526898.0
2025-11-11 00:00:00+00:00,506473.0
2025-11-12 00:00:00+00:00,504920.0
2025-11-16 00:00:00+00:00,454407.0
2025-11-17 00:00:00+00:00,515090.0
2025-11-18 00:00:00+00:00,517212.0
2025-11-19 00:00:00+00:00,535320.0
2025-11-20 00:00:00+00:00,545087.0
2025-11-21 00:00:00+00:00,603204.0
2025-11-22 00:00:00+00:00,485120.0
2025-11-23 00:00:00+00:00,442816.0
2025-11-24 00:00:00+00:00,503446.0
2025-11-25 00:00:00+00:00,513166.0
2025-11-26 00:00:00+00:00,535443.0
2025-11-27 00:00:00+00:00,525809.0
2025-11-28 00:00:00+00:00,543603.0
2025-11-29 00:00:00+00:00,475990.0
2025-11-30 00:00:00+00:00,450764.0
2025-12-01 00:00:00+00:00,557926.0
2025-12-02 00:00:00+00:00,546016.0
2025-12-03 00:00:00+00:00,542787.0
2025-12-04 00:00:00+00:00,540083.0
2025-12-05 00:00:00+00:00,534245.0
2025-12-06 00:00:00+00:00,465393.0
2025-12-07 00:00:00+00:00,438543.0
2025-12-08 00:00:00+00:00,477476.0
2025-12-09 00:00:00+00:00,507794.0
2025-12-10 00:00:00+00:00,511694.0
2025-12-11 00:00:00+00:00,513356.0
2025-12-12 00:00:00+00:00,537832.0
2025-12-13 00:00:00+00:00,463369.0
2025-12-14 00:00:00+00:00,429658.0
2025-12-15 00:00:00+00:00,507663.0
2025-12-16 00:00:00+00:00,507318.0
2025-12-17 00:00:00+00:00,511367.0
2025-12-18 00:00:00+00:00,518421.0
2025-12-19 00:00:00+00:00,556166.0
2025-12-20 00:00:00+00:00,488594.0
2025-12-21 00:00:00+00:00,436144.0
2025-12-22 00:00:00+00:00,497545.0
2025-12-23 00:00:00+00:00,520980.0
2025-12-24 00:00:00+00:00,513917.0
2025-12-25 00:00:00+00:00,431619.0
2025-12-26 00:00:00+00:00,477921.0
2025-12-27 00:00:00+00:00,457336.0
2025-12-28 00:00:00+00:00,435884.0
2025-12-29 00:00:00+00:00,516338.0
2025-12-30 00:00:00+00:00,539847.0
2025-12-31 00:00:00+00:00,547272.0
2026-01-01 00:00:00+00:00,441382.0
2026-01-02 00:00:00+00:00,518434.0
2026-01-03 00:00:00+00:00,473968.0
2026-01-04 00:00:00+00:00,460281.0
2026-01-05 00:00:00+00:00,519989.0
2026-01-06 00:00:00+00:00,517888.0
2026-01-07 00:00:00+00:00,485087.0
2026-01-08 00:00:00+00:00,476585.0
2026-01-09 00:00:00+00:00,512937.0
2026-01-10 00:00:00+00:00,451552.0
2026-01-11 00:00:00+00:00,412668.0
2026-01-12 00:00:00+00:00,469584.0
2026-01-13 00:00:00+00:00,489392.0
2026-01-14 00:00:00+00:00,501548.0
2026-01-15 00:00:00+00:00,516730.0
2026-01-16 00:00:00+00:00,517080.0
2026-01-17 00:00:00+00:00,451781.0
2026-01-18 00:00:00+00:00,411852.0
2026-01-19 00:00:00+00:00,460095.0
2026-01-20 00:00:00+00:00,466340.0
2026-01-21 00:00:00+00:00,503455.0
2026-01-22 00:00:00+00:00,478520.0
2026-01-23 00:00:00+00:00,500192.0
2026-01-24 00:00:00+00:00,421686.0
2026-01-25 00:00:00+00:00,419735.0
2026-01-26 00:00:00+00:00,465362.0
2026-01-27 00:00:00+00:00,475414.0
2026-01-28 00:00:00+00:00,485652.0
2026-01-29 00:00:00+00:00,521611.0
2026-01-30 00:00:00+00:00,580888.0
2026-01-31 00:00:00+00:00,527605.0
2026-02-01 00:00:00+00:00,467476.0
2026-02-02 00:00:00+00:00,521176.0
2026-02-03 00:00:00+00:00,550746.0
2026-02-04 00:00:00+00:00,532371.0
2026-02-05 00:00:00+00:00,619296.0
2026-02-06 00:00:00+00:00,646236.0
2026-02-07 00:00:00+00:00,481546.0
2026-02-08 00:00:00+00:00,442633.0
2026-02-09 00:00:00+00:00,481228.0
2026-02-10 00:00:00+00:00,486763.0
2026-02-11 00:00:00+00:00,490231.0
2026-02-12 00:00:00+00:00,504187.0
2026-02-13 00:00:00+00:00,521603.0
2026-02-14 00:00:00+00:00,458016.0
2026-02-15 00:00:00+00:00,399280.0
2026-02-16 00:00:00+00:00,440304.0
2026-02-17 00:00:00+00:00,446864.0
2026-02-18 00:00:00+00:00,454158.0
2026-02-19 00:00:00+00:00,473222.0
2026-02-20 00:00:00+00:00,493761.0
2026-02-21 00:00:00+00:00,447339.0
2026-02-22 00:00:00+00:00,408828.0
2026-02-23 00:00:00+00:00,458764.0
2026-02-24 00:00:00+00:00,501015.0
2026-02-25 00:00:00+00:00,509923.0
2026-02-26 00:00:00+00:00,521846.0
2026-02-27 00:00:00+00:00,549158.0
2026-02-28 00:00:00+00:00,498805.0
2026-03-01 00:00:00+00:00,447977.0
2026-03-02 00:00:00+00:00,515250.0
2026-03-03 00:00:00+00:00,504537.0
2026-03-04 00:00:00+00:00,516794.0
2026-03-05 00:00:00+00:00,522467.0
2026-03-06 00:00:00+00:00,531723.0
2026-03-07 00:00:00+00:00,458399.0
2026-03-08 00:00:00+00:00,413093.0
2026-03-09 00:00:00+00:00,468702.0
2026-03-10 00:00:00+00:00,484745.0
2026-03-11 00:00:00+00:00,475423.0
2026-03-12 00:00:00+00:00,496301.0
2026-03-13 00:00:00+00:00,525035.0
2026-03-14 00:00:00+00:00,440249.0
2026-03-15 00:00:00+00:00,406808.0
2026-03-16 00:00:00+00:00,477639.0
2026-03-17 00:00:00+00:00,488604.0
2026-03-18 00:00:00+00:00,472748.0
2026-03-19 00:00:00+00:00,486162.0
2026-03-20 00:00:00+00:00,496098.0
2026-03-21 00:00:00+00:00,458834.0
2026-03-22 00:00:00+00:00,432406.0
2026-03-23 00:00:00+00:00,476303.0
2026-03-24 00:00:00+00:00,460523.0
2026-03-25 00:00:00+00:00,501248.0
2026-03-26 00:00:00+00:00,491918.0
2026-03-27 00:00:00+00:00,507433.0
2026-03-28 00:00:00+00:00,432914.0
2026-03-29 00:00:00+00:00,382086.0
2026-03-30 00:00:00+00:00,459981.0
2026-03-31 00:00:00+00:00,485131.0
2026-04-01 00:00:00+00:00,527189.0
2026-04-02 00:00:00+00:00,505693.0
2026-04-03 00:00:00+00:00,498568.0
2026-04-04 00:00:00+00:00,430348.0
2026-04-05 00:00:00+00:00,380100.0
2026-04-06 00:00:00+00:00,447163.0
2026-04-07 00:00:00+00:00,480114.0
2026-04-08 00:00:00+00:00,489051.0
2026-04-09 00:00:00+00:00,484467.0
2026-04-10 00:00:00+00:00,507681.0
2026-04-11 00:00:00+00:00,441709.0
2026-04-12 00:00:00+00:00,395725.0
2026-04-13 00:00:00+00:00,454902.0
2026-04-14 00:00:00+00:00,491023.0
2026-04-15 00:00:00+00:00,470280.0
2026-04-17 00:00:00+00:00,521678.0
2026-04-18 00:00:00+00:00,439552.0
2026-04-19 00:00:00+00:00,396267.0
2026-04-20 00:00:00+00:00,464309.0
2026-04-21 00:00:00+00:00,478903.0
2026-04-22 00:00:00+00:00,493157.0
2026-04-23 00:00:00+00:00,490574.0
2026-04-24 00:00:00+00:00,506108.0
2026-04-25 00:00:00+00:00,428848.0
2026-04-26 00:00:00+00:00,399528.0
2026-04-27 00:00:00+00:00,465611.0
2026-04-28 00:00:00+00:00,472688.0
2026-04-29 00:00:00+00:00,482542.0
2026-04-30 00:00:00+00:00,509941.0
2026-05-01 00:00:00+00:00,541560.0
2026-05-02 00:00:00+00:00,449751.0
2026-05-03 00:00:00+00:00,402346.0
2026-05-04 00:00:00+00:00,485657.0
2026-05-05 00:00:00+00:00,508713.0
2026-05-06 00:00:00+00:00,498493.0
2026-05-07 00:00:00+00:00,497326.0
2026-05-08 00:00:00+00:00,506524.0
2026-05-09 00:00:00+00:00,707204.0
2026-05-10 00:00:00+00:00,407132.0
2026-05-11 00:00:00+00:00,457665.0
2026-05-12 00:00:00+00:00,476383.0
2026-05-13 00:00:00+00:00,485900.0
2026-05-14 00:00:00+00:00,489856.0
2026-05-15 00:00:00+00:00,525031.0
2026-05-16 00:00:00+00:00,445624.0
2026-05-17 00:00:00+00:00,396443.0
2026-05-18 00:00:00+00:00,474167.0
2026-05-19 00:00:00+00:00,469682.0
2026-05-20 00:00:00+00:00,473582.0
2026-05-21 00:00:00+00:00,484958.0
2026-05-22 00:00:00+00:00,547131.0
2026-05-23 00:00:00+00:00,439350.0
2026-05-24 00:00:00+00:00,387403.0
2026-05-25 00:00:00+00:00,430908.0
2026-05-26 00:00:00+00:00,464460.0
2026-05-27 00:00:00+00:00,474906.0
2026-05-28 00:00:00+00:00,490956.0
2026-05-29 00:00:00+00:00,518522.0
2026-05-30 00:00:00+00:00,454741.0
2026-05-31 00:00:00+00:00,403295.0
2026-06-01 00:00:00+00:00,508084.0
2026-06-02 00:00:00+00:00,501194.0
2026-06-03 00:00:00+00:00,515383.0
2026-06-04 00:00:00+00:00,538439.0
2026-06-05 00:00:00+00:00,557607.0
2026-06-06 00:00:00+00:00,458423.0
2026-06-07 00:00:00+00:00,400871.0
2026-06-08 00:00:00+00:00,457079.0
2026-06-09 00:00:00+00:00,466012.0
2026-06-10 00:00:00+00:00,478720.0
2026-06-11 00:00:00+00:00,487498.0
2026-06-12 00:00:00+00:00,515594.0
2026-06-13 00:00:00+00:00,423183.0
2026-06-14 00:00:00+00:00,400405.0
2026-06-15 00:00:00+00:00,492782.0
2026-06-16 00:00:00+00:00,477480.0
2026-06-17 00:00:00+00:00,474545.0
2026-06-18 00:00:00+00:00,503361.0
2026-06-19 00:00:00+00:00,486150.0
2026-06-20 00:00:00+00:00,409924.0
2026-06-21 00:00:00+00:00,381259.0
2026-06-22 00:00:00+00:00,454922.0
2026-06-23 00:00:00+00:00,464862.0
2026-06-24 00:00:00+00:00,488035.0
2026-06-25 00:00:00+00:00,522671.0
2026-06-26 00:00:00+00:00,521746.0
2026-06-27 00:00:00+00:00,452506.0
2026-06-28 00:00:00+00:00,416739.0
2026-06-29 00:00:00+00:00,490860.0
2026-06-30 00:00:00+00:00,563177.0
2026-07-01 00:00:00+00:00,540315.0
2026-07-02 00:00:00+00:00,527254.0
2026-07-03 00:00:00+00:00,529854.0
2026-07-04 00:00:00+00:00,434728.0
2026-07-05 00:00:00+00:00,386558.0
2026-07-06 00:00:00+00:00,453433.0
2026-07-07 00:00:00+00:00,484547.0
2026-07-08 00:00:00+00:00,463157.0
2026-07-09 00:00:00+00:00,478640.0
2026-07-10 00:00:00+00:00,511711.0
2026-07-11 00:00:00+00:00,429886.0
2026-07-12 00:00:00+00:00,384757.0
2026-07-13 00:00:00+00:00,458741.0
2026-07-14 00:00:00+00:00,458571.0
2026-07-15 00:00:00+00:00,481858.0
2026-07-16 00:00:00+00:00,467583.0
2026-07-17 00:00:00+00:00,496049.0
2026-07-18 00:00:00+00:00,444410.0
2026-07-19 00:00:00+00:00,386348.0
2026-07-20 00:00:00+00:00,450037.0
2026-07-21 00:00:00+00:00,480104.0
2026-07-22 00:00:00+00:00,467778.0
2026-07-23 00:00:00+00:00,487730.0
2026-07-24 00:00:00+00:00,541679.0
2026-07-25 00:00:00+00:00,454647.0
2026-07-26 00:00:00+00:00,439204.0
2026-07-27 00:00:00+00:00,477732.0
2026-07-28 00:00:00+00:00,485064.0
2026-07-29 00:00:00+00:00,478468.0
2026-07-30 00:00:00+00:00,497475.0
2026-07-31 00:00:00+00:00,620856.0
2026-08-01 00:00:00+00:00,527596.0
2026-08-02 00:00:00+00:00,453096.0
2026-08-03 00:00:00+00:00,523906.0
2026-08-04 00:00:00+00:00,508237.0
2026-08-05 00:00:00+00:00,519753.0
2026-08-06 00:00:00+00:00,516176.0
2026-08-07 00:00:00+00:00,534028.0
2026-08-08 00:00:00+00:00,448039.0
2026-08-09 00:00:00+00:00,414062.0
2026-08-10 00:00:00+00:00,473315.0
2026-08-11 00:00:00+00:00,467215.0
2026-08-12 00:00:00+00:00,494924.0
2026-08-13 00:00:00+00:00,486521.0
2026-08-14 00:00:00+00:00,512338.0
2026-08-15 00:00:00+00:00,445251.0
2026-08-16 00:00:00+00:00,402442.0
2026-08-24 00:00:00+00:00,489906.0
2026-08-25 00:00:00+00:00,501443.0
2026-08-26 00:00:00+00:00,491486.0
2026-08-27 00:00:00+00:00,506914.0
2026-08-28 00:00:00+00:00,518289.0
2026-08-29 00:00:00+00:00,447256.0
2026-08-30 00:00:00+00:00,398941.0
2026-08-31 00:00:00+00:00,501131.0
2026-09-01 00:00:00+00:00,506462.0
2026-09-02 00:00:00+00:00,494353.0
2026-09-03 00:00:00+00:00,533231.0
2026-09-04 00:00:00+00:00,526842.0
2026-09-05 00:00:00+00:00,465063.0
2026-09-06 00:00:00+00:00,415207.0
2026-09-07 00:00:00+00:00,453808.0
2026-09-08 00:00:00+00:00,449976.0
2026-09-09 00:00:00+00:00,492982.0
2026-09-10 00:00:00+00:00,499484.0
2026-09-11 00:00:00+00:00,511851.0
2026-09-12 00:00:00+00:00,450026.0
2026-09-13 00:00:00+00:00,410158.0
2026-09-14 00:00:00+00:00,471043.0
2026-09-15 00:00:00+00:00,496714.0
2026-09-16 00:00:00+00:00,481627.0
2026-09-17 00:00:00+00:00,491423.0
2026-09-18 00:00:00+00:00,539329.0
2026-09-19 00:00:00+00:00,457118.0
2026-09-20 00:00:00+00:00,415087.0
2026-09-21 00:00:00+00:00,528313.0
2026-09-22 00:00:00+00:00,485993.0
2026-09-23 00:00:00+00:00,489385.0
2026-09-24 00:00:00+00:00,490018.0
2026-09-25 00:00:00+00:00,520091.0
2026-09-26 00:00:00+00:00,448618.0
