time,hash-rate
2023-07-31 00:00:00+00:00,366776884.7731455
2023-08-01 00:00:00+00:00,361574375.76927114
2023-08-02 00:00:00+00:00,400593193.2983291
2023-08-03 00:00:00+00:00,392789429.79251754
2023-08-04 00:00:00+00:00,314751794.7344015
2023-08-05 00:00:00+00:00,400593193.2983291
2023-08-06 00:00:00+00:00,426605738.3177011
2023-08-07 00:00:00+00:00,379783157.2828315
2023-08-08 00:00:00+00:00,325156812.74215025
2023-08-09 00:00:00+00:00,421650114.697692
2023-08-10 00:00:00+00:00,330756213.4390739
2023-08-11 00:00:00+00:00,393261324.6401588
2023-08-12 00:00:00+00:00,434931398.7742153
2023-08-13 00:00:00+00:00,351591250.5061022
2023-08-14 00:00:00+00:00,445348917.3077294
2023-08-15 00:00:00+00:00,445348917.3077294
2023-08-16 00:00:00+00:00,424513880.24070114
2023-08-17 00:00:00+00:00,406283222.8070514
2023-08-18 00:00:00+00:00,362008769.0396163
2023-08-19 00:00:00+00:00,364613148.6729948
2023-08-20 00:00:00+00:00,421909500.6073226
2023-08-21 00:00:00+00:00,429722639.5074582
2023-08-22 00:00:00+00:00,380936887.22817194
2023-08-23 00:00:00+00:00,392623891.9211836
2023-08-24 00:00:00+00:00,384329020.9651023
2023-08-25 00:00:00+00:00,373269193.0236605
2023-08-26 00:00:00+00:00,378799106.9943814
2023-08-27 00:00:00+00:00,320735010.301812
2023-08-28 00:00:00+00:00,326264924.27253294
2023-08-29 00:00:00+00:00,436863203.68695074
2023-08-30 00:00:00+00:00,348384580.1554164
2023-08-31 00:00:00+00:00,398153805.89190453
2023-09-01 00:00:00+00:00,417508504.7894277
2023-09-02 00:00:00+00:00,420273461.77478814
2023-09-03 00:00:00+00:00,436863203.68695074
2023-09-04 00:00:00+00:00,411978590.8187068
2023-09-05 00:00:00+00:00,342854666.18469554
2023-09-06 00:00:00+00:00,364419397.2930779
2023-09-07 00:00:00+00:00,393005453.9397736
2023-09-08 00:00:00+00:00,358011817.6300677
2023-09-09 00:00:00+00:00,406464544.828122
2023-09-10 00:00:00+00:00,395697272.1174433
2023-09-11 00:00:00+00:00,427999090.2494795
2023-09-12 00:00:00+00:00,379546363.0514252
2023-09-13 00:00:00+00:00,395697272.1174433
2023-09-14 00:00:00+00:00,436074544.7824885
2023-09-15 00:00:00+00:00,506061817.40190023
2023-09-16 00:00:00+00:00,417231817.5388007
2023-09-17 00:00:00+00:00,401080908.4727827
2023-09-18 00:00:00+00:00,419923635.7164705
2023-09-19 00:00:00+00:00,385677556.7313763
2023-09-20 00:00:00+00:00,414558853.7494199
2023-09-21 00:00:00+00:00,391843300.11931473
2023-09-22 00:00:00+00:00,366288302.28544635
2023-09-23 00:00:00+00:00,442953295.78705144
2023-09-24 00:00:00+00:00,414558853.7494199
2023-09-25 00:00:00+00:00,411719409.5456568
2023-09-26 00:00:00+00:00,386164411.7117884
2023-09-27 00:00:00+00:00,445792739.99081457
2023-09-28 00:00:00+00:00,414558853.7494199
2023-09-29 00:00:00+00:00,417398297.95318305
2023-09-30 00:00:00+00:00,391843300.11931473
2023-10-01 00:00:00+00:00,400361632.7306042
2023-10-02 00:00:00+00:00,445792739.99081457
2023-10-03 00:00:00+00:00,466751379.41330886
2023-10-04 00:00:00+00:00,373280259.4846018
2023-10-05 00:00:00+00:00,401774935.7811363
2023-10-06 00:00:00+00:00,455914820.74455184
2023-10-07 00:00:00+00:00,487258964.67073977
2023-10-08 00:00:00+00:00,421721209.1887104
2023-10-09 00:00:00+00:00,444516950.225938
2023-10-10 00:00:00+00:00,461613756.0038587
2023-10-11 00:00:00+00:00,455914820.74455184
2023-10-12 00:00:00+00:00,470162158.89281905
2023-10-13 00:00:00+00:00,393226532.892176
2023-10-14 00:00:00+00:00,416022273.9294035
2023-10-15 00:00:00+00:00,475861094.15212595
2023-10-16 00:00:00+00:00,416156889.9191482
2023-10-17 00:00:00+00:00,491483968.444345
2023-10-18 00:00:00+00:00,439908490.27425945
2023-10-19 00:00:00+00:00,424739231.98894006
2023-10-20 00:00:00+00:00,406536122.04655695
2023-10-21 00:00:00+00:00,455077748.5595787
2023-10-22 00:00:00+00:00,464179303.53077024
2023-10-23 00:00:00+00:00,476314710.1590258
2023-10-24 00:00:00+00:00,382265308.79004604
2023-10-25 00:00:00+00:00,436874638.6171956
2023-10-26 00:00:00+00:00,455077748.5595787
2023-10-27 00:00:00+00:00,467213155.18783414
2023-10-28 00:00:00+00:00,485416265.1302173
2023-10-29 00:00:00+00:00,415637677.0177486
2023-10-30 00:00:00+00:00,482540025.495944
2023-10-31 00:00:00+00:00,481286782.8761844
2023-11-01 00:00:00+00:00,462656326.7648482
2023-11-02 00:00:00+00:00,447130946.6720681
2023-11-03 00:00:00+00:00,422290338.52361983
2023-11-04 00:00:00+00:00,521652771.1174128
2023-11-05 00:00:00+00:00,506127391.02463263
2023-11-06 00:00:00+00:00,394344654.35661566
2023-11-07 00:00:00+00:00,412975110.4679518
2023-11-08 00:00:00+00:00,462656326.7648482
2023-11-09 00:00:00+00:00,444025870.65351206
2023-11-10 00:00:00+00:00,478181706.85762835
2023-11-11 00:00:00+00:00,496812162.9689646
2023-11-12 00:00:00+00:00,506083624.1310116
2023-11-13 00:00:00+00:00,389037994.7160368
2023-11-14 00:00:00+00:00,443696225.37862045
2023-11-15 00:00:00+00:00,475848125.7683755
2023-11-16 00:00:00+00:00,475848125.7683755
2023-11-17 00:00:00+00:00,482278505.8463265
2023-11-18 00:00:00+00:00,479063315.80735093
2023-11-19 00:00:00+00:00,546582306.6258367
2023-11-20 00:00:00+00:00,533721546.46993476
2023-11-21 00:00:00+00:00,488708885.9242776
2023-11-22 00:00:00+00:00,456556985.5345224
2023-11-23 00:00:00+00:00,472632935.72940004
2023-11-24 00:00:00+00:00,540151926.5478858
2023-11-25 00:00:00+00:00,511215216.1971062
2023-11-26 00:00:00+00:00,492891191.48160595
2023-11-27 00:00:00+00:00,439166010.2949663
2023-11-28 00:00:00+00:00,496595411.64123106
2023-11-29 00:00:00+00:00,459435210.7701186
2023-11-30 00:00:00+00:00,452678810.6117344
2023-12-01 00:00:00+00:00,570915813.3834561
2023-12-02 00:00:00+00:00,429031410.0573902
2023-12-03 00:00:00+00:00,557403013.066688
2023-12-04 00:00:00+00:00,523621012.2747674
2023-12-05 00:00:00+00:00,466191610.9285027
2023-12-06 00:00:00+00:00,459435210.7701186
2023-12-07 00:00:00+00:00,388493009.1070856
2023-12-08 00:00:00+00:00,456057010.69092655
2023-12-09 00:00:00+00:00,530377412.4331516
2023-12-10 00:00:00+00:00,469318617.5512489
2023-12-11 00:00:00+00:00,528635575.20314026
2023-12-12 00:00:00+00:00,481794448.2864064
2023-12-13 00:00:00+00:00,498523422.18524003
2023-12-14 00:00:00+00:00,488486037.84593976
2023-12-15 00:00:00+00:00,545364549.1019738
2023-12-16 00:00:00+00:00,508560806.52454
2023-12-17 00:00:00+00:00,501869216.9650066
2023-12-18 00:00:00+00:00,562093523.0008074
2023-12-19 00:00:00+00:00,542018754.3222071
2023-12-20 00:00:00+00:00,485140243.06617314
2023-12-21 00:00:00+00:00,488486037.84593976
2023-12-22 00:00:00+00:00,562093523.0008074
2023-12-23 00:00:00+00:00,560327733.6667341
2023-12-24 00:00:00+00:00,612085087.5512694
2023-12-25 00:00:00+00:00,497542848.9451839
2023-12-26 00:00:00+00:00,497542848.9451839
2023-12-27 00:00:00+00:00,461748399.3807821
2023-12-28 00:00:00+00:00,433112839.72926086
2023-12-29 00:00:00+00:00,540496188.4224659
2023-12-30 00:00:00+00:00,519019518.6838249
2023-12-31 00:00:00+00:00,558393413.2046669
2024-01-01 00:00:00+00:00,554813968.2482265
2024-01-02 00:00:00+00:00,468907289.29366255
2024-01-03 00:00:00+00:00,565552303.117547
2024-01-04 00:00:00+00:00,608505642.5948291
2024-01-05 00:00:00+00:00,493963403.98874366
2024-01-06 00:00:00+00:00,509059003.5142141
2024-01-07 00:00:00+00:00,429363547.6531167
2024-01-08 00:00:00+00:00,447556918.3163843
2024-01-09 00:00:00+00:00,553078468.1633366
2024-01-10 00:00:00+00:00,483943659.64291966
2024-01-11 00:00:00+00:00,629490624.9490609
2024-01-12 00:00:00+00:00,611297254.2857933
2024-01-13 00:00:00+00:00,578549187.0919114
2024-01-14 00:00:00+00:00,465750288.9796519
2024-01-15 00:00:00+00:00,414808851.1225025
2024-01-16 00:00:00+00:00,454834266.5816914
2024-01-17 00:00:00+00:00,440279570.0510773
2024-01-18 00:00:00+00:00,516691726.83680135
2024-01-19 00:00:00+00:00,480304985.51026607
2024-01-20 00:00:00+00:00,513378340.1866717
2024-01-21 00:00:00+00:00,489551347.763542
2024-01-22 00:00:00+00:00,559487254.5869052
2024-01-23 00:00:00+00:00,538506482.5398962
2024-01-24 00:00:00+00:00,524519301.1752236
2024-01-25 00:00:00+00:00,632919956.7514365
2024-01-26 00:00:00+00:00,531512891.8575599
2024-01-27 00:00:00+00:00,597952003.3397549
2024-01-28 00:00:00+00:00,559487254.5869052
2024-01-29 00:00:00+00:00,545500073.2222326
2024-01-30 00:00:00+00:00,503538529.1282147
2024-01-31 00:00:00+00:00,458080189.69302857
2024-02-01 00:00:00+00:00,535009687.19872814
2024-02-02 00:00:00+00:00,676117474.0216229
2024-02-03 00:00:00+00:00,566738184.6284933
2024-02-04 00:00:00+00:00,581751116.6716322
2024-02-05 00:00:00+00:00,585504349.682417
2024-02-06 00:00:00+00:00,638049611.833403
2024-02-07 00:00:00+00:00,600517281.7255559
2024-02-08 00:00:00+00:00,517946155.488292
2024-02-09 00:00:00+00:00,623036679.7902641
2024-02-10 00:00:00+00:00,570491417.639278
2024-02-11 00:00:00+00:00,514192922.47750723
2024-02-12 00:00:00+00:00,671828708.9304657
2024-02-13 00:00:00+00:00,506686456.4559378
2024-02-14 00:00:00+00:00,521699388.49907666
2024-02-15 00:00:00+00:00,605343973.9976323
2024-02-16 00:00:00+00:00,544386616.4219546
2024-02-17 00:00:00+00:00,609388003.457412
2024-02-18 00:00:00+00:00,491572989.4556458
2024-02-19 00:00:00+00:00,552511789.8013868
2024-02-20 00:00:00+00:00,572824723.2499672
2024-02-21 00:00:00+00:00,560636963.180819
2024-02-22 00:00:00+00:00,548449203.1116709
2024-02-23 00:00:00+00:00,645951283.6648567
2024-02-24 00:00:00+00:00,556574376.491103
2024-02-25 00:00:00+00:00,666264217.113437
2024-02-26 00:00:00+00:00,540324029.7322387
2024-02-27 00:00:00+00:00,524073682.9733743
2024-02-28 00:00:00+00:00,605325416.7676959
2024-02-29 00:00:00+00:00,540324029.7322387
2024-03-01 00:00:00+00:00,608054004.3789
2024-03-02 00:00:00+00:00,500960510.12181586
2024-03-03 00:00:00+00:00,611408496.6053661
2024-03-04 00:00:00+00:00,508849652.01349825
2024-03-05 00:00:00+00:00,658743347.9554589
2024-03-06 00:00:00+00:00,552239932.41775
2024-03-07 00:00:00+00:00,710022770.2513928
2024-03-08 00:00:00+00:00,607463925.659525
2024-03-09 00:00:00+00:00,642965064.1720946
2024-03-10 00:00:00+00:00,564073645.2552733
2024-03-11 00:00:00+00:00,670577060.7929822
2024-03-12 00:00:00+00:00,556184503.3635911
2024-03-13 00:00:00+00:00,631131351.3345715
2024-03-14 00:00:00+00:00,579720256.0482558
2024-03-15 00:00:00+00:00,529980321.6844611
2024-03-16 00:00:00+00:00,600922569.4689952
2024-03-17 00:00:00+00:00,609268716.2671757
2024-03-18 00:00:00+00:00,600922569.4689952
2024-03-19 00:00:00+00:00,655172523.6571684
2024-03-20 00:00:00+00:00,621787936.4644464
2024-03-21 00:00:00+00:00,500768807.8908293
2024-03-22 00:00:00+00:00,563364908.877183
2024-03-23 00:00:00+00:00,650999450.2580782
2024-03-24 00:00:00+00:00,709422477.8453414
2024-03-25 00:00:00+00:00,550845688.6799122
2024-03-26 00:00:00+00:00,559191835.4780927
2024-03-27 00:00:00+00:00,567537982.2762733
2024-03-28 00:00:00+00:00,630675249.3060845
2024-03-29 00:00:00+00:00,595046224.9834774
2024-03-30 00:00:00+00:00,640501144.9474928
2024-03-31 00:00:00+00:00,566120366.8245583
2024-04-01 00:00:00+00:00,619839817.691122
2024-04-02 00:00:00+00:00,611575286.7885739
2024-04-03 00:00:00+00:00,586781694.0809289
2024-04-04 00:00:00+00:00,570252632.2758324
2024-04-05 00:00:00+00:00,611575286.7885739
2024-04-06 00:00:00+00:00,640501144.9474928
2024-04-07 00:00:00+00:00,702485126.7166051
2024-04-08 00:00:00+00:00,652897941.3013152
2024-04-09 00:00:00+00:00,603310755.8860255
2024-04-10 00:00:00+00:00,626404079.729565
2024-04-11 00:00:00+00:00,566860609.5352726
2024-04-12 00:00:00+00:00,584038203.763614
2024-04-13 00:00:00+00:00,704281363.3620051
2024-04-14 00:00:00+00:00,674220573.4624075
2024-04-15 00:00:00+00:00,605510196.549041
2024-04-16 00:00:00+00:00,708575761.9190906
2024-04-17 00:00:00+00:00,588332602.3206996
2024-04-18 00:00:00+00:00,622687790.7773827
2024-04-19 00:00:00+00:00,648454182.1198951
2024-04-20 00:00:00+00:00,558271812.4211017
2024-04-21 00:00:00+00:00,601215797.9919556
2024-04-22 00:00:00+00:00,652748580.6769805
2024-04-23 00:00:00+00:00,721458957.5903468
2024-04-24 00:00:00+00:00,671772263.1512126
2024-04-25 00:00:00+00:00,630674365.8262494
2024-04-26 00:00:00+00:00,578118168.6740619
2024-04-27 00:00:00+00:00,613155633.4421867
2024-04-28 00:00:00+00:00,613155633.4421867
2024-04-29 00:00:00+00:00,573738485.5780463
2024-04-30 00:00:00+00:00,617535316.5382024
2024-05-01 00:00:00+00:00,578118168.6740619
2024-05-02 00:00:00+00:00,635054048.9222649
2024-05-03 00:00:00+00:00,564979119.3860149
2024-05-04 00:00:00+00:00,617535316.5382024
2024-05-05 00:00:00+00:00,608775950.3461711
2024-05-06 00:00:00+00:00,534321337.7139056
2024-05-07 00:00:00+00:00,534321337.7139056
2024-05-08 00:00:00+00:00,556219753.1939834
2024-05-09 00:00:00+00:00,613867438.0566123
2024-05-10 00:00:00+00:00,599332437.5790136
2024-05-11 00:00:00+00:00,657199017.7590562
2024-05-12 00:00:00+00:00,545599184.5546882
2024-05-13 00:00:00+00:00,607599091.8904481
2024-05-14 00:00:00+00:00,562132493.1775575
2024-05-15 00:00:00+00:00,582799128.9561441
2024-05-16 00:00:00+00:00,586932456.1118613
2024-05-17 00:00:00+00:00,640665709.1361867
2024-05-18 00:00:00+00:00,529065875.9318188
2024-05-19 00:00:00+00:00,636532381.9804695
2024-05-20 00:00:00+00:00,644799036.2919042
2024-05-21 00:00:00+00:00,570399147.4889922
2024-05-22 00:00:00+00:00,632399054.8247522
2024-05-23 00:00:00+00:00,706194547.0096976
2024-05-24 00:00:00+00:00,671140034.7624127
2024-05-25 00:00:00+00:00,671140034.7624127
2024-05-26 00:00:00+00:00,704697036.5005332
2024-05-27 00:00:00+00:00,515938901.7236049
2024-05-28 00:00:00+00:00,562079779.1135205
2024-05-29 00:00:00+00:00,574663654.7653158
2024-05-30 00:00:00+00:00,515938901.7236049
2024-05-31 00:00:00+00:00,620804532.1552316
2024-06-01 00:00:00+00:00,591442155.634376
2024-06-02 00:00:00+00:00,587247530.4171109
2024-06-03 00:00:00+00:00,658556159.1106174
2024-06-04 00:00:00+00:00,562079779.1135205
2024-06-05 00:00:00+00:00,515938901.7236049
2024-06-06 00:00:00+00:00,554910858.050012
2024-06-07 00:00:00+00:00,590944002.9609013
2024-06-08 00:00:00+00:00,715791327.5301057
2024-06-09 00:00:00+00:00,636721355.302943
2024-06-10 00:00:00+00:00,578459270.5039809
2024-06-11 00:00:00+00:00,511874030.7337383
2024-06-12 00:00:00+00:00,607590312.9034619
2024-06-13 00:00:00+00:00,603428735.4178218
2024-06-14 00:00:00+00:00,532681918.1619392
2024-06-15 00:00:00+00:00,557651383.07578
2024-06-16 00:00:00+00:00,678337130.1593444
2024-06-17 00:00:00+00:00,582620847.9896209
2024-06-18 00:00:00+00:00,632559777.8173028
2024-06-19 00:00:00+00:00,570136115.5327007
2024-06-20 00:00:00+00:00,553323137.1046984
2024-06-21 00:00:00+00:00,582332779.002438
2024-06-22 00:00:00+00:00,632247017.2026471
2024-06-23 00:00:00+00:00,465866223.2019504
2024-06-24 00:00:00+00:00,632247017.2026471
2024-06-25 00:00:00+00:00,515780461.4021594
2024-06-26 00:00:00+00:00,503301901.8521072
2024-06-27 00:00:00+00:00,540737580.5022639
2024-06-28 00:00:00+00:00,561535179.7523509
2024-06-29 00:00:00+00:00,653044616.4527341
2024-06-30 00:00:00+00:00,503301901.8521072
2024-07-01 00:00:00+00:00,586492298.8524554
2024-07-02 00:00:00+00:00,615608937.8025774
2024-07-03 00:00:00+00:00,603130378.2525251
2024-07-04 00:00:00+00:00,582332779.002438
2024-07-05 00:00:00+00:00,481691507.2021622
2024-07-06 00:00:00+00:00,652035052.9717106
2024-07-07 00:00:00+00:00,557193590.72128
2024-07-08 00:00:00+00:00,628324687.409103
2024-07-09 00:00:00+00:00,608566049.4402633
2024-07-10 00:00:00+00:00,537434952.7524403
2024-07-11 00:00:00+00:00,553241863.127512
2024-07-12 00:00:00+00:00,592759139.0651915
2024-07-13 00:00:00+00:00,608566049.4402633
2024-07-14 00:00:00+00:00,659938508.1592464
2024-07-15 00:00:00+00:00,604614321.8464954
2024-07-16 00:00:00+00:00,580903956.2838876
2024-07-17 00:00:00+00:00,628324687.409103
2024-07-18 00:00:00+00:00,515102118.23597115
2024-07-19 00:00:00+00:00,599556361.5235602
2024-07-20 00:00:00+00:00,672971426.1999145
2024-07-21 00:00:00+00:00,689285885.0168821
2024-07-22 00:00:00+00:00,730072032.0593011
2024-07-23 00:00:00+00:00,689285885.0168821
2024-07-24 00:00:00+00:00,571006058.5938667
2024-07-25 00:00:00+00:00,664814196.7914306
2024-07-26 00:00:00+00:00,652578352.6787051
2024-07-27 00:00:00+00:00,628106664.4532535
2024-07-28 00:00:00+00:00,603634976.227802
2024-07-29 00:00:00+00:00,725993417.3550591
2024-07-30 00:00:00+00:00,611792205.6362859
2024-07-31 00:00:00+00:00,613215974.0238556
2024-08-01 00:00:00+00:00,630987879.9602102
2024-08-02 00:00:00+00:00,563382035.6787592
2024-08-03 00:00:00+00:00,608452598.53306
2024-08-04 00:00:00+00:00,644509048.8165007
2024-08-05 00:00:00+00:00,703100780.5270916
2024-08-06 00:00:00+00:00,630987879.9602102
2024-08-07 00:00:00+00:00,549860866.8224689
2024-08-08 00:00:00+00:00,581410260.8204794
2024-08-09 00:00:00+00:00,585917317.1059096
2024-08-10 00:00:00+00:00,581410260.8204794
2024-08-11 00:00:00+00:00,725636061.954242
2024-08-12 00:00:00+00:00,617466711.1039201
2024-08-13 00:00:00+00:00,671551386.529081
2024-08-14 00:00:00+00:00,594742777.8026003
2024-08-15 00:00:00+00:00,690944705.8016886
2024-08-16 00:00:00+00:00,613213426.3989986
2024-08-17 00:00:00+00:00,643442257.2778225
2024-08-18 00:00:00+00:00,673671088.1566465
2024-08-19 00:00:00+00:00,561392573.463872
2024-08-20 00:00:00+00:00,647760661.689083
2024-08-21 00:00:00+00:00,634805448.4553014
2024-08-22 00:00:00+00:00,690944705.8016886
2024-08-23 00:00:00+00:00,708218323.4467307
2024-08-24 00:00:00+00:00,660715874.9228647
2024-08-25 00:00:00+00:00,574347786.6976537
2024-08-26 00:00:00+00:00,578666191.1089141
2024-08-27 00:00:00+00:00,613213426.3989986
2024-08-28 00:00:00+00:00,703794017.3679069
2024-08-29 00:00:00+00:00,587091196.5963086
2024-08-30 00:00:00+00:00,631567802.399059
2024-08-31 00:00:00+00:00,653806105.3004345
2024-09-01 00:00:00+00:00,631567802.399059
2024-09-02 00:00:00+00:00,742759316.9059358
2024-09-03 00:00:00+00:00,662701426.4609846
2024-09-04 00:00:00+00:00,671596747.6215348
2024-09-05 00:00:00+00:00,689387389.9426349
2024-09-06 00:00:00+00:00,644910784.1398844
2024-09-07 00:00:00+00:00,702730371.68346
2024-09-08 00:00:00+00:00,742759316.9059358
2024-09-09 00:00:00+00:00,644910784.1398844
2024-09-10 00:00:00+00:00,609329499.4976839
2024-09-11 00:00:00+00:00,495458846.64224994
2024-09-12 00:00:00+00:00,700222814.5578787
2024-09-13 00:00:00+00:00,566627672.3067043
2024-09-14 00:00:00+00:00,640335336.9970075
2024-09-15 00:00:00+00:00,695616085.5147347
2024-09-16 00:00:00+00:00,575841130.3929921
2024-09-17 00:00:00+00:00,691009356.4715909
2024-09-18 00:00:00+00:00,635728607.9538636
2024-09-19 00:00:00+00:00,562020943.2635604
2024-09-20 00:00:00+00:00,667975711.255871
2024-09-21 00:00:00+00:00,621908420.8244318
2024-09-22 00:00:00+00:00,626515149.8675756
2024-09-23 00:00:00+00:00,672582440.299015
2024-09-24 00:00:00+00:00,667975711.255871
2024-09-25 00:00:00+00:00,657005311.2676694
2024-09-26 00:00:00+00:00,571298868.1801282
2024-09-27 00:00:00+00:00,602061114.928289
2024-09-28 00:00:00+00:00,566904261.5018196
2024-09-29 00:00:00+00:00,681164035.1378452
2024-09-30 00:00:00+00:00,602061114.928289
2024-10-01 00:00:00+00:00,689953248.4944626
2024-10-02 00:00:00+00:00,681164035.1378452
2024-10-03 00:00:00+00:00,694347855.1727712
2024-10-04 00:00:00+00:00,742688528.6341666
2024-10-05 00:00:00+00:00,663585608.4246106
2024-10-06 00:00:00+00:00,667980215.1029191
2024-10-07 00:00:00+00:00,681164035.1378452
2024-10-08 00:00:00+00:00,733899315.2775493
2024-10-09 00:00:00+00:00,574966972.3426994
2024-10-10 00:00:00+00:00,709250575.4670075
2024-10-11 00:00:00+00:00,640613423.0024583
2024-10-12 00:00:00+00:00,654340853.4953684
2024-10-13 00:00:00+00:00,631461802.673852
2024-10-14 00:00:00+00:00,636037612.8381552
2024-10-15 00:00:00+00:00,713826385.6313109
2024-10-16 00:00:00+00:00,645189233.1667618
2024-10-17 00:00:00+00:00,718402195.7956142
2024-10-18 00:00:00+00:00,622310182.3452455
2024-10-19 00:00:00+00:00,791615158.4244666
2024-10-20 00:00:00+00:00,791615158.4244666
2024-10-21 00:00:00+00:00,782463538.0958601
2024-10-22 00:00:00+00:00,638125714.2515116
2024-10-23 00:00:00+00:00,718143298.2753785
2024-10-24 00:00:00+00:00,699119634.7449049
2024-10-25 00:00:00+00:00,727655130.0406153
2024-10-26 00:00:00+00:00,694363718.8622864
2024-10-27 00:00:00+00:00,765702457.1015625
2024-10-28 00:00:00+00:00,798993868.2798914
2024-10-29 00:00:00+00:00,746678793.571089
2024-10-30 00:00:00+00:00,803749784.1625097
2024-10-31 00:00:00+00:00,751434709.4537071
2024-11-01 00:00:00+00:00,727655130.0406153
2024-11-02 00:00:00+00:00,670584139.4491944
2024-11-03 00:00:00+00:00,627780896.505629
2024-11-04 00:00:00+00:00,720519107.2542773
2024-11-05 00:00:00+00:00,702351988.6923242
2024-11-06 00:00:00+00:00,773092476.7620546
2024-11-07 00:00:00+00:00,788251152.776997
2024-11-08 00:00:00+00:00,717510664.7072663
2024-11-09 00:00:00+00:00,702351988.6923242
2024-11-10 00:00:00+00:00,747828016.7371509
2024-11-11 00:00:00+00:00,687193312.6773819
2024-11-12 00:00:00+00:00,737722232.7271894
2024-11-13 00:00:00+00:00,697299096.6873435
2024-11-14 00:00:00+00:00,641717284.6325549
2024-11-15 00:00:00+00:00,757933800.7471123
2024-11-16 00:00:00+00:00,793304044.7819778
2024-11-17 00:00:00+00:00,757933800.7471123
2024-11-18 00:00:00+00:00,789177471.4803329
2024-11-19 00:00:00+00:00,889845955.1158988
2024-11-20 00:00:00+00:00,747470602.2973549
2024-11-21 00:00:00+00:00,732216100.2096539
2024-11-22 00:00:00+00:00,727131266.1804202
2024-11-23 00:00:00+00:00,701707096.0342517
2024-11-24 00:00:00+00:00,681367759.9173166
2024-11-25 00:00:00+00:00,859336950.9404964
2024-11-26 00:00:00+00:00,706791930.0634853
2024-11-27 00:00:00+00:00,676282925.8880831
2024-11-28 00:00:00+00:00,722046432.1511863
2024-11-29 00:00:00+00:00,615264917.5372787
2024-11-30 00:00:00+00:00,833912780.7943279
2024-12-01 00:00:00+00:00,803403776.6189257
2024-12-02 00:00:00+00:00,649582756.2207783
2024-12-03 00:00:00+00:00,811042070.6273791
2024-12-04 00:00:00+00:00,759383340.0141702
2024-12-05 00:00:00+00:00,800710324.5047373
2024-12-06 00:00:00+00:00,702558736.3396405
2024-12-07 00:00:00+00:00,733553974.7075658
2024-12-08 00:00:00+00:00,754217466.9528493
2024-12-09 00:00:00+00:00,862700801.2405878
2024-12-10 00:00:00+00:00,795544451.4434165
2024-12-11 00:00:00+00:00,733553974.7075658
2024-12-12 00:00:00+00:00,764549213.0754911
2024-12-13 00:00:00+00:00,878198420.4245505
2024-12-14 00:00:00+00:00,821373816.7500207
2024-12-15 00:00:00+00:00,707724609.4009614
2024-12-16 00:00:00+00:00,796354777.917631
2024-12-17 00:00:00+00:00,733677850.1420219
2024-12-18 00:00:00+00:00,776835370.7386113
2024-12-19 00:00:00+00:00,782230060.8131851
2024-12-20 00:00:00+00:00,814598201.2606272
2024-12-21 00:00:00+00:00,782230060.8131851
2024-12-22 00:00:00+00:00,836176961.5589218
2024-12-23 00:00:00+00:00,749861920.3657429
2024-12-24 00:00:00+00:00,712099089.8437271
2024-12-25 00:00:00+00:00,814598201.2606272
2024-12-26 00:00:00+00:00,706704399.7691535
2024-12-27 00:00:00+00:00,852361031.782643
2024-12-28 00:00:00+00:00,771440680.6640378
2024-12-29 00:00:00+00:00,853049703.3260739
2024-12-30 00:00:00+00:00,867710155.9849901
2024-12-31 00:00:00+00:00,703991258.6293316
2025-01-01 00:00:00+00:00,764021520.9930731
2025-01-02 00:00:00+00:00,911368528.6131656
2025-01-03 00:00:00+00:00,774936114.1501169
2025-01-04 00:00:00+00:00,813137190.1997707
2025-01-05 00:00:00+00:00,851338266.2494245
2025-01-06 00:00:00+00:00,725820444.9434196
2025-01-07 00:00:00+00:00,731277741.5219413
2025-01-08 00:00:00+00:00,682162072.3152436
2025-01-09 00:00:00+00:00,829509079.9353366
2025-01-10 00:00:00+00:00,774936114.1501169
2025-01-11 00:00:00+00:00,753106927.8360293
2025-01-12 00:00:00+00:00,939753829.6056751
2025-01-13 00:00:00+00:00,702796044.3776932
2025-01-14 00:00:00+00:00,845551490.8919123
2025-01-15 00:00:00+00:00,763192579.4414012
2025-01-16 00:00:00+00:00,702796044.3776932
2025-01-17 00:00:00+00:00,823589114.5051093
2025-01-18 00:00:00+00:00,713777232.5710948
2025-01-19 00:00:00+00:00,823589114.5051093
2025-01-20 00:00:00+00:00,834570302.6985108
2025-01-21 00:00:00+00:00,730249014.861197
2025-01-22 00:00:00+00:00,823589114.5051093
2025-01-23 00:00:00+00:00,746720797.1512991
2025-01-24 00:00:00+00:00,768683173.5381019
2025-01-25 00:00:00+00:00,702796044.3776932
2025-01-26 00:00:00+00:00,752211391.2479999
2025-01-27 00:00:00+00:00,841602268.6110247
2025-01-28 00:00:00+00:00,795344639.2008113
2025-01-29 00:00:00+00:00,832962291.0549035
2025-01-30 00:00:00+00:00,779222788.4062003
2025-01-31 00:00:00+00:00,671743783.1087936
2025-02-01 00:00:00+00:00,988806848.7361435
2025-02-02 00:00:00+00:00,918945495.2928294
2025-02-03 00:00:00+00:00,822214390.5251629
2025-02-04 00:00:00+00:00,703987484.6980155
2025-02-05 00:00:00+00:00,773848838.1413299
2025-02-06 00:00:00+00:00,779222788.4062003
2025-02-07 00:00:00+00:00,929693395.8225701
2025-02-08 00:00:00+00:00,859832042.3792553
2025-02-09 00:00:00+00:00,795293751.4100475
2025-02-10 00:00:00+00:00,788864727.616627
2025-02-11 00:00:00+00:00,703735440.4637535
2025-02-12 00:00:00+00:00,754813012.7554775
2025-02-13 00:00:00+00:00,896695158.0102665
2025-02-14 00:00:00+00:00,862643443.1491172
2025-02-15 00:00:00+00:00,908045729.6306497
2025-02-16 00:00:00+00:00,856968157.3389257
2025-02-17 00:00:00+00:00,777514155.996244
2025-02-18 00:00:00+00:00,794540013.4268184
2025-02-19 00:00:00+00:00,715086012.0841366
2025-02-20 00:00:00+00:00,737787155.324903
2025-02-21 00:00:00+00:00,732111869.5147113
2025-02-22 00:00:00+00:00,788864727.616627
2025-02-23 00:00:00+00:00,728533880.978175
2025-02-24 00:00:00+00:00,714530229.8374169
2025-02-25 00:00:00+00:00,807968798.3546175
2025-02-26 00:00:00+00:00,862932662.1882651
2025-02-27 00:00:00+00:00,824457957.5047117
2025-02-28 00:00:00+00:00,857436275.8049003
2025-03-01 00:00:00+00:00,791479639.2045234
2025-03-02 00:00:00+00:00,692544684.3039575
2025-03-03 00:00:00+00:00,824457957.5047117
2025-03-04 00:00:00+00:00,802472411.9712528
2025-03-05 00:00:00+00:00,736515775.3708757
2025-03-06 00:00:00+00:00,934385685.1720064
2025-03-07 00:00:00+00:00,780486866.4377937
2025-03-08 00:00:00+00:00,753004934.5209701
2025-03-09 00:00:00+00:00,878012411.8108668
2025-03-10 00:00:00+00:00,858547242.188255
2025-03-11 00:00:00+00:00,769347528.7141508
2025-03-12 00:00:00+00:00,852972260.0961236
2025-03-13 00:00:00+00:00,886422152.6489124
2025-03-14 00:00:00+00:00,791647457.0826768
2025-03-15 00:00:00+00:00,735897636.1613616
2025-03-16 00:00:00+00:00,808372403.3590714
2025-03-17 00:00:00+00:00,780497492.8984137
2025-03-18 00:00:00+00:00,791647457.0826768
2025-03-19 00:00:00+00:00,847397278.0039921
2025-03-20 00:00:00+00:00,791647457.0826768
2025-03-21 00:00:00+00:00,808372403.3590714
2025-03-22 00:00:00+00:00,836247313.819729
2025-03-23 00:00:00+00:00,876571559.8921037
2025-03-24 00:00:00+00:00,870857131.0489082
2025-03-25 00:00:00+00:00,842582548.8719956
2025-03-26 00:00:00+00:00,859547298.1781431
2025-03-27 00:00:00+00:00,836927632.4366131
2025-03-28 00:00:00+00:00,870857131.0489082
2025-03-29 00:00:00+00:00,797343217.3889353
2025-03-30 00:00:00+00:00,774723551.6474054
2025-03-31 00:00:00+00:00,836927632.4366131
2025-04-01 00:00:00+00:00,763413718.7766403
2025-04-02 00:00:00+00:00,972645626.8857933
2025-04-03 00:00:00+00:00,859547298.1781431
2025-04-04 00:00:00+00:00,1017884958.3688537
2025-04-05 00:00:00+00:00,948981343.907835
2025-04-06 00:00:00+00:00,875826848.0097468
2025-04-07 00:00:00+00:00,875826848.0097468
2025-04-08 00:00:00+00:00,924148329.2792498
2025-04-09 00:00:00+00:00,791264255.7881161
2025-04-10 00:00:00+00:00,869786662.851059
2025-04-11 00:00:00+00:00,893947403.4858105
2025-04-12 00:00:00+00:00,869786662.851059
2025-04-13 00:00:00+00:00,1038911847.2943201
2025-04-14 00:00:00+00:00,899987588.6444983
2025-04-15 00:00:00+00:00,869786662.851059
2025-04-16 00:00:00+00:00,893947403.4858105
2025-04-17 00:00:00+00:00,924148329.2792498
2025-04-18 00:00:00+00:00,821465181.5815556
2025-04-19 00:00:00+00:00,847396221.1293446
2025-04-20 00:00:00+00:00,753499802.4397362
2025-04-21 00:00:00+00:00,771877846.401681
2025-04-22 00:00:00+00:00,949532271.367147
2025-04-23 00:00:00+00:00,698365670.5539016
2025-04-24 00:00:00+00:00,863768066.2114046
2025-04-25 00:00:00+00:00,882146110.1733494
2025-04-26 00:00:00+00:00,814759948.9795519
2025-04-27 00:00:00+00:00,827011978.2875152
2025-04-28 00:00:00+00:00,863768066.2114046
2025-04-29 00:00:00+00:00,894398139.4813126
2025-04-30 00:00:00+00:00,808633934.3255703
2025-05-01 00:00:00+00:00,827011978.2875152
2025-05-02 00:00:00+00:00,974036329.9830736
2025-05-03 00:00:00+00:00,999957994.4593519
2025-05-04 00:00:00+00:00,823060870.7158544
2025-05-05 00:00:00+00:00,1036227714.9300332
2025-05-06 00:00:00+00:00,817139569.4876828
2025-05-07 00:00:00+00:00,894116485.453914
2025-05-08 00:00:00+00:00,941486895.2792871
2025-05-09 00:00:00+00:00,828982171.944026
2025-05-10 00:00:00+00:00,888195184.2257423
2025-05-11 00:00:00+00:00,882273882.9975705
2025-05-12 00:00:00+00:00,858588678.0848842
2025-05-13 00:00:00+00:00,769769159.6623099
2025-05-14 00:00:00+00:00,852667376.8567126
2025-05-15 00:00:00+00:00,864509979.3130558
2025-05-16 00:00:00+00:00,805296967.0313396
2025-05-17 00:00:00+00:00,853317480.0820746
2025-05-18 00:00:00+00:00,979723251.2998109
2025-05-19 00:00:00+00:00,852722089.09428
2025-05-20 00:00:00+00:00,895055809.829457
2025-05-21 00:00:00+00:00,870865112.2664988
2025-05-22 00:00:00+00:00,907151158.610936
2025-05-23 00:00:00+00:00,937389530.5646338
2025-05-24 00:00:00+00:00,852722089.09428
2025-05-25 00:00:00+00:00,913198833.0016756
2025-05-26 00:00:00+00:00,925294181.7831548
2025-05-27 00:00:00+00:00,852722089.09428
2025-05-28 00:00:00+00:00,991818600.0812899
2025-05-29 00:00:00+00:00,961580228.1275918
2025-05-30 00:00:00+00:00,937389530.5646338
2025-05-31 00:00:00+00:00,1016284104.8877773
2025-06-01 00:00:00+00:00,839539043.1681639
2025-06-02 00:00:00+00:00,839539043.1681639
2025-06-03 00:00:00+00:00,908974603.1294405
2025-06-04 00:00:00+00:00,795352777.73826
2025-06-05 00:00:00+00:00,845851366.801007
2025-06-06 00:00:00+00:00,845851366.801007
2025-06-07 00:00:00+00:00,902662279.4965969
2025-06-08 00:00:00+00:00,965785515.8250304
2025-06-09 00:00:00+00:00,883725308.5980667
2025-06-10 00:00:00+00:00,1066782693.9505239
2025-06-11 00:00:00+00:00,890037632.2309102
2025-06-12 00:00:00+00:00,934223897.6608136
2025-06-13 00:00:00+00:00,915286926.7622839
2025-06-14 00:00:00+00:00,949216466.5546213
2025-06-15 00:00:00+00:00,854616743.0404905
2025-06-16 00:00:00+00:00,917456209.4405266
2025-06-17 00:00:00+00:00,741505703.5204258
2025-06-18 00:00:00+00:00,879752529.6005048
2025-06-19 00:00:00+00:00,798061223.2804582
2025-06-20 00:00:00+00:00,948875942.6405447
2025-06-21 00:00:00+00:00,886036476.2405084
2025-06-22 00:00:00+00:00,672382290.480386
2025-06-23 00:00:00+00:00,672382290.480386
2025-06-24 00:00:00+00:00,735221756.880422
2025-06-25 00:00:00+00:00,898604369.5205159
2025-06-26 00:00:00+00:00,986579622.4805663
2025-06-27 00:00:00+00:00,722653863.6004148
2025-06-28 00:00:00+00:00,911172262.800523
2025-06-29 00:00:00+00:00,995260121.1336331
2025-06-30 00:00:00+00:00,843035679.3574839
2025-07-01 00:00:00+00:00,779081248.5096745
2025-07-02 00:00:00+00:00,889547992.701345
2025-07-03 00:00:00+00:00,877919914.3653797
2025-07-04 00:00:00+00:00,924432227.709241
2025-07-05 00:00:00+00:00,912804149.3732755
2025-07-06 00:00:00+00:00,930246266.8772235
2025-07-07 00:00:00+00:00,877919914.3653797
2025-07-08 00:00:00+00:00,825593561.8535358
2025-07-09 00:00:00+00:00,953502423.549154
2025-07-10 00:00:00+00:00,994200697.7250328
2025-07-11 00:00:00+00:00,872105875.197397
2025-07-12 00:00:00+00:00,918141001.6128464
2025-07-13 00:00:00+00:00,859946006.057642
2025-07-14 00:00:00+00:00,910161831.228891
2025-07-15 00:00:00+00:00,1029424416.010608
2025-07-16 00:00:00+00:00,822284137.1792051
2025-07-17 00:00:00+00:00,853669027.9112357
2025-07-18 00:00:00+00:00,903884853.0824848
2025-07-19 00:00:00+00:00,891330896.7896729
2025-07-20 00:00:00+00:00,935269743.8145157
2025-07-21 00:00:00+00:00,941546721.960922
2025-07-22 00:00:00+00:00,941546721.960922
2025-07-23 00:00:00+00:00,878776940.4968604
2025-07-24 00:00:00+00:00,922715787.5217032
2025-07-25 00:00:00+00:00,1004316503.4249833
2025-07-26 00:00:00+00:00,970032969.1338755
2025-07-27 00:00:00+00:00,869131963.3112651
2025-07-28 00:00:00+00:00,919884194.7454995
2025-07-29 00:00:00+00:00,710531240.0792824
2025-07-30 00:00:00+00:00,869131963.3112651
2025-07-31 00:00:00+00:00,976980455.1090133
2025-08-01 00:00:00+00:00,957948368.3211753
2025-08-02 00:00:00+00:00,919884194.7454995
2025-08-03 00:00:00+00:00,983324484.0382924
2025-08-04 00:00:00+00:00,1084828946.9067616
2025-08-05 00:00:00+00:00,875475992.2405444
2025-08-06 00:00:00+00:00,913540165.8162203
2025-08-07 00:00:00+00:00,1021388657.6139685
2025-08-08 00:00:00+00:00,870485436.2761792
2025-08-09 00:00:00+00:00,746374213.3917352
2025-08-10 00:00:00+00:00,868625162.1369333
2025-08-11 00:00:00+00:00,945836287.6602162
2025-08-12 00:00:00+00:00,881493683.0574806
2025-08-13 00:00:00+00:00,1003744631.8026783
2025-08-14 00:00:00+00:00,1042350194.56432
2025-08-15 00:00:00+00:00,862190901.6766596
2025-08-16 00:00:00+00:00,978007589.9615842
2025-08-17 00:00:00+00:00,978007589.9615842
2025-08-18 00:00:00+00:00,990876110.8821313
2025-08-19 00:00:00+00:00,862190901.6766596
2025-08-20 00:00:00+00:00,907230724.8985746
2025-08-21 00:00:00+00:00,958704808.5807632
2025-08-22 00:00:00+00:00,939585701.641628
2025-08-23 00:00:00+00:00,980001769.6141683
2025-08-24 00:00:00+00:00,1057370330.3731811
2025-08-25 00:00:00+00:00,909080588.9184059
2025-08-26 00:00:00+00:00,967107009.4876657
2025-08-27 00:00:00+00:00,967107009.4876657
2025-08-28 00:00:00+00:00,1025133430.0569257
2025-08-29 00:00:00+00:00,1063817710.4364324
2025-08-30 00:00:00+00:00,1018686049.9936746
2025-08-31 00:00:00+00:00,851054168.3491462
2025-09-01 00:00:00+00:00,1038028190.1834283
2025-09-02 00:00:00+00:00,1050922950.3099302
2025-09-03 00:00:00+00:00,883291068.6654017
2025-09-04 00:00:00+00:00,902633208.8551546
2025-09-05 00:00:00+00:00,957592801.7399701
2025-09-06 00:00:00+00:00,946761026.3534616
2025-09-07 00:00:00+00:00,1041437128.988808
2025-09-08 00:00:00+00:00,1082012601.5468137
2025-09-09 00:00:00+00:00,1129350652.8644862
2025-09-10 00:00:00+00:00,1149638389.1434891
2025-09-11 00:00:00+00:00,1014386813.9501374
2025-09-12 00:00:00+00:00,811509451.1601102
2025-09-13 00:00:00+00:00,953523605.1131293
2025-09-14 00:00:00+00:00,1034674550.2291405
2025-09-15 00:00:00+00:00,1102300337.8258162
2025-09-16 00:00:00+00:00,1082012601.5468137
2025-09-17 00:00:00+00:00,865610081.2374508
2025-09-18 00:00:00+00:00,1087599379.1411881
2025-09-19 00:00:00+00:00,1188749380.7897809
2025-09-20 00:00:00+00:00,1082611043.2192645
2025-09-21 00:00:00+00:00,1146294045.7615743
2025-09-22 00:00:00+00:00,1061383375.7051616
2025-09-23 00:00:00+00:00,1018928040.676955
2025-09-24 00:00:00+00:00,1082611043.2192645
2025-09-25 00:00:00+00:00,997700373.1628518
2025-09-26 00:00:00+00:00,934017370.6205422
2025-09-27 00:00:00+00:00,1096762821.5620003
2025-09-28 00:00:00+00:00,1167521713.2756777
2025-09-29 00:00:00+00:00,990624483.9914839
2025-09-30 00:00:00+00:00,1139218156.5902066
2025-10-01 00:00:00+00:00,1076906913.283782
2025-10-02 00:00:00+00:00,1019764936.475331
2025-10-03 00:00:00+00:00,884796047.8241848
2025-10-04 00:00:00+00:00,1004768393.2918702
2025-10-05 00:00:00+00:00,1117242467.1678262
2025-10-06 00:00:00+00:00,922287405.7828363
2025-10-07 00:00:00+00:00,1034761479.6587919
2025-10-08 00:00:00+00:00,1109744195.5760958
2025-10-09 00:00:00+00:00,899792591.007645
2025-10-10 00:00:00+00:00,989771850.1084098
2025-10-11 00:00:00+00:00,1102245923.9843652
2025-10-12 00:00:00+00:00,1087249380.8009045
2025-10-13 00:00:00+00:00,1139737281.943017
2025-10-14 00:00:00+00:00,1267207899.0024335
2025-10-15 00:00:00+00:00,1079751109.2091742
2025-10-16 00:00:00+00:00,1124278123.987008
2025-10-17 00:00:00+00:00,1159633832.2093213
2025-10-18 00:00:00+00:00,1203393599.4625034
2025-10-19 00:00:00+00:00,1013767941.3653816
2025-10-20 00:00:00+00:00,1086700886.7873514
2025-10-21 00:00:00+00:00,1093994181.3295484
2025-10-22 00:00:00+00:00,1115874064.956139
2025-10-23 00:00:00+00:00,1035647824.9919723
2025-10-24 00:00:00+00:00,1305499723.053261
2025-10-25 00:00:00+00:00,1166927126.751518
2025-10-26 00:00:00+00:00,1072114297.7029574
2025-10-27 00:00:00+00:00,1072114297.7029574
2025-10-28 00:00:00+00:00,1181513715.835912
2025-10-29 00:00:00+00:00,929747081.6588961
2025-10-30 00:00:00+00:00,1240553837.6668227
2025-10-31 00:00:00+00:00,1085484607.9584696
2025-11-01 00:00:00+00:00,1069977684.9876347
2025-11-02 00:00:00+00:00,1201786530.2397344
2025-11-03 00:00:00+00:00,1100991530.929305
2025-11-04 00:00:00+00:00,1015703454.5897113
2025-11-05 00:00:00+00:00,1069977684.9876347
2025-11-06 00:00:00+00:00,1085484607.9584696
2025-11-07 00:00:00+00:00,1100991530.929305
2025-11-08 00:00:00+00:00,930415378.2501172
2025-11-09 00:00:00+00:00,1093238069.4438875
2025-11-10 00:00:00+00:00,1085484607.9584696
2025-11-11 00:00:00+00:00,1186279607.2688992
2025-11-12 00:00:00+00:00,1086613750.3494294
2025-11-16 00:00:00+00:00,1203542966.8475492
2025-11-17 00:00:00+00:00,938612125.0886546
2025-11-18 00:00:00+00:00,1006737198.683799
2025-11-19 00:00:00+00:00,1037015009.1705301
2025-11-20 00:00:00+00:00,991598293.4404337
2025-11-21 00:00:00+00:00,1142987345.8740876
2025-11-22 00:00:00+00:00,1082431724.900626
2025-11-23 00:00:00+00:00,1074862272.2789433
2025-11-24 00:00:00+00:00,1082431724.900626
2025-11-25 00:00:00+00:00,870487051.4935104
2025-11-26 00:00:00+00:00,1241390229.9559624
2025-11-27 00:00:00+00:00,1061465507.6302311
2025-11-28 00:00:00+00:00,1113270480.6428328
2025-11-29 00:00:00+00:00,1016787038.987121
2025-11-30 00:00:00+00:00,1239441135.1156871
2025-12-01 00:00:00+00:00,987099826.1699785
2025-12-02 00:00:00+00:00,942569006.9442655
2025-12-03 00:00:00+00:00,979678022.9656931
2025-12-04 00:00:00+00:00,979678022.9656931
2025-12-05 00:00:00+00:00,883194581.309981
2025-12-06 00:00:00+00:00,1209753922.2985451
2025-12-07 00:00:00+00:00,1187488512.6856885
2025-12-08 00:00:00+00:00,1098426874.2342618
2025-12-09 00:00:00+00:00,957412613.3528363
2025-12-10 00:00:00+00:00,1150379496.6642606
2025-12-11 00:00:00+00:00,1179902024.3226545
2025-12-12 00:00:00+00:00,1068190154.3848839
2025-12-13 00:00:00+00:00,1053456497.083023
2025-12-14 00:00:00+00:00,942954067.3190697
2025-12-15 00:00:00+00:00,987155039.2246507
2025-12-16 00:00:00+00:00,1082923811.686744
2025-12-17 00:00:00+00:00,1016622353.8283721
2025-12-18 00:00:00+00:00,1060823325.7339536
2025-12-19 00:00:00+00:00,1068190154.3848839
2025-12-20 00:00:00+00:00,1082923811.686744
2025-12-21 00:00:00+00:00,1016622353.8283721
2025-12-22 00:00:00+00:00,1023989182.4793022
2025-12-23 00:00:00+00:00,1068190154.3848839
2025-12-24 00:00:00+00:00,1171325755.4979067
2025-12-25 00:00:00+00:00,1016973817.768314
2025-12-26 00:00:00+00:00,1149714808.6043208
2025-12-27 00:00:00+00:00,1002315474.1678696
2025-12-28 00:00:00+00:00,1142344841.882498
2025-12-29 00:00:00+00:00,1134974875.1606758
2025-12-30 00:00:00+00:00,877026039.8968855
2025-12-31 00:00:00+00:00,980205574.0024016
2026-01-01 00:00:00+00:00,1112864974.9952078
2026-01-02 00:00:00+00:00,1061275207.9424502
2026-01-03 00:00:00+00:00,1142344841.882498
2026-01-04 00:00:00+00:00,1068645174.6642727
2026-01-05 00:00:00+00:00,972835607.2805791
2026-01-06 00:00:00+00:00,958095673.8369341
2026-01-07 00:00:00+00:00,1083385108.1079175
2026-01-08 00:00:00+00:00,965289669.1289088
2026-01-09 00:00:00+00:00,1033929118.9983668
2026-01-10 00:00:00+00:00,1179552938.5756013
2026-01-11 00:00:00+00:00,888305299.4211321
2026-01-12 00:00:00+00:00,1033929118.9983668
2026-01-13 00:00:00+00:00,982960782.146335
2026-01-14 00:00:00+00:00,902867681.3788556
2026-01-15 00:00:00+00:00,1012085546.0617816
2026-01-16 00:00:00+00:00,946554827.2520258
2026-01-17 00:00:00+00:00,1084897455.850399
2026-01-18 00:00:00+00:00,1019366737.0406432
2026-01-19 00:00:00+00:00,1092178646.8292608
2026-01-20 00:00:00+00:00,968398400.1886113
2026-01-21 00:00:00+00:00,997523164.104058
2026-01-22 00:00:00+00:00,1163912656.954194
2026-01-23 00:00:00+00:00,985930374.4704596
2026-01-24 00:00:00+00:00,690151262.1293219
2026-01-25 00:00:00+00:00,760574860.3057833
2026-01-26 00:00:00+00:00,873252617.3881215
2026-01-27 00:00:00+00:00,859167897.7528292
2026-01-28 00:00:00+00:00,774659579.9410756
2026-01-29 00:00:00+00:00,901422056.6587061
2026-01-30 00:00:00+00:00,922549136.1116446
2026-01-31 00:00:00+00:00,971845654.8351676
2026-02-01 00:00:00+00:00,838040818.299891
2026-02-02 00:00:00+00:00,830998458.4822448
2026-02-03 00:00:00+00:00,929591495.9292907
2026-02-04 00:00:00+00:00,1000015094.105752
2026-02-05 00:00:00+00:00,894379696.8410602
2026-02-06 00:00:00+00:00,1021142173.5586905
2026-02-07 00:00:00+00:00,1116396723.6283798
2026-02-08 00:00:00+00:00,1063649660.9826868
2026-02-09 00:00:00+00:00,1019852322.0010467
2026-02-10 00:00:00+00:00,900973830.4794525
2026-02-11 00:00:00+00:00,982311745.7310699
2026-02-12 00:00:00+00:00,1107446999.964327
2026-02-13 00:00:00+00:00,944771169.4610924
2026-02-14 00:00:00+00:00,1038622610.1360354
2026-02-15 00:00:00+00:00,1232582254.1975844
2026-02-16 00:00:00+00:00,1094933474.5410013
2026-02-17 00:00:00+00:00,1032365847.4243727
2026-02-18 00:00:00+00:00,957284694.8844184
2026-02-19 00:00:00+00:00,1020622252.4872998
2026-02-20 00:00:00+00:00,983397435.8766681
2026-02-21 00:00:00+00:00,854191933.352726
2026-02-22 00:00:00+00:00,1177205689.6625803
2026-02-23 00:00:00+00:00,1062356354.0857433
2026-02-24 00:00:00+00:00,1184383773.1361327
2026-02-25 00:00:00+00:00,1119781021.874162
2026-02-26 00:00:00+00:00,1004931686.2973247
2026-02-27 00:00:00+00:00,1012109769.7708769
2026-02-28 00:00:00+00:00,1026465936.7179816
2026-03-01 00:00:00+00:00,1069534437.5592955
2026-03-02 00:00:00+00:00,976219352.4031156
2026-03-03 00:00:00+00:00,961863185.4560106
2026-03-04 00:00:00+00:00,933150851.5618018
2026-03-05 00:00:00+00:00,1192841923.7049837
2026-03-06 00:00:00+00:00,1052672432.0364789
2026-03-07 00:00:00+00:00,951731239.9233917
2026-03-08 00:00:00+00:00,966151410.2252611
2026-03-09 00:00:00+00:00,994991750.8290006
2026-03-10 00:00:00+00:00,994991750.8290006
2026-03-11 00:00:00+00:00,1002201835.9799352
2026-03-12 00:00:00+00:00,930100984.4705875
2026-03-13 00:00:00+00:00,872420303.2631093
2026-03-14 00:00:00+00:00,922890899.3196526
2026-03-15 00:00:00+00:00,901260643.8668482
2026-03-16 00:00:00+00:00,901260643.8668482
2026-03-17 00:00:00+00:00,915680814.1687176
2026-03-18 00:00:00+00:00,1002201835.9799352
2026-03-19 00:00:00+00:00,966151410.2252611
2026-03-20 00:00:00+00:00,958881917.8174205
2026-03-21 00:00:00+00:00,917823292.9611512
2026-03-22 00:00:00+00:00,1077444735.2152646
2026-03-23 00:00:00+00:00,1064142948.360755
2026-03-24 00:00:00+00:00,831361678.4068401
2026-03-25 00:00:00+00:00,1017586694.3699718
2026-03-26 00:00:00+00:00,1097397415.4970288
2026-03-27 00:00:00+00:00,1010935800.9427172
2026-03-28 00:00:00+00:00,1157255456.3423212
2026-03-29 00:00:00+00:00,957728653.5246795
2026-03-30 00:00:00+00:00,904521506.1066417
2026-03-31 00:00:00+00:00,904521506.1066417
2026-04-01 00:00:00+00:00,1077444735.2152646
2026-04-02 00:00:00+00:00,964379546.9519341
2026-04-03 00:00:00+00:00,898750099.8899364
2026-04-04 00:00:00+00:00,828969681.6295495
2026-04-05 00:00:00+00:00,1098384828.1591525
2026-04-06 00:00:00+00:00,884234327.0715194
2026-04-07 00:00:00+00:00,953315133.8739818
2026-04-08 00:00:00+00:00,1022395940.676444
2026-04-09 00:00:00+00:00,994763617.9554594
2026-04-10 00:00:00+00:00,863510085.0307804
2026-04-11 00:00:00+00:00,849693923.6702881
2026-04-12 00:00:00+00:00,1070752505.4381678
2026-04-13 00:00:00+00:00,1022395940.676444
2026-04-14 00:00:00+00:00,1132925231.560384
2026-04-15 00:00:00+00:00,863510085.0307804
2026-04-16 00:00:00+00:00,1050028263.3974293
2026-04-17 00:00:00+00:00,968172577.6598405
2026-04-18 00:00:00+00:00,1031290054.5634866
2026-04-19 00:00:00+00:00,1064992343.9283061
2026-04-20 00:00:00+00:00,876259523.4853154
2026-04-21 00:00:00+00:00,909961812.8501353
2026-04-22 00:00:00+00:00,882999981.3582796
2026-04-23 00:00:00+00:00,815595402.6286399
2026-04-24 00:00:00+00:00,1004328223.0716305
2026-04-25 00:00:00+00:00,943664102.2149547
2026-04-26 00:00:00+00:00,1004328223.0716305
2026-04-27 00:00:00+00:00,930183186.4690272
2026-04-28 00:00:00+00:00,936923644.3419911
2026-04-29 00:00:00+00:00,856038149.8664234
2026-04-30 00:00:00+00:00,943664102.2149547
2026-05-01 00:00:00+00:00,1064992343.9283061
2026-05-02 00:00:00+00:00,897607937.210035
2026-05-03 00:00:00+00:00,1000953347.145923
2026-05-04 00:00:00+00:00,981197688.9785694
2026-05-05 00:00:00+00:00,987782908.3676875
2026-05-06 00:00:00+00:00,928515933.8656261
2026-05-07 00:00:00+00:00,935101153.2547442
2026-05-08 00:00:00+00:00,968027250.2003335
2026-05-09 00:00:00+00:00,1126072515.5391636
2026-05-10 00:00:00+00:00,987782908.3676875
2026-05-11 00:00:00+00:00,1086561199.204456
2026-05-12 00:00:00+00:00,882419398.1418005
2026-05-13 00:00:00+00:00,915345495.0873903
2026-05-14 00:00:00+00:00,994368127.7568054
2026-05-15 00:00:00+00:00,963695673.6867331
2026-05-16 00:00:00+00:00,1025406923.151223
2026-05-17 00:00:00+00:00,950708405.5706699
2026-05-18 00:00:00+00:00,950708405.5706699
2026-05-19 00:00:00+00:00,964289954.2216796
2026-05-20 00:00:00+00:00,1032197697.4767272
2026-05-21 00:00:00+00:00,862428339.3391081
2026-05-22 00:00:00+00:00,1059360794.7787467
2026-05-23 00:00:00+00:00,1113686989.3827848
2026-05-24 00:00:00+00:00,889591436.6411269
2026-05-25 00:00:00+00:00,1120477763.7082896
2026-05-26 00:00:00+00:00,943917631.2451651
2026-05-27 00:00:00+00:00,950708405.5706699
2026-05-28 00:00:00+00:00,1100105440.7317753
2026-05-29 00:00:00+00:00,959580184.8628848
2026-05-30 00:00:00+00:00,980866173.425555
2026-05-31 00:00:00+00:00,994681189.9526752
2026-06-01 00:00:00+00:00,932513615.5806334
2026-06-02 00:00:00+00:00,759825908.9916271
2026-06-03 00:00:00+00:00,746010892.4645066
2026-06-04 00:00:00+00:00,980866173.425555
2026-06-05 00:00:00+00:00,932513615.5806334
2026-06-06 00:00:00+00:00,842716008.1543498
2026-06-07 00:00:00+00:00,808178466.8365489
2026-06-08 00:00:00+00:00,877253549.4721516
2026-06-09 00:00:00+00:00,856531024.6814705
2026-06-10 00:00:00+00:00,870346041.2085911
2026-06-11 00:00:00+00:00,932513615.5806334
2026-06-12 00:00:00+00:00,1015403714.743356
2026-06-13 00:00:00+00:00,856531024.6814705
2026-06-14 00:00:00+00:00,908119306.0165769
2026-06-15 00:00:00+00:00,931566968.2181835
2026-06-16 00:00:00+00:00,1006092325.6756383
2026-06-17 00:00:00+00:00,819778932.0320016
2026-06-18 00:00:00+00:00,1024723665.040002
2026-06-19 00:00:00+00:00,937777414.6729716
2026-06-20 00:00:00+00:00,962619200.4921229
2026-06-21 00:00:00+00:00,832199824.9415773
2026-06-22 00:00:00+00:00,968829646.9469111
2026-06-23 00:00:00+00:00,1074407236.6783051
2026-06-24 00:00:00+00:00,962619200.4921229
2026-06-25 00:00:00+00:00,1055775897.3139414
2026-06-26 00:00:00+00:00,962619200.4921229
2026-06-27 00:00:00+00:00,1111771053.6412394
2026-06-28 00:00:00+00:00,858457140.405019
2026-06-29 00:00:00+00:00,831838314.3459485
2026-06-30 00:00:00+00:00,991551270.7003708
2026-07-01 00:00:00+00:00,951623031.6117651
2026-07-02 00:00:00+00:00,871766553.4345543
2026-07-03 00:00:00+00:00,1004860683.7299057
2026-07-04 00:00:00+00:00,1024824803.2742088
2026-07-05 00:00:00+00:00,851802433.8902514
2026-07-06 00:00:00+00:00,771945955.7130404
2026-07-07 00:00:00+00:00,925004205.552695
2026-07-08 00:00:00+00:00,891730672.9788568
2026-07-09 00:00:00+00:00,831838314.3459485
2026-07-10 00:00:00+00:00,865111846.9197867
2026-07-11 00:00:00+00:00,914680379.41803
2026-07-12 00:00:00+00:00,910321900.5977656
2026-07-13 00:00:00+00:00,929286940.1935524
2026-07-14 00:00:00+00:00,979860379.1156503
2026-07-15 00:00:00+00:00,878713501.2714542
2026-07-16 00:00:00+00:00,764923263.6967337
2026-07-17 00:00:00+00:00,802853342.8883076
2026-07-18 00:00:00+00:00,1049398857.6335355
2026-07-19 00:00:00+00:00,1043077177.7682731
2026-07-20 00:00:00+00:00,922965260.3282901
2026-07-21 00:00:00+00:00,872391821.4061922
2026-07-22 00:00:00+00:00,726993184.5051601
2026-07-23 00:00:00+00:00,834461742.2146184
2026-07-24 00:00:00+00:00,973538699.2503883
2026-07-25 00:00:00+00:00,872298466.1852326
2026-07-26 00:00:00+00:00,916150329.1982554
2026-07-27 00:00:00+00:00,865950311.159995
2026-07-28 00:00:00+00:00,796925286.3573867
2026-07-29 00:00:00+00:00,897325322.4339077
2026-07-30 00:00:00+00:00,960075344.9817333
2026-07-31 00:00:00+00:00,985175354.0008637
2026-08-01 00:00:00+00:00,1029100369.7843416
2026-08-02 00:00:00+00:00,903600324.6886903
2026-08-03 00:00:00+00:00,941250338.2173856
2026-08-04 00:00:00+00:00,884775317.9243425
2026-08-05 00:00:00+00:00,891050320.1791251
2026-08-06 00:00:00+00:00,803200288.612169
2026-08-07 00:00:00+00:00,991450356.2556461
2026-08-08 00:00:00+00:00,898566437.3158499
2026-08-09 00:00:00+00:00,906199293.8397912
2026-08-10 00:00:00+00:00,880851061.8442723
2026-08-11 00:00:00+00:00,817480481.8554755
2026-08-12 00:00:00+00:00,893525177.8420315
2026-08-13 00:00:00+00:00,925210467.8364298
2026-08-14 00:00:00+00:00,944221641.8330688
2026-08-15 00:00:00+00:00,918873409.83755
2026-08-16 00:00:00+00:00,1020266337.8196247
2026-08-24 00:00:00+00:00,888054324.8996867
2026-08-25 00:00:00+00:00,888054324.8996867
2026-08-26 00:00:00+00:00,950593361.8644534
2026-08-27 00:00:00+00:00,913069939.6855934
2026-08-28 00:00:00+00:00,825515287.9349201
2026-08-29 00:00:00+00:00,913069939.6855934
2026-08-30 00:00:00+00:00,1019386302.5256965
2026-08-31 00:00:00+00:00,950593361.8644534
2026-09-01 00:00:00+00:00,888054324.8996867
2026-09-02 00:00:00+00:00,856784806.4173034
2026-09-03 00:00:00+00:00,1000624591.4362668
2026-09-04 00:00:00+00:00,894308228.5961634
2026-09-05 00:00:00+00:00,927538773.2739177
2026-09-06 00:00:00+00:00,1045376165.0118244
2026-09-07 00:00:00+00:00,880650223.8584459
2026-09-08 00:00:00+00:00,842636545.130743
2026-09-09 00:00:00+00:00,1020033712.5266892
2026-09-10 00:00:00+00:00,848972158.2520267
2026-09-11 00:00:00+00:00,1020033712.5266892
2026-09-12 00:00:00+00:00,994691260.0415542
2026-09-13 00:00:00+00:00,956677581.3138515
2026-09-14 00:00:00+00:00,950341968.1925676
2026-09-15 00:00:00+00:00,1032704938.7692567
2026-09-16 00:00:00+00:00,861643384.4945945
2026-09-17 00:00:00+00:00,905992676.3435813
2026-09-18 00:00:00+00:00,963013194.4351349
2026-09-19 00:00:00+00:00,825725010.0135053
2026-09-20 00:00:00+00:00,1016306047.1278474
2026-09-21 00:00:00+00:00,983309097.5457743
2026-09-22 00:00:00+00:00,917315198.3816285
2026-09-23 00:00:00+00:00,851321299.2174826
2026-09-24 00:00:00+00:00,923914588.2980429
2026-09-25 00:00:00+00:00,884318248.7995554
2026-09-26 00:00:00+00:00,1016306047.1278474
