time,miners-revenue
2023-07-31 00:00:00+00:00,27510234.359162603
2023-08-01 00:00:00+00:00,26122899.546493188
2023-08-02 00:00:00+00:00,29363951.078214865
2023-08-03 00:00:00+00:00,28247538.053915504
2023-08-04 00:00:00+00:00,23104041.166844852
2023-08-05 00:00:00+00:00,28591503.046726555
2023-08-06 00:00:00+00:00,30288540.36209772
2023-08-07 00:00:00+00:00,27209670.747621182
2023-08-08 00:00:00+00:00,23875114.96975787
2023-08-09 00:00:00+00:00,30918658.40601437
2023-08-10 00:00:00+00:00,24172398.41337492
2023-08-11 00:00:00+00:00,28454990.93611478
2023-08-12 00:00:00+00:00,31294824.65651836
2023-08-13 00:00:00+00:00,25585662.894784916
2023-08-14 00:00:00+00:00,32337872.752744462
2023-08-15 00:00:00+00:00,31915144.915740907
2023-08-16 00:00:00+00:00,30586968.731064703
2023-08-17 00:00:00+00:00,28424682.20544334
2023-08-18 00:00:00+00:00,23433019.422335666
2023-08-19 00:00:00+00:00,23221911.614093296
2023-08-20 00:00:00+00:00,27190186.429498125
2023-08-21 00:00:00+00:00,27340334.701749604
2023-08-22 00:00:00+00:00,24046155.91841951
2023-08-23 00:00:00+00:00,23718914.63540224
2023-08-24 00:00:00+00:00,23333266.492939506
2023-08-25 00:00:00+00:00,22467915.225991674
2023-08-26 00:00:00+00:00,23075478.398958765
2023-08-27 00:00:00+00:00,19271798.243833873
2023-08-28 00:00:00+00:00,19666378.699688364
2023-08-29 00:00:00+00:00,26890150.788067795
2023-08-30 00:00:00+00:00,22094413.287385218
2023-08-31 00:00:00+00:00,24961857.55441304
2023-09-01 00:00:00+00:00,25120794.91081459
2023-09-02 00:00:00+00:00,25144099.92728905
2023-09-03 00:00:00+00:00,26107291.39871566
2023-09-04 00:00:00+00:00,25039640.94070276
2023-09-05 00:00:00+00:00,21245406.274935115
2023-09-06 00:00:00+00:00,22504229.026187494
2023-09-07 00:00:00+00:00,24404908.237159327
2023-09-08 00:00:00+00:00,22598608.962329462
2023-09-09 00:00:00+00:00,25270696.568339124
2023-09-10 00:00:00+00:00,24948509.55641232
2023-09-11 00:00:00+00:00,26180834.564799786
2023-09-12 00:00:00+00:00,23588981.36153588
2023-09-13 00:00:00+00:00,24786596.15628565
2023-09-14 00:00:00+00:00,27600711.13450581
2023-09-15 00:00:00+00:00,32037508.81394793
2023-09-16 00:00:00+00:00,26464639.493225966
2023-09-17 00:00:00+00:00,25479813.23061756
2023-09-18 00:00:00+00:00,27760078.561090413
2023-09-19 00:00:00+00:00,25100244.17051251
2023-09-20 00:00:00+00:00,26065716.14019558
2023-09-21 00:00:00+00:00,24381114.451694295
2023-09-22 00:00:00+00:00,22706065.06682296
2023-09-23 00:00:00+00:00,27666483.922672935
2023-09-24 00:00:00+00:00,25269067.88255642
2023-09-25 00:00:00+00:00,24661550.73070846
2023-09-26 00:00:00+00:00,23061586.50874123
2023-09-27 00:00:00+00:00,26698372.824476056
2023-09-28 00:00:00+00:00,25747626.191917732
2023-09-29 00:00:00+00:00,25946534.412971754
2023-09-30 00:00:00+00:00,23854988.05610223
2023-10-01 00:00:00+00:00,24442856.9810465
2023-10-02 00:00:00+00:00,28329529.39362417
2023-10-03 00:00:00+00:00,28995037.486792862
2023-10-04 00:00:00+00:00,23240602.983478393
2023-10-05 00:00:00+00:00,25110031.20892198
2023-10-06 00:00:00+00:00,28870637.172927104
2023-10-07 00:00:00+00:00,31014954.909119453
2023-10-08 00:00:00+00:00,27314613.070051916
2023-10-09 00:00:00+00:00,27541014.339650355
2023-10-10 00:00:00+00:00,28707330.94272675
2023-10-11 00:00:00+00:00,27666095.64227482
2023-10-12 00:00:00+00:00,28303571.441823736
2023-10-13 00:00:00+00:00,24087147.492945295
2023-10-14 00:00:00+00:00,25258288.02604316
2023-10-15 00:00:00+00:00,28431414.424704663
2023-10-16 00:00:00+00:00,25518086.84010881
2023-10-17 00:00:00+00:00,30742974.361832604
2023-10-18 00:00:00+00:00,26281695.00654422
2023-10-19 00:00:00+00:00,25797505.892024655
2023-10-20 00:00:00+00:00,26023036.304821745
2023-10-21 00:00:00+00:00,28815660.222291574
2023-10-22 00:00:00+00:00,28981484.98366903
2023-10-23 00:00:00+00:00,30814659.955034763
2023-10-24 00:00:00+00:00,28536795.17404676
2023-10-25 00:00:00+00:00,32725349.07621698
2023-10-26 00:00:00+00:00,33251001.232997146
2023-10-27 00:00:00+00:00,34005980.050704196
2023-10-28 00:00:00+00:00,34772370.76564866
2023-10-29 00:00:00+00:00,30266520.889385495
2023-10-30 00:00:00+00:00,35089903.5789379
2023-10-31 00:00:00+00:00,33982514.00176837
2023-11-01 00:00:00+00:00,32922837.157770928
2023-11-02 00:00:00+00:00,33351243.132835437
2023-11-03 00:00:00+00:00,30526523.557337712
2023-11-04 00:00:00+00:00,40679663.2595844
2023-11-05 00:00:00+00:00,38240754.28128319
2023-11-06 00:00:00+00:00,30426194.06464776
2023-11-07 00:00:00+00:00,32192116.297135763
2023-11-08 00:00:00+00:00,37138019.602830954
2023-11-09 00:00:00+00:00,42386514.038143665
2023-11-10 00:00:00+00:00,41589897.60578385
2023-11-11 00:00:00+00:00,42293293.39069208
2023-11-12 00:00:00+00:00,44174930.492356926
2023-11-13 00:00:00+00:00,31884004.88571462
2023-11-14 00:00:00+00:00,34961118.48011874
2023-11-15 00:00:00+00:00,38830543.630601875
2023-11-16 00:00:00+00:00,45968659.957687706
2023-11-17 00:00:00+00:00,43669781.8707609
2023-11-18 00:00:00+00:00,46206459.47486679
2023-11-19 00:00:00+00:00,46808749.511597805
2023-11-20 00:00:00+00:00,45344546.355345115
2023-11-21 00:00:00+00:00,41691019.301160336
2023-11-22 00:00:00+00:00,38112934.25756094
2023-11-23 00:00:00+00:00,42565103.66364608
2023-11-24 00:00:00+00:00,43175803.346235916
2023-11-25 00:00:00+00:00,41000040.53691879
2023-11-26 00:00:00+00:00,37350394.614752516
2023-11-27 00:00:00+00:00,33990153.118594855
2023-11-28 00:00:00+00:00,37326757.10887134
2023-11-29 00:00:00+00:00,34687799.69065694
2023-11-30 00:00:00+00:00,34288709.36377425
2023-12-01 00:00:00+00:00,44330443.88131468
2023-12-02 00:00:00+00:00,33852262.01674702
2023-12-03 00:00:00+00:00,46347878.82500001
2023-12-04 00:00:00+00:00,46775809.09590795
2023-12-05 00:00:00+00:00,46391610.444179684
2023-12-06 00:00:00+00:00,50935074.8445154
2023-12-07 00:00:00+00:00,38956627.59378403
2023-12-08 00:00:00+00:00,43486639.64278974
2023-12-09 00:00:00+00:00,49983455.1733174
2023-12-10 00:00:00+00:00,44686549.54716012
2023-12-11 00:00:00+00:00,47227552.40644524
2023-12-12 00:00:00+00:00,42108188.76068561
2023-12-13 00:00:00+00:00,47685314.57453177
2023-12-14 00:00:00+00:00,53487706.78018544
2023-12-15 00:00:00+00:00,61874809.91705933
2023-12-16 00:00:00+00:00,63958242.19172744
2023-12-17 00:00:00+00:00,64128658.064254284
2023-12-18 00:00:00+00:00,59706278.14765298
2023-12-19 00:00:00+00:00,62467181.336199895
2023-12-20 00:00:00+00:00,57630882.3453147
2023-12-21 00:00:00+00:00,59081092.58587713
2023-12-22 00:00:00+00:00,60254531.70180586
2023-12-23 00:00:00+00:00,53244333.618783
2023-12-24 00:00:00+00:00,56344289.0489318
2023-12-25 00:00:00+00:00,45016232.312319785
2023-12-26 00:00:00+00:00,44429205.61532214
2023-12-27 00:00:00+00:00,46783050.714829125
2023-12-28 00:00:00+00:00,42422981.18148732
2023-12-29 00:00:00+00:00,49093691.46371118
2023-12-30 00:00:00+00:00,49356320.35824165
2023-12-31 00:00:00+00:00,56442917.34532426
2024-01-01 00:00:00+00:00,50875146.64536134
2024-01-02 00:00:00+00:00,43517765.64175245
2024-01-03 00:00:00+00:00,49942736.51560193
2024-01-04 00:00:00+00:00,51742209.323741384
2024-01-05 00:00:00+00:00,42917989.38384478
2024-01-06 00:00:00+00:00,42219253.582897715
2024-01-07 00:00:00+00:00,35888603.51598232
2024-01-08 00:00:00+00:00,40680377.09676569
2024-01-09 00:00:00+00:00,49538486.491604716
2024-01-10 00:00:00+00:00,41930208.961562425
2024-01-11 00:00:00+00:00,55090803.641925655
2024-01-12 00:00:00+00:00,53989678.34155952
2024-01-13 00:00:00+00:00,48673245.39783318
2024-01-14 00:00:00+00:00,43605321.901035935
2024-01-15 00:00:00+00:00,35351902.51078625
2024-01-16 00:00:00+00:00,38834220.32375118
2024-01-17 00:00:00+00:00,36774948.19774859
2024-01-18 00:00:00+00:00,42582217.75309462
2024-01-19 00:00:00+00:00,38173782.20108948
2024-01-20 00:00:00+00:00,40838677.04548536
2024-01-21 00:00:00+00:00,40129996.80070496
2024-01-22 00:00:00+00:00,44483822.24441322
2024-01-23 00:00:00+00:00,41501393.373973474
2024-01-24 00:00:00+00:00,39896278.22309834
2024-01-25 00:00:00+00:00,48344552.33062511
2024-01-26 00:00:00+00:00,41750111.50718081
2024-01-27 00:00:00+00:00,47675471.29990798
2024-01-28 00:00:00+00:00,45107620.53080758
2024-01-29 00:00:00+00:00,43764851.71744079
2024-01-30 00:00:00+00:00,41887695.838599674
2024-01-31 00:00:00+00:00,37948047.32824909
2024-02-01 00:00:00+00:00,43048043.6250182
2024-02-02 00:00:00+00:00,53422971.55081713
2024-02-03 00:00:00+00:00,48887964.89018517
2024-02-04 00:00:00+00:00,45783886.783488914
2024-02-05 00:00:00+00:00,45076244.44078093
2024-02-06 00:00:00+00:00,47917909.033910885
2024-02-07 00:00:00+00:00,47540598.549763575
2024-02-08 00:00:00+00:00,42786545.164145045
2024-02-09 00:00:00+00:00,51030599.762858436
2024-02-10 00:00:00+00:00,46943037.64336504
2024-02-11 00:00:00+00:00,48789312.40784685
2024-02-12 00:00:00+00:00,57764470.8403383
2024-02-13 00:00:00+00:00,44242861.69005214
2024-02-14 00:00:00+00:00,47673442.25853746
2024-02-15 00:00:00+00:00,53715187.405378364
2024-02-16 00:00:00+00:00,47283903.32749274
2024-02-17 00:00:00+00:00,49886963.26454996
2024-02-18 00:00:00+00:00,41074931.24964146
2024-02-19 00:00:00+00:00,45808218.64349052
2024-02-20 00:00:00+00:00,47322899.81340297
2024-02-21 00:00:00+00:00,46674931.29171306
2024-02-22 00:00:00+00:00,45627275.608025245
2024-02-23 00:00:00+00:00,53016307.2479841
2024-02-24 00:00:00+00:00,45831218.69224145
2024-02-25 00:00:00+00:00,54200240.79129108
2024-02-26 00:00:00+00:00,46477960.251152866
2024-02-27 00:00:00+00:00,48126498.31303941
2024-02-28 00:00:00+00:00,59287809.13205337
2024-02-29 00:00:00+00:00,56281732.801982574
2024-03-01 00:00:00+00:00,63104927.27289995
2024-03-02 00:00:00+00:00,51776059.72787791
2024-03-03 00:00:00+00:00,63058947.8407899
2024-03-04 00:00:00+00:00,58085233.07854189
2024-03-05 00:00:00+00:00,75940656.31789975
2024-03-06 00:00:00+00:00,61907827.1921857
2024-03-07 00:00:00+00:00,78496285.61822377
2024-03-08 00:00:00+00:00,68298914.49705783
2024-03-09 00:00:00+00:00,74825227.26763998
2024-03-10 00:00:00+00:00,64382576.39751776
2024-03-11 00:00:00+00:00,78889620.04037066
2024-03-12 00:00:00+00:00,65796920.769616775
2024-03-13 00:00:00+00:00,75123785.8016119
2024-03-14 00:00:00+00:00,65996346.708157614
2024-03-15 00:00:00+00:00,57055498.61769609
2024-03-16 00:00:00+00:00,64039828.152366556
2024-03-17 00:00:00+00:00,63714127.09892728
2024-03-18 00:00:00+00:00,64782009.90499135
2024-03-19 00:00:00+00:00,66335356.25590292
2024-03-20 00:00:00+00:00,61496810.484660126
2024-03-21 00:00:00+00:00,52650436.9853116
2024-03-22 00:00:00+00:00,57763066.570042595
2024-03-23 00:00:00+00:00,67132158.05324538
2024-03-24 00:00:00+00:00,70611540.39952184
2024-03-25 00:00:00+00:00,59244349.82163497
2024-03-26 00:00:00+00:00,61065374.79673613
2024-03-27 00:00:00+00:00,61355577.38783222
2024-03-28 00:00:00+00:00,69026805.74765356
2024-03-29 00:00:00+00:00,65030139.07199751
2024-03-30 00:00:00+00:00,69911455.80526887
2024-03-31 00:00:00+00:00,63236811.094294675
2024-04-01 00:00:00+00:00,67281578.10449564
2024-04-02 00:00:00+00:00,63780735.35077506
2024-04-03 00:00:00+00:00,60472741.77505365
2024-04-04 00:00:00+00:00,60862190.09987233
2024-04-05 00:00:00+00:00,63802894.67461135
2024-04-06 00:00:00+00:00,67120728.4404542
2024-04-07 00:00:00+00:00,75192006.26475267
2024-04-08 00:00:00+00:00,72584586.6894471
2024-04-09 00:00:00+00:00,67373619.40642908
2024-04-10 00:00:00+00:00,71054532.68350925
2024-04-11 00:00:00+00:00,65559919.89630068
2024-04-12 00:00:00+00:00,70825577.10394244
2024-04-13 00:00:00+00:00,76211932.38547996
2024-04-14 00:00:00+00:00,67955125.97572012
2024-04-15 00:00:00+00:00,70442667.80740799
2024-04-16 00:00:00+00:00,71877767.00329177
2024-04-17 00:00:00+00:00,61150117.08218653
2024-04-18 00:00:00+00:00,65075293.924565785
2024-04-19 00:00:00+00:00,71037817.02949977
2024-04-20 00:00:00+00:00,107755899.72006707
2024-04-21 00:00:00+00:00,50811252.45242319
2024-04-22 00:00:00+00:00,48173660.1556612
2024-04-23 00:00:00+00:00,65639395.803807706
2024-04-24 00:00:00+00:00,48915600.66247102
2024-04-25 00:00:00+00:00,36409098.09254012
2024-04-26 00:00:00+00:00,32499040.936198883
2024-04-27 00:00:00+00:00,31619688.840946402
2024-04-28 00:00:00+00:00,31312027.141232885
2024-04-29 00:00:00+00:00,29423593.585137557
2024-04-30 00:00:00+00:00,30170492.23089294
2024-05-01 00:00:00+00:00,26377886.0344961
2024-05-02 00:00:00+00:00,28934123.907706067
2024-05-03 00:00:00+00:00,26547169.042081006
2024-05-04 00:00:00+00:00,30920333.825437855
2024-05-05 00:00:00+00:00,35681540.38259586
2024-05-06 00:00:00+00:00,27451699.523492247
2024-05-07 00:00:00+00:00,26542339.523751885
2024-05-08 00:00:00+00:00,26652066.044506725
2024-05-09 00:00:00+00:00,29938747.98728028
2024-05-10 00:00:00+00:00,30606208.36564269
2024-05-11 00:00:00+00:00,32554247.885671068
2024-05-12 00:00:00+00:00,27399423.294996757
2024-05-13 00:00:00+00:00,30355615.83455146
2024-05-14 00:00:00+00:00,27735381.41456481
2024-05-15 00:00:00+00:00,29511955.524139453
2024-05-16 00:00:00+00:00,30728214.692413032
2024-05-17 00:00:00+00:00,35324406.77125815
2024-05-18 00:00:00+00:00,28438160.460786633
2024-05-19 00:00:00+00:00,34160984.651538335
2024-05-20 00:00:00+00:00,34153349.86327814
2024-05-21 00:00:00+00:00,32892686.805258278
2024-05-22 00:00:00+00:00,38917719.969275184
2024-05-23 00:00:00+00:00,39242392.129105315
2024-05-24 00:00:00+00:00,36019989.098269254
2024-05-25 00:00:00+00:00,35951527.47094528
2024-05-26 00:00:00+00:00,38481434.68217408
2024-05-27 00:00:00+00:00,28585797.2530652
2024-05-28 00:00:00+00:00,29815772.688825298
2024-05-29 00:00:00+00:00,32226288.58526037
2024-05-30 00:00:00+00:00,28767073.21231229
2024-05-31 00:00:00+00:00,36161250.32432566
2024-06-01 00:00:00+00:00,32832191.95954163
2024-06-02 00:00:00+00:00,32078183.185947884
2024-06-03 00:00:00+00:00,36823366.331727035
2024-06-04 00:00:00+00:00,32048553.89609153
2024-06-05 00:00:00+00:00,31319807.03715118
2024-06-06 00:00:00+00:00,34202196.12308967
2024-06-07 00:00:00+00:00,53491882.961922884
2024-06-08 00:00:00+00:00,48119315.7163209
2024-06-09 00:00:00+00:00,38340669.02081185
2024-06-10 00:00:00+00:00,34813178.82369563
2024-06-11 00:00:00+00:00,28949556.468733203
2024-06-12 00:00:00+00:00,34256016.743545815
2024-06-13 00:00:00+00:00,34852983.52192254
2024-06-14 00:00:00+00:00,30591674.79776996
2024-06-15 00:00:00+00:00,31162127.595971256
2024-06-16 00:00:00+00:00,36292992.32953328
2024-06-17 00:00:00+00:00,31186107.538808763
2024-06-18 00:00:00+00:00,33485505.869520124
2024-06-19 00:00:00+00:00,30061986.735367663
2024-06-20 00:00:00+00:00,30201406.01449225
2024-06-21 00:00:00+00:00,29925254.56328548
2024-06-22 00:00:00+00:00,32753923.28446876
2024-06-23 00:00:00+00:00,23464996.032867584
2024-06-24 00:00:00+00:00,31298137.189054944
2024-06-25 00:00:00+00:00,25133580.118261546
2024-06-26 00:00:00+00:00,24985793.043253995
2024-06-27 00:00:00+00:00,26857887.760584537
2024-06-28 00:00:00+00:00,27387262.889348183
2024-06-29 00:00:00+00:00,30942499.76544558
2024-06-30 00:00:00+00:00,24120051.873250388
2024-07-01 00:00:00+00:00,29429485.801967986
2024-07-02 00:00:00+00:00,30046122.863910675
2024-07-03 00:00:00+00:00,29705029.940610602
2024-07-04 00:00:00+00:00,26605753.728588175
2024-07-05 00:00:00+00:00,22301675.55097078
2024-07-06 00:00:00+00:00,31130289.064456522
2024-07-07 00:00:00+00:00,26070247.73877693
2024-07-08 00:00:00+00:00,28821766.3890455
2024-07-09 00:00:00+00:00,28449925.860777948
2024-07-10 00:00:00+00:00,25685789.998779457
2024-07-11 00:00:00+00:00,26146374.020168208
2024-07-12 00:00:00+00:00,28054420.058989383
2024-07-13 00:00:00+00:00,30099376.59774986
2024-07-14 00:00:00+00:00,32595709.496098205
2024-07-15 00:00:00+00:00,30910692.54422916
2024-07-16 00:00:00+00:00,30723152.21640699
2024-07-17 00:00:00+00:00,33282763.029105972
2024-07-18 00:00:00+00:00,26595779.884649936
2024-07-19 00:00:00+00:00,31188257.506723937
2024-07-20 00:00:00+00:00,35576298.58516339
2024-07-21 00:00:00+00:00,36593236.63656708
2024-07-22 00:00:00+00:00,40503193.649326466
2024-07-23 00:00:00+00:00,36418067.23043895
2024-07-24 00:00:00+00:00,30030873.28241354
2024-07-25 00:00:00+00:00,33681498.18421587
2024-07-26 00:00:00+00:00,34769098.691780806
2024-07-27 00:00:00+00:00,33621812.77255944
2024-07-28 00:00:00+00:00,32416704.844024707
2024-07-29 00:00:00+00:00,40280474.14703804
2024-07-30 00:00:00+00:00,31830629.065246847
2024-07-31 00:00:00+00:00,29878304.716119498
2024-08-01 00:00:00+00:00,29941720.637247816
2024-08-02 00:00:00+00:00,25639623.020384252
2024-08-03 00:00:00+00:00,26794833.618947934
2024-08-04 00:00:00+00:00,27703218.71189708
2024-08-05 00:00:00+00:00,26644591.438730378
2024-08-06 00:00:00+00:00,24947450.301382836
2024-08-07 00:00:00+00:00,24061710.957340345
2024-08-08 00:00:00+00:00,24746427.922946204
2024-08-09 00:00:00+00:00,25226758.914557975
2024-08-10 00:00:00+00:00,24917672.54543788
2024-08-11 00:00:00+00:00,31274508.810764223
2024-08-12 00:00:00+00:00,25788167.68871333
2024-08-13 00:00:00+00:00,28725350.5092765
2024-08-14 00:00:00+00:00,25374791.768216494
2024-08-15 00:00:00+00:00,30178079.4854486
2024-08-16 00:00:00+00:00,26519144.89827162
2024-08-17 00:00:00+00:00,28078460.501293756
2024-08-18 00:00:00+00:00,29963139.508225396
2024-08-19 00:00:00+00:00,24384186.539100166
2024-08-20 00:00:00+00:00,28878023.561539512
2024-08-21 00:00:00+00:00,28080429.310788065
2024-08-22 00:00:00+00:00,36484622.08943517
2024-08-23 00:00:00+00:00,32232355.760426287
2024-08-24 00:00:00+00:00,31977631.277370874
2024-08-25 00:00:00+00:00,27138221.863811824
2024-08-26 00:00:00+00:00,27674781.48507304
2024-08-27 00:00:00+00:00,28461613.063088853
2024-08-28 00:00:00+00:00,30760746.125384457
2024-08-29 00:00:00+00:00,25532872.340284314
2024-08-30 00:00:00+00:00,26777389.05608681
2024-08-31 00:00:00+00:00,27970511.075326372
2024-09-01 00:00:00+00:00,26315865.6573048
2024-09-02 00:00:00+00:00,31261759.40518042
2024-09-03 00:00:00+00:00,27866937.66663015
2024-09-04 00:00:00+00:00,27898460.763741877
2024-09-05 00:00:00+00:00,28611563.22602556
2024-09-06 00:00:00+00:00,25917996.827483136
2024-09-07 00:00:00+00:00,27552792.156600785
2024-09-08 00:00:00+00:00,29124604.180054624
2024-09-09 00:00:00+00:00,26363933.229368545
2024-09-10 00:00:00+00:00,25238263.505764067
2024-09-11 00:00:00+00:00,19599003.467874914
2024-09-12 00:00:00+00:00,28445745.72975443
2024-09-13 00:00:00+00:00,23035281.81937533
2024-09-14 00:00:00+00:00,26924773.978994336
2024-09-15 00:00:00+00:00,28778640.08225594
2024-09-16 00:00:00+00:00,23610937.617898855
2024-09-17 00:00:00+00:00,29847118.119728208
2024-09-18 00:00:00+00:00,26402877.29540046
2024-09-19 00:00:00+00:00,24968850.56564683
2024-09-20 00:00:00+00:00,29297347.49947946
2024-09-21 00:00:00+00:00,27029898.398331784
2024-09-22 00:00:00+00:00,27131378.855479404
2024-09-23 00:00:00+00:00,29543659.11037773
2024-09-24 00:00:00+00:00,31290121.05365632
2024-09-25 00:00:00+00:00,29194578.328504972
2024-09-26 00:00:00+00:00,27504637.734074116
2024-09-27 00:00:00+00:00,29299201.002719067
2024-09-28 00:00:00+00:00,27651721.876248162
2024-09-29 00:00:00+00:00,32394943.423457727
2024-09-30 00:00:00+00:00,27958492.500597544
2024-10-01 00:00:00+00:00,31840978.55680005
2024-10-02 00:00:00+00:00,31329411.523052048
2024-10-03 00:00:00+00:00,30552648.02459745
2024-10-04 00:00:00+00:00,34187225.99461169
2024-10-05 00:00:00+00:00,30081843.746234596
2024-10-06 00:00:00+00:00,30594592.733785067
2024-10-07 00:00:00+00:00,32782462.893268794
2024-10-08 00:00:00+00:00,33702482.37648855
2024-10-09 00:00:00+00:00,25530107.240756985
2024-10-10 00:00:00+00:00,30822864.724527977
2024-10-11 00:00:00+00:00,29763151.703211993
2024-10-12 00:00:00+00:00,30990848.915371027
2024-10-13 00:00:00+00:00,28664910.99483269
2024-10-14 00:00:00+00:00,29906256.018050965
2024-10-15 00:00:00+00:00,33971085.75065951
2024-10-16 00:00:00+00:00,33194077.141254988
2024-10-17 00:00:00+00:00,38062121.87630825
2024-10-18 00:00:00+00:00,30684181.20402789
2024-10-19 00:00:00+00:00,38837709.34458331
2024-10-20 00:00:00+00:00,38382016.457399584
2024-10-21 00:00:00+00:00,37717977.99061954
2024-10-22 00:00:00+00:00,30775801.63184207
2024-10-23 00:00:00+00:00,33044108.439061753
2024-10-24 00:00:00+00:00,34240642.70925134
2024-10-25 00:00:00+00:00,34823376.2580687
2024-10-26 00:00:00+00:00,31704049.381140314
2024-10-27 00:00:00+00:00,36204165.491280206
2024-10-28 00:00:00+00:00,36537186.23732615
2024-10-29 00:00:00+00:00,36386425.459195286
2024-10-30 00:00:00+00:00,38851883.66008345
2024-10-31 00:00:00+00:00,40964324.2741171
2024-11-01 00:00:00+00:00,33910747.10887455
2024-11-02 00:00:00+00:00,32026078.597759437
2024-11-03 00:00:00+00:00,29094437.76393023
2024-11-04 00:00:00+00:00,32758541.06532931
2024-11-05 00:00:00+00:00,30868848.264778823
2024-11-06 00:00:00+00:00,36479752.335798346
2024-11-07 00:00:00+00:00,37249666.19414604
2024-11-08 00:00:00+00:00,34871500.82626299
2024-11-09 00:00:00+00:00,34682488.73240887
2024-11-10 00:00:00+00:00,38393587.929907665
2024-11-11 00:00:00+00:00,36644575.45286638
2024-11-12 00:00:00+00:00,43018236.75243755
2024-11-13 00:00:00+00:00,40470156.6648386
2024-11-14 00:00:00+00:00,37903153.606656246
2024-11-15 00:00:00+00:00,46031461.68156306
2024-11-16 00:00:00+00:00,46321229.22102725
2024-11-17 00:00:00+00:00,43237003.20203371
2024-11-18 00:00:00+00:00,45939880.53391854
2024-11-19 00:00:00+00:00,53066002.6667557
2024-11-20 00:00:00+00:00,44849182.089420706
2024-11-21 00:00:00+00:00,45832910.82179196
2024-11-22 00:00:00+00:00,45870965.214776054
2024-11-23 00:00:00+00:00,44288731.70387781
2024-11-24 00:00:00+00:00,41610724.666828625
2024-11-25 00:00:00+00:00,52818949.67019584
2024-11-26 00:00:00+00:00,42134965.081264235
2024-11-27 00:00:00+00:00,40740155.28153788
2024-11-28 00:00:00+00:00,43708706.498148665
2024-11-29 00:00:00+00:00,38539203.27962367
2024-11-30 00:00:00+00:00,51219912.1666137
2024-12-01 00:00:00+00:00,50454109.55479435
2024-12-02 00:00:00+00:00,40042377.24841241
2024-12-03 00:00:00+00:00,48404742.07075664
2024-12-04 00:00:00+00:00,46080118.04099268
2024-12-05 00:00:00+00:00,50444083.64163084
2024-12-06 00:00:00+00:00,43413843.2028743
2024-12-07 00:00:00+00:00,46815725.79079835
2024-12-08 00:00:00+00:00,47090807.27574497
2024-12-09 00:00:00+00:00,54361566.26139102
2024-12-10 00:00:00+00:00,48841001.09533548
2024-12-11 00:00:00+00:00,46348479.76256849
2024-12-12 00:00:00+00:00,48612048.372051
2024-12-13 00:00:00+00:00,54813691.99291753
2024-12-14 00:00:00+00:00,51636670.970229216
2024-12-15 00:00:00+00:00,45484688.17443159
2024-12-16 00:00:00+00:00,49902125.28962492
2024-12-17 00:00:00+00:00,46675781.88376012
2024-12-18 00:00:00+00:00,48207435.457878195
2024-12-19 00:00:00+00:00,49035041.54318009
2024-12-20 00:00:00+00:00,48792080.69288845
2024-12-21 00:00:00+00:00,46576983.07753663
2024-12-22 00:00:00+00:00,48657903.29092301
2024-12-23 00:00:00+00:00,42142590.40323516
2024-12-24 00:00:00+00:00,40475096.03004776
2024-12-25 00:00:00+00:00,48438682.85151064
2024-12-26 00:00:00+00:00,40408202.34206625
2024-12-27 00:00:00+00:00,48511207.9152624
2024-12-28 00:00:00+00:00,43529291.78230904
2024-12-29 00:00:00+00:00,47490818.545648575
2024-12-30 00:00:00+00:00,47081028.01040803
2024-12-31 00:00:00+00:00,38391995.23616546
2025-01-01 00:00:00+00:00,41677508.02058292
2025-01-02 00:00:00+00:00,50856759.022372745
2025-01-03 00:00:00+00:00,43774428.96439177
2025-01-04 00:00:00+00:00,46859345.575336605
2025-01-05 00:00:00+00:00,49028390.2707316
2025-01-06 00:00:00+00:00,42889059.58256392
2025-01-07 00:00:00+00:00,43399566.37768761
2025-01-08 00:00:00+00:00,38731743.14653424
2025-01-09 00:00:00+00:00,45131715.5046244
2025-01-10 00:00:00+00:00,43118492.83665689
2025-01-11 00:00:00+00:00,41261535.49680089
2025-01-12 00:00:00+00:00,51325373.58876659
2025-01-13 00:00:00+00:00,38030872.878672
2025-01-14 00:00:00+00:00,48024069.39001907
2025-01-15 00:00:00+00:00,43360626.4550287
2025-01-16 00:00:00+00:00,40561226.41225965
2025-01-17 00:00:00+00:00,49088495.97809198
2025-01-18 00:00:00+00:00,42811968.75008991
2025-01-19 00:00:00+00:00,49783518.321237095
2025-01-20 00:00:00+00:00,52231151.07326733
2025-01-21 00:00:00+00:00,44179305.061924905
2025-01-22 00:00:00+00:00,49976591.427646
2025-01-23 00:00:00+00:00,45141421.668283015
2025-01-24 00:00:00+00:00,46593684.6521943
2025-01-25 00:00:00+00:00,43120149.290072314
2025-01-26 00:00:00+00:00,45984551.185417086
2025-01-27 00:00:00+00:00,49678699.31219695
2025-01-28 00:00:00+00:00,48495894.35196659
2025-01-29 00:00:00+00:00,50806098.81323439
2025-01-30 00:00:00+00:00,48159480.94685502
2025-01-31 00:00:00+00:00,41215377.12005181
2025-02-01 00:00:00+00:00,59813383.882176995
2025-02-02 00:00:00+00:00,53478549.88510187
2025-02-03 00:00:00+00:00,46785079.346051134
2025-02-04 00:00:00+00:00,41194953.77868615
2025-02-05 00:00:00+00:00,44475327.26978206
2025-02-06 00:00:00+00:00,44757606.39731677
2025-02-07 00:00:00+00:00,56217352.926798366
2025-02-08 00:00:00+00:00,48611951.116211586
2025-02-09 00:00:00+00:00,43517930.313924514
2025-02-10 00:00:00+00:00,43320703.27320515
2025-02-11 00:00:00+00:00,38861640.370031185
2025-02-12 00:00:00+00:00,40527088.43881252
2025-02-13 00:00:00+00:00,48803029.99107258
2025-02-14 00:00:00+00:00,46640110.77105758
2025-02-15 00:00:00+00:00,49782602.46558018
2025-02-16 00:00:00+00:00,46930841.28289941
2025-02-17 00:00:00+00:00,41783251.277969725
2025-02-18 00:00:00+00:00,42231628.83348872
2025-02-19 00:00:00+00:00,38342134.3854138
2025-02-20 00:00:00+00:00,40189160.098628856
2025-02-21 00:00:00+00:00,40005010.99108212
2025-02-22 00:00:00+00:00,42595344.10286018
2025-02-23 00:00:00+00:00,39879359.88534411
2025-02-24 00:00:00+00:00,40054809.07939585
2025-02-25 00:00:00+00:00,42857483.777941674
2025-02-26 00:00:00+00:00,44000914.86033099
2025-02-27 00:00:00+00:00,40758550.697296485
2025-02-28 00:00:00+00:00,40709492.42352019
2025-03-01 00:00:00+00:00,38951051.77210351
2025-03-02 00:00:00+00:00,35174001.36934307
2025-03-03 00:00:00+00:00,43308113.80620068
2025-03-04 00:00:00+00:00,39178869.15203415
2025-03-05 00:00:00+00:00,38822717.06369649
2025-03-06 00:00:00+00:00,49258687.207736224
2025-03-07 00:00:00+00:00,39648582.37221587
2025-03-08 00:00:00+00:00,37395283.79197848
2025-03-09 00:00:00+00:00,42556646.31233789
2025-03-10 00:00:00+00:00,39454820.13211145
2025-03-11 00:00:00+00:00,35525727.06552882
2025-03-12 00:00:00+00:00,40530980.77892335
2025-03-13 00:00:00+00:00,42545126.21943221
2025-03-14 00:00:00+00:00,37405446.53126042
2025-03-15 00:00:00+00:00,35272290.97760472
2025-03-16 00:00:00+00:00,41508726.75968703
2025-03-17 00:00:00+00:00,37039423.93963551
2025-03-18 00:00:00+00:00,37114004.517978825
2025-03-19 00:00:00+00:00,40407764.34030447
2025-03-20 00:00:00+00:00,38405639.297976285
2025-03-21 00:00:00+00:00,38614236.487858675
2025-03-22 00:00:00+00:00,40336852.4258118
2025-03-23 00:00:00+00:00,41846260.4654538
2025-03-24 00:00:00+00:00,42587257.93296199
2025-03-25 00:00:00+00:00,42414375.954737216
2025-03-26 00:00:00+00:00,42937270.49430426
2025-03-27 00:00:00+00:00,40835198.15509742
2025-03-28 00:00:00+00:00,42144592.72836342
2025-03-29 00:00:00+00:00,37087849.85340748
2025-03-30 00:00:00+00:00,35801263.66273607
2025-03-31 00:00:00+00:00,39119908.76634413
2025-04-01 00:00:00+00:00,36330992.43618515
2025-04-02 00:00:00+00:00,47226883.76620056
2025-04-03 00:00:00+00:00,40851454.910893194
2025-04-04 00:00:00+00:00,47375745.47185206
2025-04-05 00:00:00+00:00,43634314.67975655
2025-04-06 00:00:00+00:00,37385270.598243356
2025-04-07 00:00:00+00:00,36726339.728355154
2025-04-08 00:00:00+00:00,38266546.404310316
2025-04-09 00:00:00+00:00,33000042.95873312
2025-04-10 00:00:00+00:00,37420617.70238005
2025-04-11 00:00:00+00:00,39052696.81422857
2025-04-12 00:00:00+00:00,38212138.6791121
2025-04-13 00:00:00+00:00,47355383.40737958
2025-04-14 00:00:00+00:00,39919630.5512658
2025-04-15 00:00:00+00:00,39338862.03654765
2025-04-16 00:00:00+00:00,39308538.08485719
2025-04-17 00:00:00+00:00,40902380.75468962
2025-04-18 00:00:00+00:00,36371220.00117252
2025-04-19 00:00:00+00:00,37461821.80553237
2025-04-20 00:00:00+00:00,32997150.701480925
2025-04-21 00:00:00+00:00,34869989.28334006
2025-04-22 00:00:00+00:00,43977633.27289226
2025-04-23 00:00:00+00:00,34345867.712945186
2025-04-24 00:00:00+00:00,41813843.909226455
2025-04-25 00:00:00+00:00,43579177.177242085
2025-04-26 00:00:00+00:00,39716472.20651905
2025-04-27 00:00:00+00:00,40230728.76315034
2025-04-28 00:00:00+00:00,42213546.56184839
2025-04-29 00:00:00+00:00,43904118.875818565
2025-04-30 00:00:00+00:00,39639336.21697385
2025-05-01 00:00:00+00:00,40939035.12337938
2025-05-02 00:00:00+00:00,49317846.31045347
2025-05-03 00:00:00+00:00,50395338.062251836
2025-05-04 00:00:00+00:00,43157958.3121203
2025-05-05 00:00:00+00:00,52286092.94880676
2025-05-06 00:00:00+00:00,41318522.62404085
2025-05-07 00:00:00+00:00,46395931.94800696
2025-05-08 00:00:00+00:00,50308941.74009139
2025-05-09 00:00:00+00:00,47753844.10631721
2025-05-10 00:00:00+00:00,48896451.99410062
2025-05-11 00:00:00+00:00,49492536.75833079
2025-05-12 00:00:00+00:00,50187139.68053346
2025-05-13 00:00:00+00:00,42585530.2522898
2025-05-14 00:00:00+00:00,48033095.5708874
2025-05-15 00:00:00+00:00,48115854.702472426
2025-05-16 00:00:00+00:00,46100892.54743447
2025-05-17 00:00:00+00:00,46842170.668077596
2025-05-18 00:00:00+00:00,53324564.265465595
2025-05-19 00:00:00+00:00,46633142.760079965
2025-05-20 00:00:00+00:00,50269349.19490288
2025-05-21 00:00:00+00:00,49846442.67697942
2025-05-22 00:00:00+00:00,52851545.1129847
2025-05-23 00:00:00+00:00,54588322.40563351
2025-05-24 00:00:00+00:00,48275499.67356639
2025-05-25 00:00:00+00:00,55807931.7439643
2025-05-26 00:00:00+00:00,52915104.91574241
2025-05-27 00:00:00+00:00,49485358.525541104
2025-05-28 00:00:00+00:00,56299149.74145468
2025-05-29 00:00:00+00:00,53953669.204095624
2025-05-30 00:00:00+00:00,51603272.39586039
2025-05-31 00:00:00+00:00,52781971.99353161
2025-06-01 00:00:00+00:00,43808675.73054219
2025-06-02 00:00:00+00:00,44023056.63066118
2025-06-03 00:00:00+00:00,48097470.03912732
2025-06-04 00:00:00+00:00,41910547.6862086
2025-06-05 00:00:00+00:00,44003996.223430805
2025-06-06 00:00:00+00:00,43897190.94928961
2025-06-07 00:00:00+00:00,47398989.35463319
2025-06-08 00:00:00+00:00,50908063.18071988
2025-06-09 00:00:00+00:00,47302374.792630896
2025-06-10 00:00:00+00:00,58400130.58904057
2025-06-11 00:00:00+00:00,48716612.982634395
2025-06-12 00:00:00+00:00,50245393.68482558
2025-06-13 00:00:00+00:00,48859546.300097495
2025-06-14 00:00:00+00:00,50643856.22323849
2025-06-15 00:00:00+00:00,45795101.48493961
2025-06-16 00:00:00+00:00,49380099.58294062
2025-06-17 00:00:00+00:00,39628952.11119688
2025-06-18 00:00:00+00:00,47261638.10736218
2025-06-19 00:00:00+00:00,42106155.08953161
2025-06-20 00:00:00+00:00,50034488.67835489
2025-06-21 00:00:00+00:00,46573282.15737069
2025-06-22 00:00:00+00:00,34173347.374878295
2025-06-23 00:00:00+00:00,34611323.91322129
2025-06-24 00:00:00+00:00,39244053.8123115
2025-06-25 00:00:00+00:00,48334581.60969528
2025-06-26 00:00:00+00:00,53545026.820175804
2025-06-27 00:00:00+00:00,38960959.605642885
2025-06-28 00:00:00+00:00,49716381.355829924
2025-06-29 00:00:00+00:00,57849729.577137694
2025-06-30 00:00:00+00:00,49333586.62119861
2025-07-01 00:00:00+00:00,45807660.2879142
2025-07-02 00:00:00+00:00,52803407.75673417
2025-07-03 00:00:00+00:00,52184667.003364585
2025-07-04 00:00:00+00:00,54347747.508406095
2025-07-05 00:00:00+00:00,53453223.3439726
2025-07-06 00:00:00+00:00,54687593.79042116
2025-07-07 00:00:00+00:00,52453309.478894114
2025-07-08 00:00:00+00:00,49375267.19171441
2025-07-09 00:00:00+00:00,56605834.9159897
2025-07-10 00:00:00+00:00,60482809.52680318
2025-07-11 00:00:00+00:00,55661378.165088564
2025-07-12 00:00:00+00:00,56609152.581327505
2025-07-13 00:00:00+00:00,53264048.43253949
2025-07-14 00:00:00+00:00,56958970.224478096
2025-07-15 00:00:00+00:00,62994556.22886511
2025-07-16 00:00:00+00:00,49061620.40880899
2025-07-17 00:00:00+00:00,51923875.82709622
2025-07-18 00:00:00+00:00,55577251.70091847
2025-07-19 00:00:00+00:00,55140355.74943248
2025-07-20 00:00:00+00:00,55345444.39756341
2025-07-21 00:00:00+00:00,55845562.11065112
2025-07-22 00:00:00+00:00,56703249.71929671
2025-07-23 00:00:00+00:00,52375243.840705484
2025-07-24 00:00:00+00:00,55738019.27735036
2025-07-25 00:00:00+00:00,61024159.251095384
2025-07-26 00:00:00+00:00,57613130.504926935
2025-07-27 00:00:00+00:00,52743508.35291669
2025-07-28 00:00:00+00:00,57401899.31434401
2025-07-29 00:00:00+00:00,44261671.20515351
2025-07-30 00:00:00+00:00,52500144.0726225
2025-07-31 00:00:00+00:00,57319369.463227905
2025-08-01 00:00:00+00:00,56353797.87732009
2025-08-02 00:00:00+00:00,52630766.709140696
2025-08-03 00:00:00+00:00,58460508.735578604
2025-08-04 00:00:00+00:00,63216750.855126135
2025-08-05 00:00:00+00:00,49657668.28134079
2025-08-06 00:00:00+00:00,52223364.3962656
2025-08-07 00:00:00+00:00,59669628.45612645
2025-08-08 00:00:00+00:00,50684514.53970229
2025-08-09 00:00:00+00:00,43614181.876055986
2025-08-10 00:00:00+00:00,51005043.20194832
2025-08-11 00:00:00+00:00,55915983.724809095
2025-08-12 00:00:00+00:00,53843540.11236853
2025-08-13 00:00:00+00:00,60045859.57365181
2025-08-14 00:00:00+00:00,61609577.20507048
2025-08-15 00:00:00+00:00,51476198.521993086
2025-08-16 00:00:00+00:00,56291249.48949163
2025-08-17 00:00:00+00:00,57118058.45187763
2025-08-18 00:00:00+00:00,57700190.9822444
2025-08-19 00:00:00+00:00,49935656.50295718
2025-08-20 00:00:00+00:00,51965866.520033605
2025-08-21 00:00:00+00:00,55379284.1129266
2025-08-22 00:00:00+00:00,53263914.816695295
2025-08-23 00:00:00+00:00,55282142.914973006
2025-08-24 00:00:00+00:00,61885477.45943765
2025-08-25 00:00:00+00:00,51120833.63289729
2025-08-26 00:00:00+00:00,56297907.75003928
2025-08-27 00:00:00+00:00,54198229.94353496
2025-08-28 00:00:00+00:00,57745298.994550705
2025-08-29 00:00:00+00:00,58475677.66527168
2025-08-30 00:00:00+00:00,54713066.34255501
2025-08-31 00:00:00+00:00,46665914.96970029
2025-09-01 00:00:00+00:00,58509888.881842114
2025-09-02 00:00:00+00:00,61013436.12510861
2025-09-03 00:00:00+00:00,49232179.806125626
2025-09-04 00:00:00+00:00,50416444.85079042
2025-09-05 00:00:00+00:00,54223984.82193413
2025-09-06 00:00:00+00:00,51557818.35938023
2025-09-07 00:00:00+00:00,53775093.15064921
2025-09-08 00:00:00+00:00,59163170.858251974
2025-09-09 00:00:00+00:00,59621353.915624365
2025-09-10 00:00:00+00:00,61107717.83874749
2025-09-11 00:00:00+00:00,55434703.508697584
2025-09-12 00:00:00+00:00,45996051.3087754
2025-09-13 00:00:00+00:00,56615798.65069372
2025-09-14 00:00:00+00:00,58590040.977576114
2025-09-15 00:00:00+00:00,60079253.51947369
2025-09-16 00:00:00+00:00,59237319.60654769
2025-09-17 00:00:00+00:00,58799712.10291436
2025-09-18 00:00:00+00:00,60565164.56275341
2025-09-19 00:00:00+00:00,65203654.13159877
2025-09-20 00:00:00+00:00,56549857.186625816
2025-09-21 00:00:00+00:00,59677110.55222099
2025-09-22 00:00:00+00:00,54197851.96025491
2025-09-23 00:00:00+00:00,51049596.047497146
2025-09-24 00:00:00+00:00,55101523.83746149
2025-09-25 00:00:00+00:00,50173577.36223641
2025-09-26 00:00:00+00:00,49131500.76535409
2025-09-27 00:00:00+00:00,57571424.46552212
2025-09-28 00:00:00+00:00,57694137.5158762
2025-09-29 00:00:00+00:00,52005476.55065172
2025-09-30 00:00:00+00:00,59806339.233965605
2025-10-01 00:00:00+00:00,58814143.62506912
2025-10-02 00:00:00+00:00,52703238.64085598
2025-10-03 00:00:00+00:00,45203497.90500219
2025-10-04 00:00:00+00:00,54672826.381599
2025-10-05 00:00:00+00:00,61639031.92476243
2025-10-06 00:00:00+00:00,48326772.4491213
2025-10-07 00:00:00+00:00,54530174.102237426
2025-10-08 00:00:00+00:00,58604481.531066805
2025-10-09 00:00:00+00:00,46140046.75896492
2025-10-10 00:00:00+00:00,50087834.21199739
2025-10-11 00:00:00+00:00,53304513.956858695
2025-10-12 00:00:00+00:00,52631008.27803633
2025-10-13 00:00:00+00:00,55772581.81280702
2025-10-14 00:00:00+00:00,62702029.02424291
2025-10-15 00:00:00+00:00,56483930.76401499
2025-10-16 00:00:00+00:00,53836990.62783982
2025-10-17 00:00:00+00:00,55014779.838728644
2025-10-18 00:00:00+00:00,55526576.457383774
2025-10-19 00:00:00+00:00,47138834.98135011
2025-10-20 00:00:00+00:00,57476921.76238207
2025-10-21 00:00:00+00:00,53878170.125397824
2025-10-22 00:00:00+00:00,54748141.490670696
2025-10-23 00:00:00+00:00,48853931.9317649
2025-10-24 00:00:00+00:00,67896489.5775563
2025-10-25 00:00:00+00:00,58063431.451331414
2025-10-26 00:00:00+00:00,52688113.772418
2025-10-27 00:00:00+00:00,55381422.5990335
2025-10-28 00:00:00+00:00,59559818.98605979
2025-10-29 00:00:00+00:00,46366755.927553706
2025-10-30 00:00:00+00:00,59014847.657342404
2025-10-31 00:00:00+00:00,49097139.10761869
2025-11-01 00:00:00+00:00,48497027.14215949
2025-11-02 00:00:00+00:00,57248581.06084638
2025-11-03 00:00:00+00:00,50213843.6104412
2025-11-04 00:00:00+00:00,44261372.2975437
2025-11-05 00:00:00+00:00,48614915.985910416
2025-11-06 00:00:00+00:00,47273620.26287099
2025-11-07 00:00:00+00:00,46148651.64133788
2025-11-08 00:00:00+00:00,38668844.67289409
2025-11-09 00:00:00+00:00,45526140.89176192
2025-11-10 00:00:00+00:00,48089956.88308448
2025-11-11 00:00:00+00:00,52980490.17789942
2025-11-12 00:00:00+00:00,46339949.39854222
2025-11-13 00:00:00+00:00,48630916.473970026
2025-11-14 00:00:00+00:00,46392333.27877709
2025-11-15 00:00:00+00:00,44397206.72613286
2025-11-16 00:00:00+00:00,51839181.95550078
2025-11-17 00:00:00+00:00,37623941.963384494
2025-11-18 00:00:00+00:00,39760940.62876144
2025-11-19 00:00:00+00:00,41686318.65990569
2025-11-20 00:00:00+00:00,37391178.738754086
2025-11-21 00:00:00+00:00,41307351.470361225
2025-11-22 00:00:00+00:00,38587770.65295698
2025-11-23 00:00:00+00:00,39803642.23436507
2025-11-24 00:00:00+00:00,40374787.099114954
2025-11-25 00:00:00+00:00,32874235.57422186
2025-11-26 00:00:00+00:00,48827581.66636605
2025-11-27 00:00:00+00:00,45073841.77706884
2025-11-28 00:00:00+00:00,43668909.077361286
2025-11-29 00:00:00+00:00,40823502.876211286
2025-11-30 00:00:00+00:00,50114996.21209714
2025-12-01 00:00:00+00:00,37889948.704963274
2025-12-02 00:00:00+00:00,37209087.675037675
2025-12-03 00:00:00+00:00,40366905.180626564
2025-12-04 00:00:00+00:00,38650213.12878416
2025-12-05 00:00:00+00:00,35290934.7860603
2025-12-06 00:00:00+00:00,47551994.39825927
2025-12-07 00:00:00+00:00,46180600.132956564
2025-12-08 00:00:00+00:00,42346198.7392924
2025-12-09 00:00:00+00:00,38202403.79200807
2025-12-10 00:00:00+00:00,46194650.58886004
2025-12-11 00:00:00+00:00,45569903.27880048
2025-12-12 00:00:00+00:00,45186891.408350185
2025-12-13 00:00:00+00:00,41126223.45601717
2025-12-14 00:00:00+00:00,36576336.1609944
2025-12-15 00:00:00+00:00,38200148.6397923
2025-12-16 00:00:00+00:00,42372123.497608654
2025-12-17 00:00:00+00:00,39521708.66966769
2025-12-18 00:00:00+00:00,39870185.26024819
2025-12-19 00:00:00+00:00,41624840.89061918
2025-12-20 00:00:00+00:00,40764665.21079847
2025-12-21 00:00:00+00:00,38282066.66061573
2025-12-22 00:00:00+00:00,40642087.56592057
2025-12-23 00:00:00+00:00,40027962.17182731
2025-12-24 00:00:00+00:00,45269766.079836465
2025-12-25 00:00:00+00:00,40816647.87350074
2025-12-26 00:00:00+00:00,45337497.94168463
2025-12-27 00:00:00+00:00,37966099.35216447
2025-12-28 00:00:00+00:00,44392018.14136716
2025-12-29 00:00:00+00:00,44333071.48601913
2025-12-30 00:00:00+00:00,32980772.1386752
2025-12-31 00:00:00+00:00,39763257.030322805
2026-01-01 00:00:00+00:00,45043745.663201086
2026-01-02 00:00:00+00:00,43248637.866295256
2026-01-03 00:00:00+00:00,46119804.59737659
2026-01-04 00:00:00+00:00,42701072.629889734
2026-01-05 00:00:00+00:00,39260031.2528147
2026-01-06 00:00:00+00:00,39870766.30093992
2026-01-07 00:00:00+00:00,43059881.472027756
2026-01-08 00:00:00+00:00,38242426.304593824
2026-01-09 00:00:00+00:00,43360680.846190974
2026-01-10 00:00:00+00:00,47192741.628271244
2026-01-11 00:00:00+00:00,34774842.27136028
2026-01-12 00:00:00+00:00,41898399.34618774
2026-01-13 00:00:00+00:00,39887018.4843792
2026-01-14 00:00:00+00:00,38606951.33265132
2026-01-15 00:00:00+00:00,43945622.19613658
2026-01-16 00:00:00+00:00,39642363.47762159
2026-01-17 00:00:00+00:00,47584024.47027049
2026-01-18 00:00:00+00:00,44190394.54358933
2026-01-19 00:00:00+00:00,47264334.37584556
2026-01-20 00:00:00+00:00,38654976.78246953
2026-01-21 00:00:00+00:00,49726716.484967105
2026-01-22 00:00:00+00:00,46464034.7438881
2026-01-23 00:00:00+00:00,42235350.854145795
2026-01-24 00:00:00+00:00,28729263.387003347
2026-01-25 00:00:00+00:00,33814304.70026576
2026-01-26 00:00:00+00:00,38079554.19167753
2026-01-27 00:00:00+00:00,35583755.74561265
2026-01-28 00:00:00+00:00,33247869.895025924
2026-01-29 00:00:00+00:00,37218185.03085007
2026-01-30 00:00:00+00:00,34377746.2435277
2026-01-31 00:00:00+00:00,39614296.16231698
2026-02-01 00:00:00+00:00,31663403.11907942
2026-02-02 00:00:00+00:00,29869870.07014526
2026-02-03 00:00:00+00:00,32668904.952233184
2026-02-04 00:00:00+00:00,35594652.764567286
2026-02-05 00:00:00+00:00,28340233.43093726
2026-02-06 00:00:00+00:00,31304063.408903655
2026-02-07 00:00:00+00:00,37922804.35860754
2026-02-08 00:00:00+00:00,39307842.46530021
2026-02-09 00:00:00+00:00,37701555.88624861
2026-02-10 00:00:00+00:00,31805766.029373445
2026-02-11 00:00:00+00:00,33745569.9783912
2026-02-12 00:00:00+00:00,39717969.33809671
2026-02-13 00:00:00+00:00,33812197.60598131
2026-02-14 00:00:00+00:00,38825294.198482804
2026-02-15 00:00:00+00:00,44747462.56810828
2026-02-16 00:00:00+00:00,41514137.47269212
2026-02-17 00:00:00+00:00,35705019.17228733
2026-02-18 00:00:00+00:00,33192878.56735473
2026-02-19 00:00:00+00:00,35453245.47632441
2026-02-20 00:00:00+00:00,29583415.862321332
2026-02-21 00:00:00+00:00,25941681.428243037
2026-02-22 00:00:00+00:00,38334798.13538485
2026-02-23 00:00:00+00:00,31768274.212035805
2026-02-24 00:00:00+00:00,34308088.5723721
2026-02-25 00:00:00+00:00,33163205.0955439
2026-02-26 00:00:00+00:00,31242254.39746657
2026-02-27 00:00:00+00:00,32978961.78356569
2026-02-28 00:00:00+00:00,31741956.231636845
2026-03-01 00:00:00+00:00,32892105.20807477
2026-03-02 00:00:00+00:00,28805700.41345509
2026-03-03 00:00:00+00:00,29470007.97002152
2026-03-04 00:00:00+00:00,30908354.53628888
2026-03-05 00:00:00+00:00,43517075.97550223
2026-03-06 00:00:00+00:00,35189110.133946575
2026-03-07 00:00:00+00:00,29409810.833845343
2026-03-08 00:00:00+00:00,29952835.179625377
2026-03-09 00:00:00+00:00,30248754.74657433
2026-03-10 00:00:00+00:00,30958077.256941024
2026-03-11 00:00:00+00:00,31500855.46140721
2026-03-12 00:00:00+00:00,28394948.61118444
2026-03-13 00:00:00+00:00,28672340.40423705
2026-03-14 00:00:00+00:00,31104411.579486884
2026-03-15 00:00:00+00:00,28551032.51716158
2026-03-16 00:00:00+00:00,31213760.461403914
2026-03-17 00:00:00+00:00,30667607.216510493
2026-03-18 00:00:00+00:00,32271586.44477335
2026-03-19 00:00:00+00:00,30093044.244407844
2026-03-20 00:00:00+00:00,31876728.371480852
2026-03-21 00:00:00+00:00,31080134.511768695
2026-03-22 00:00:00+00:00,35362303.26767577
2026-03-23 00:00:00+00:00,35403134.78180417
2026-03-24 00:00:00+00:00,29425134.82461507
2026-03-25 00:00:00+00:00,34532744.55173951
2026-03-26 00:00:00+00:00,36135408.58812936
2026-03-27 00:00:00+00:00,32572797.449150614
2026-03-28 00:00:00+00:00,37549561.72943241
2026-03-29 00:00:00+00:00,31332097.968298074
2026-03-30 00:00:00+00:00,31652198.95194288
2026-03-31 00:00:00+00:00,29208989.5260379
2026-04-01 00:00:00+00:00,36946073.87653185
2026-04-02 00:00:00+00:00,32944128.014213223
2026-04-03 00:00:00+00:00,28565511.275230702
2026-04-04 00:00:00+00:00,26981692.957717586
2026-04-05 00:00:00+00:00,36446472.64345209
2026-04-06 00:00:00+00:00,27896636.584679753
2026-04-07 00:00:00+00:00,30230835.12217497
2026-04-08 00:00:00+00:00,36394654.17361098
2026-04-09 00:00:00+00:00,34088594.566414475
2026-04-10 00:00:00+00:00,30288293.046783395
2026-04-11 00:00:00+00:00,30023283.722729884
2026-04-12 00:00:00+00:00,36106957.76146776
2026-04-13 00:00:00+00:00,35058588.5729043
2026-04-14 00:00:00+00:00,43519231.83055178
2026-04-15 00:00:00+00:00,30137463.294372242
2026-04-16 00:00:00+00:00,37530771.07909433
2026-04-17 00:00:00+00:00,35162805.095583595
2026-04-18 00:00:00+00:00,37175673.682350546
2026-04-19 00:00:00+00:00,39687112.333298646
2026-04-20 00:00:00+00:00,30691964.37339555
2026-04-21 00:00:00+00:00,34607957.17180722
2026-04-22 00:00:00+00:00,32710248.88055914
2026-04-23 00:00:00+00:00,30181396.125552695
2026-04-24 00:00:00+00:00,36956995.36926147
2026-04-25 00:00:00+00:00,35540028.23006317
2026-04-26 00:00:00+00:00,37907580.20176736
2026-04-27 00:00:00+00:00,37153466.59126739
2026-04-28 00:00:00+00:00,35894449.053407766
2026-04-29 00:00:00+00:00,31123986.725846674
2026-04-30 00:00:00+00:00,38381140.996294245
2026-05-01 00:00:00+00:00,41497268.04635047
2026-05-02 00:00:00+00:00,33978259.8014594
2026-05-03 00:00:00+00:00,37957825.09103924
2026-05-04 00:00:00+00:00,37802927.14645988
2026-05-05 00:00:00+00:00,41226137.29796431
2026-05-06 00:00:00+00:00,37170254.10973385
2026-05-07 00:00:00+00:00,36549027.8608138
2026-05-08 00:00:00+00:00,40423314.1434815
2026-05-09 00:00:00+00:00,44584005.24631609
2026-05-10 00:00:00+00:00,39621267.16479055
2026-05-11 00:00:00+00:00,45135542.948139064
2026-05-12 00:00:00+00:00,36600096.52934795
2026-05-13 00:00:00+00:00,38562664.84282158
2026-05-14 00:00:00+00:00,39577345.88310893
2026-05-15 00:00:00+00:00,37584497.72878831
2026-05-16 00:00:00+00:00,39142248.12923508
2026-05-17 00:00:00+00:00,40697281.89198457
2026-05-18 00:00:00+00:00,36727998.61930419
2026-05-19 00:00:00+00:00,36712345.59041001
2026-05-20 00:00:00+00:00,40285580.87419021
2026-05-21 00:00:00+00:00,32977144.973637983
2026-05-22 00:00:00+00:00,38731739.16575614
2026-05-23 00:00:00+00:00,40896180.634492286
2026-05-24 00:00:00+00:00,33551122.24949937
2026-05-25 00:00:00+00:00,41619889.269138455
2026-05-26 00:00:00+00:00,34580370.49577967
2026-05-27 00:00:00+00:00,34203807.850598074
2026-05-28 00:00:00+00:00,39320840.567629226
2026-05-29 00:00:00+00:00,32937653.994468622
2026-05-30 00:00:00+00:00,34800660.64053763
2026-05-31 00:00:00+00:00,40416020.03192868
2026-06-01 00:00:00+00:00,32156339.769274358
2026-06-02 00:00:00+00:00,24522467.930324204
2026-06-03 00:00:00+00:00,24432298.93709044
2026-06-04 00:00:00+00:00,31994424.504998155
2026-06-05 00:00:00+00:00,26347747.612574305
2026-06-06 00:00:00+00:00,23769580.873137023
2026-06-07 00:00:00+00:00,23214514.58494519
2026-06-08 00:00:00+00:00,26166733.692821153
2026-06-09 00:00:00+00:00,27149338.9211155
2026-06-10 00:00:00+00:00,24484223.559984963
2026-06-11 00:00:00+00:00,27490584.13183997
2026-06-12 00:00:00+00:00,31436770.76781264
2026-06-13 00:00:00+00:00,25757659.401464887
2026-06-14 00:00:00+00:00,30279244.594365463
2026-06-15 00:00:00+00:00,32087056.179462083
2026-06-16 00:00:00+00:00,37804194.329022676
2026-06-17 00:00:00+00:00,28337336.97282871
2026-06-18 00:00:00+00:00,39027824.014946744
2026-06-19 00:00:00+00:00,33453833.895754717
2026-06-20 00:00:00+00:00,31830352.606492512
2026-06-21 00:00:00+00:00,28231237.7138422
2026-06-22 00:00:00+00:00,33983075.16364371
2026-06-23 00:00:00+00:00,37380880.69218837
2026-06-24 00:00:00+00:00,30898733.96285523
2026-06-25 00:00:00+00:00,35737200.07342634
2026-06-26 00:00:00+00:00,31793868.264358897
2026-06-27 00:00:00+00:00,33755336.59745445
2026-06-28 00:00:00+00:00,28065491.578357432
2026-06-29 00:00:00+00:00,25522718.155180145
2026-06-30 00:00:00+00:00,32232725.90283712
2026-07-01 00:00:00+00:00,27517549.948183976
2026-07-02 00:00:00+00:00,28684439.449678544
2026-07-03 00:00:00+00:00,30994529.89855728
2026-07-04 00:00:00+00:00,31958505.356244735
2026-07-05 00:00:00+00:00,28045767.693441838
2026-07-06 00:00:00+00:00,23545058.25300224
2026-07-07 00:00:00+00:00,33810153.914468095
2026-07-08 00:00:00+00:00,28233489.36954278
2026-07-09 00:00:00+00:00,25466423.823367156
2026-07-10 00:00:00+00:00,26596939.859383278
2026-07-11 00:00:00+00:00,32463101.492726527
2026-07-12 00:00:00+00:00,30154867.50322592
2026-07-13 00:00:00+00:00,32537380.48095552
2026-07-14 00:00:00+00:00,33685178.291484736
2026-07-15 00:00:00+00:00,29659602.47794904
2026-07-16 00:00:00+00:00,24983209.692606576
2026-07-17 00:00:00+00:00,27410697.114453245
2026-07-18 00:00:00+00:00,44367075.9966361
2026-07-19 00:00:00+00:00,35924593.96592124
2026-07-20 00:00:00+00:00,32579946.41959805
2026-07-21 00:00:00+00:00,29987302.615410216
2026-07-22 00:00:00+00:00,25171109.330574844
2026-07-23 00:00:00+00:00,28366911.134696368
2026-07-24 00:00:00+00:00,36335889.21904726
2026-07-25 00:00:00+00:00,29034668.784975085
2026-07-26 00:00:00+00:00,30448318.097199228
2026-07-27 00:00:00+00:00,34806779.22227191
2026-07-28 00:00:00+00:00,26608818.300387148
2026-07-29 00:00:00+00:00,30874144.40498185
2026-07-30 00:00:00+00:00,33453364.501118597
2026-07-31 00:00:00+00:00,34788365.97404295
2026-08-01 00:00:00+00:00,34078404.99428179
2026-08-02 00:00:00+00:00,30282190.96696429
2026-08-03 00:00:00+00:00,31916007.70883719
2026-08-04 00:00:00+00:00,31581779.324148443
2026-08-05 00:00:00+00:00,32032679.669593435
2026-08-06 00:00:00+00:00,26908574.150808807
2026-08-07 00:00:00+00:00,35851919.024441294
2026-08-08 00:00:00+00:00,31683851.991916828
2026-08-09 00:00:00+00:00,30011840.094056047
2026-08-10 00:00:00+00:00,30345135.79134038
2026-08-11 00:00:00+00:00,27161267.303332012
2026-08-12 00:00:00+00:00,31226931.160819154
2026-08-13 00:00:00+00:00,30813236.80437796
2026-08-14 00:00:00+00:00,31531940.289323136
2026-08-15 00:00:00+00:00,31900917.21956156
2026-08-16 00:00:00+00:00,33462037.565031838
2026-08-24 00:00:00+00:00,38799895.464067735
2026-08-25 00:00:00+00:00,36029947.78975706
2026-08-26 00:00:00+00:00,40005307.60847206
2026-08-27 00:00:00+00:00,39563643.51466621
2026-08-28 00:00:00+00:00,37859625.807505
2026-08-29 00:00:00+00:00,38617159.95615532
2026-08-30 00:00:00+00:00,41616845.61983288
2026-08-31 00:00:00+00:00,41873915.14132834
2026-09-01 00:00:00+00:00,38812028.82668903
2026-09-02 00:00:00+00:00,36220769.16653495
2026-09-03 00:00:00+00:00,45888668.7755952
2026-09-04 00:00:00+00:00,39753685.11973082
2026-09-05 00:00:00+00:00,39117131.97882999
2026-09-06 00:00:00+00:00,48413563.66319026
2026-09-07 00:00:00+00:00,35267306.52948581
2026-09-08 00:00:00+00:00,33443132.523066733
2026-09-09 00:00:00+00:00,44921766.60613301
2026-09-10 00:00:00+00:00,35764129.10695293
2026-09-11 00:00:00+00:00,44040425.4641957
2026-09-12 00:00:00+00:00,41440926.25326019
2026-09-13 00:00:00+00:00,41850977.384348914
2026-09-14 00:00:00+00:00,42671120.30986431
2026-09-15 00:00:00+00:00,44260858.666613646
2026-09-16 00:00:00+00:00,36313673.746359296
2026-09-17 00:00:00+00:00,38730942.1503553
2026-09-18 00:00:00+00:00,41873220.541757636
2026-09-19 00:00:00+00:00,35509689.012637205
2026-09-20 00:00:00+00:00,42610620.97116012
2026-09-21 00:00:00+00:00,42096485.18335576
2026-09-22 00:00:00+00:00,43523516.78382096
2026-09-23 00:00:00+00:00,35769277.75349589
2026-09-24 00:00:00+00:00,39709877.46111546
2026-09-25 00:00:00+00:00,40311936.510160185
2026-09-26 00:00:00+00:00,44325792.81542678
