time,total_usd
2023-07-31 00:00:00+00:00,125275869934.0
2023-08-01 00:00:00+00:00,125210740962.0
2023-08-02 00:00:00+00:00,124991322409.0
2023-08-03 00:00:00+00:00,124819044906.0
2023-08-04 00:00:00+00:00,124567396680.0
2023-08-05 00:00:00+00:00,124313963282.0
2023-08-06 00:00:00+00:00,124348346873.0
2023-08-07 00:00:00+00:00,124301871611.0
2023-08-08 00:00:00+00:00,124162214646.0
2023-08-09 00:00:00+00:00,124384601724.0
2023-08-10 00:00:00+00:00,124285507588.0
2023-08-11 00:00:00+00:00,124030372626.0
2023-08-12 00:00:00+00:00,123931009927.0
2023-08-13 00:00:00+00:00,124042323821.0
2023-08-14 00:00:00+00:00,124075359010.0
2023-08-15 00:00:00+00:00,123627747939.0
2023-08-16 00:00:00+00:00,123335304802.0
2023-08-17 00:00:00+00:00,123030572214.0
2023-08-18 00:00:00+00:00,123012242741.0
2023-08-19 00:00:00+00:00,122660540921.0
2023-08-20 00:00:00+00:00,122877645464.0
2023-08-21 00:00:00+00:00,122997339160.0
2023-08-22 00:00:00+00:00,124056504405.0
2023-08-23 00:00:00+00:00,123951660114.0
2023-08-24 00:00:00+00:00,123991720072.0
2023-08-25 00:00:00+00:00,124056023295.0
2023-08-26 00:00:00+00:00,124100056074.0
2023-08-27 00:00:00+00:00,124112326374.0
2023-08-28 00:00:00+00:00,124224026630.0
2023-08-29 00:00:00+00:00,124282763061.0
2023-08-30 00:00:00+00:00,124716260826.0
2023-08-31 00:00:00+00:00,124842345255.0
2023-09-01 00:00:00+00:00,124857422696.0
2023-09-02 00:00:00+00:00,124851396659.0
2023-09-03 00:00:00+00:00,124844882378.0
2023-09-04 00:00:00+00:00,124881384157.0
2023-09-05 00:00:00+00:00,124621537377.0
2023-09-06 00:00:00+00:00,124164753687.0
2023-09-07 00:00:00+00:00,123979226402.0
2023-09-08 00:00:00+00:00,123755131754.0
2023-09-09 00:00:00+00:00,123879024531.0
2023-09-10 00:00:00+00:00,123949683291.0
2023-09-11 00:00:00+00:00,124118973773.0
2023-09-12 00:00:00+00:00,123888598516.0
2023-09-13 00:00:00+00:00,124031159518.0
2023-09-14 00:00:00+00:00,124045053187.0
2023-09-15 00:00:00+00:00,124016889579.0
2023-09-16 00:00:00+00:00,123888049181.0
2023-09-17 00:00:00+00:00,123985604359.0
2023-09-18 00:00:00+00:00,124011406235.0
2023-09-19 00:00:00+00:00,123952475546.0
2023-09-20 00:00:00+00:00,124073751114.0
2023-09-21 00:00:00+00:00,124062274685.0
2023-09-22 00:00:00+00:00,123992125119.0
2023-09-23 00:00:00+00:00,124071821734.0
2023-09-24 00:00:00+00:00,124084379622.0
2023-09-25 00:00:00+00:00,124129856904.0
2023-09-26 00:00:00+00:00,123913314418.0
2023-09-27 00:00:00+00:00,123780062851.0
2023-09-28 00:00:00+00:00,123702780585.0
2023-09-29 00:00:00+00:00,123888758903.0
2023-09-30 00:00:00+00:00,123444764341.0
2023-10-01 00:00:00+00:00,123559096211.0
2023-10-02 00:00:00+00:00,123590096529.0
2023-10-03 00:00:00+00:00,123766591747.0
2023-10-04 00:00:00+00:00,123613379470.0
2023-10-05 00:00:00+00:00,123479583561.0
2023-10-06 00:00:00+00:00,123655656671.0
2023-10-07 00:00:00+00:00,123915345838.0
2023-10-08 00:00:00+00:00,123903415258.0
2023-10-09 00:00:00+00:00,123968708195.0
2023-10-10 00:00:00+00:00,124019782417.0
2023-10-11 00:00:00+00:00,123715682819.0
2023-10-12 00:00:00+00:00,123492177938.0
2023-10-13 00:00:00+00:00,123279382689.0
2023-10-14 00:00:00+00:00,123274463607.0
2023-10-15 00:00:00+00:00,123326762798.0
2023-10-16 00:00:00+00:00,123394960965.0
2023-10-17 00:00:00+00:00,123454281528.0
2023-10-18 00:00:00+00:00,123648473815.0
2023-10-19 00:00:00+00:00,123867559182.0
2023-10-20 00:00:00+00:00,124462550355.0
2023-10-21 00:00:00+00:00,124375033968.0
2023-10-22 00:00:00+00:00,124346542758.0
2023-10-23 00:00:00+00:00,124309587906.0
2023-10-24 00:00:00+00:00,124601884858.0
2023-10-25 00:00:00+00:00,123833880750.0
2023-10-26 00:00:00+00:00,124233627337.0
2023-10-27 00:00:00+00:00,124227611046.0
2023-10-28 00:00:00+00:00,124055967622.0
2023-10-29 00:00:00+00:00,124068582062.0
2023-10-30 00:00:00+00:00,124190150653.0
2023-10-31 00:00:00+00:00,124008468597.0
2023-11-01 00:00:00+00:00,123905832203.0
2023-11-02 00:00:00+00:00,124171216171.0
2023-11-03 00:00:00+00:00,124056198829.0
2023-11-04 00:00:00+00:00,124431862326.0
2023-11-05 00:00:00+00:00,124583648486.0
2023-11-06 00:00:00+00:00,124649601746.0
2023-11-07 00:00:00+00:00,124690345432.0
2023-11-08 00:00:00+00:00,125025863698.0
2023-11-09 00:00:00+00:00,124978127264.0
2023-11-10 00:00:00+00:00,125113811720.0
2023-11-11 00:00:00+00:00,125405350270.0
2023-11-12 00:00:00+00:00,125469906734.0
2023-11-13 00:00:00+00:00,125482870660.0
2023-11-14 00:00:00+00:00,125642666933.0
2023-11-15 00:00:00+00:00,125494252603.0
2023-11-16 00:00:00+00:00,125824738001.0
2023-11-17 00:00:00+00:00,126149974871.0
2023-11-18 00:00:00+00:00,126338101585.0
2023-11-19 00:00:00+00:00,126498683249.0
2023-11-20 00:00:00+00:00,126486272743.0
2023-11-21 00:00:00+00:00,126953745063.0
2023-11-22 00:00:00+00:00,127042938163.0
2023-11-23 00:00:00+00:00,127068895756.0
2023-11-24 00:00:00+00:00,127059418511.0
2023-11-25 00:00:00+00:00,127689655425.0
2023-11-26 00:00:00+00:00,127670199178.0
2023-11-27 00:00:00+00:00,127640205277.0
2023-11-28 00:00:00+00:00,127485552663.0
2023-11-29 00:00:00+00:00,127772474167.0
2023-11-30 00:00:00+00:00,127852719134.0
2023-12-01 00:00:00+00:00,127948093173.0
2023-12-02 00:00:00+00:00,128110223308.0
2023-12-03 00:00:00+00:00,128174740983.0
2023-12-04 00:00:00+00:00,128296081082.0
2023-12-05 00:00:00+00:00,128103483042.0
2023-12-06 00:00:00+00:00,128382059184.0
2023-12-07 00:00:00+00:00,128409230273.0
2023-12-08 00:00:00+00:00,128393716769.0
2023-12-09 00:00:00+00:00,128575863142.0
2023-12-10 00:00:00+00:00,128899947357.0
2023-12-11 00:00:00+00:00,128869596763.0
2023-12-12 00:00:00+00:00,128669914738.0
2023-12-13 00:00:00+00:00,128030693760.0
2023-12-14 00:00:00+00:00,128451763108.0
2023-12-15 00:00:00+00:00,128634831991.0
2023-12-16 00:00:00+00:00,128882935843.0
2023-12-17 00:00:00+00:00,129041436012.0
2023-12-18 00:00:00+00:00,128992830308.0
2023-12-19 00:00:00+00:00,128948737697.0
2023-12-20 00:00:00+00:00,129400463250.0
2023-12-21 00:00:00+00:00,129746203152.0
2023-12-22 00:00:00+00:00,129728001569.0
2023-12-23 00:00:00+00:00,130073496579.0
2023-12-24 00:00:00+00:00,130241787760.0
2023-12-25 00:00:00+00:00,130182219084.0
2023-12-26 00:00:00+00:00,130142144288.0
2023-12-27 00:00:00+00:00,129831928513.0
2023-12-28 00:00:00+00:00,130283545191.0
2023-12-29 00:00:00+00:00,130102946794.0
2023-12-30 00:00:00+00:00,130198905763.0
2023-12-31 00:00:00+00:00,130100873955.0
2024-01-01 00:00:00+00:00,129835465344.0
2024-01-02 00:00:00+00:00,130359543289.0
2024-01-03 00:00:00+00:00,130495587520.0
2024-01-04 00:00:00+00:00,131034400020.0
2024-01-05 00:00:00+00:00,131721601505.0
2024-01-06 00:00:00+00:00,132136850036.0
2024-01-07 00:00:00+00:00,132515556695.0
2024-01-08 00:00:00+00:00,132442642373.0
2024-01-09 00:00:00+00:00,132722037672.0
2024-01-10 00:00:00+00:00,132693055518.0
2024-01-11 00:00:00+00:00,133148676456.0
2024-01-12 00:00:00+00:00,133467506552.0
2024-01-13 00:00:00+00:00,132822771248.0
2024-01-14 00:00:00+00:00,133458626347.0
2024-01-15 00:00:00+00:00,133618377331.0
2024-01-16 00:00:00+00:00,133303795971.0
2024-01-17 00:00:00+00:00,133278138346.0
2024-01-18 00:00:00+00:00,133813139215.0
2024-01-19 00:00:00+00:00,133187146307.0
2024-01-20 00:00:00+00:00,133357755233.0
2024-01-21 00:00:00+00:00,133576068810.0
2024-01-22 00:00:00+00:00,133298151343.0
2024-01-23 00:00:00+00:00,133445247758.0
2024-01-24 00:00:00+00:00,134239664029.0
2024-01-25 00:00:00+00:00,134071787725.0
2024-01-26 00:00:00+00:00,134259049797.0
2024-01-27 00:00:00+00:00,134480470305.0
2024-01-28 00:00:00+00:00,134553192201.0
2024-01-29 00:00:00+00:00,134614894664.0
2024-01-30 00:00:00+00:00,134937258573.0
2024-01-31 00:00:00+00:00,134750117737.0
2024-02-01 00:00:00+00:00,134786519351.0
2024-02-02 00:00:00+00:00,135157723114.0
2024-02-03 00:00:00+00:00,135132492095.0
2024-02-04 00:00:00+00:00,135090414698.0
2024-02-05 00:00:00+00:00,135168564024.0
2024-02-06 00:00:00+00:00,135012752422.0
2024-02-07 00:00:00+00:00,135351706897.0
2024-02-08 00:00:00+00:00,135667630993.0
2024-02-09 00:00:00+00:00,135966774702.0
2024-02-10 00:00:00+00:00,136192593198.0
2024-02-11 00:00:00+00:00,136463514053.0
2024-02-12 00:00:00+00:00,136688944067.0
2024-02-13 00:00:00+00:00,136284379153.0
2024-02-14 00:00:00+00:00,136470963551.0
2024-02-15 00:00:00+00:00,137431095301.0
2024-02-16 00:00:00+00:00,137262657542.0
2024-02-17 00:00:00+00:00,137619179089.0
2024-02-18 00:00:00+00:00,137810375209.0
2024-02-19 00:00:00+00:00,137706207623.0
2024-02-20 00:00:00+00:00,137709750897.0
2024-02-21 00:00:00+00:00,137807503911.0
2024-02-22 00:00:00+00:00,137841062988.0
2024-02-23 00:00:00+00:00,138199151984.0
2024-02-24 00:00:00+00:00,138821066421.0
2024-02-25 00:00:00+00:00,138581467409.0
2024-02-26 00:00:00+00:00,138693603544.0
2024-02-27 00:00:00+00:00,139148005602.0
2024-02-28 00:00:00+00:00,139722158180.0
2024-02-29 00:00:00+00:00,140197045346.0
2024-03-01 00:00:00+00:00,140749449279.0
2024-03-02 00:00:00+00:00,141304851068.0
2024-03-03 00:00:00+00:00,141394227581.0
2024-03-04 00:00:00+00:00,141792254627.0
2024-03-05 00:00:00+00:00,141999585537.0
2024-03-06 00:00:00+00:00,142164715866.0
2024-03-07 00:00:00+00:00,142487669141.0
2024-03-08 00:00:00+00:00,143005261947.0
2024-03-09 00:00:00+00:00,144209742982.0
2024-03-10 00:00:00+00:00,144508363687.0
2024-03-11 00:00:00+00:00,144736914503.0
2024-03-12 00:00:00+00:00,145477904658.0
2024-03-13 00:00:00+00:00,145732944341.0
2024-03-14 00:00:00+00:00,146536570116.0
2024-03-15 00:00:00+00:00,146807368620.0
2024-03-16 00:00:00+00:00,146722849744.0
2024-03-17 00:00:00+00:00,146855193193.0
2024-03-18 00:00:00+00:00,146529001543.0
2024-03-19 00:00:00+00:00,147234672494.0
2024-03-20 00:00:00+00:00,147623147605.0
2024-03-21 00:00:00+00:00,147143684059.0
2024-03-22 00:00:00+00:00,147707634309.0
2024-03-23 00:00:00+00:00,147752673617.0
2024-03-24 00:00:00+00:00,148085040442.0
2024-03-25 00:00:00+00:00,147906937959.0
2024-03-26 00:00:00+00:00,149232929479.0
2024-03-27 00:00:00+00:00,149528490726.0
2024-03-28 00:00:00+00:00,149487016829.0
2024-03-29 00:00:00+00:00,149732467337.0
2024-03-30 00:00:00+00:00,149939286818.0
2024-03-31 00:00:00+00:00,150171409389.0
2024-04-01 00:00:00+00:00,149906995726.0
2024-04-02 00:00:00+00:00,150330438571.0
2024-04-03 00:00:00+00:00,150981523184.0
2024-04-04 00:00:00+00:00,152363668724.0
2024-04-05 00:00:00+00:00,153239216598.0
2024-04-06 00:00:00+00:00,154339943470.0
2024-04-07 00:00:00+00:00,154367571366.0
2024-04-08 00:00:00+00:00,154143542854.0
2024-04-09 00:00:00+00:00,154172233337.0
2024-04-10 00:00:00+00:00,153966643269.0
2024-04-11 00:00:00+00:00,153675918103.0
2024-04-12 00:00:00+00:00,154273055264.0
2024-04-13 00:00:00+00:00,154479368835.0
2024-04-14 00:00:00+00:00,155090997992.0
2024-04-15 00:00:00+00:00,155118347030.0
2024-04-16 00:00:00+00:00,155664848712.0
2024-04-17 00:00:00+00:00,156656885689.0
2024-04-18 00:00:00+00:00,154364386476.0
2024-04-19 00:00:00+00:00,157600994660.0
2024-04-20 00:00:00+00:00,156276857598.0
2024-04-21 00:00:00+00:00,156392908286.0
2024-04-22 00:00:00+00:00,158570394751.0
2024-04-23 00:00:00+00:00,159115199780.0
2024-04-24 00:00:00+00:00,159058333668.0
2024-04-25 00:00:00+00:00,159599142810.0
2024-04-26 00:00:00+00:00,159639918567.0
2024-04-27 00:00:00+00:00,159431076344.0
2024-04-28 00:00:00+00:00,159606156862.0
2024-04-29 00:00:00+00:00,159599684201.0
2024-04-30 00:00:00+00:00,159322079673.0
2024-05-01 00:00:00+00:00,159481996837.0
2024-05-02 00:00:00+00:00,159118521542.0
2024-05-03 00:00:00+00:00,159253694523.0
2024-05-04 00:00:00+00:00,159894414081.0
2024-05-05 00:00:00+00:00,160193853222.0
2024-05-06 00:00:00+00:00,160178998468.0
2024-05-07 00:00:00+00:00,160125836168.0
2024-05-08 00:00:00+00:00,159868427948.0
2024-05-09 00:00:00+00:00,159760675591.0
2024-05-10 00:00:00+00:00,159805642752.0
2024-05-11 00:00:00+00:00,159596976793.0
2024-05-12 00:00:00+00:00,159728264899.0
2024-05-13 00:00:00+00:00,159685207983.0
2024-05-14 00:00:00+00:00,159776738180.0
2024-05-15 00:00:00+00:00,159556754306.0
2024-05-16 00:00:00+00:00,160123997700.0
2024-05-17 00:00:00+00:00,160267110601.0
2024-05-18 00:00:00+00:00,160515760602.0
2024-05-19 00:00:00+00:00,160852464994.0
2024-05-20 00:00:00+00:00,160806872161.0
2024-05-21 00:00:00+00:00,160510917895.0
2024-05-22 00:00:00+00:00,160585011241.0
2024-05-23 00:00:00+00:00,160635544091.0
2024-05-24 00:00:00+00:00,160450160582.0
2024-05-25 00:00:00+00:00,160809224456.0
2024-05-26 00:00:00+00:00,160811334981.0
2024-05-27 00:00:00+00:00,160514814670.0
2024-05-28 00:00:00+00:00,160429560300.0
2024-05-29 00:00:00+00:00,160175004615.0
2024-05-30 00:00:00+00:00,159839802866.0
2024-05-31 00:00:00+00:00,160250795420.0
2024-06-01 00:00:00+00:00,160372577740.0
2024-06-02 00:00:00+00:00,160426735664.0
2024-06-03 00:00:00+00:00,160203799385.0
2024-06-04 00:00:00+00:00,160531048086.0
2024-06-05 00:00:00+00:00,160815349817.0
2024-06-06 00:00:00+00:00,161005142656.0
2024-06-07 00:00:00+00:00,161153566834.0
2024-06-08 00:00:00+00:00,161477742937.0
2024-06-09 00:00:00+00:00,161523651297.0
2024-06-10 00:00:00+00:00,161576828310.0
2024-06-11 00:00:00+00:00,161250169068.0
2024-06-12 00:00:00+00:00,161073600343.0
2024-06-13 00:00:00+00:00,161333446753.0
2024-06-14 00:00:00+00:00,161424314240.0
2024-06-15 00:00:00+00:00,161481659849.0
2024-06-16 00:00:00+00:00,161212016131.0
2024-06-17 00:00:00+00:00,161304990194.0
2024-06-18 00:00:00+00:00,161141160511.0
2024-06-19 00:00:00+00:00,161592233764.0
2024-06-20 00:00:00+00:00,161381854536.0
2024-06-21 00:00:00+00:00,161482664543.0
2024-06-22 00:00:00+00:00,161757170763.0
2024-06-23 00:00:00+00:00,161774637166.0
2024-06-24 00:00:00+00:00,161488233084.0
2024-06-25 00:00:00+00:00,161432664723.0
2024-06-26 00:00:00+00:00,161465725681.0
2024-06-27 00:00:00+00:00,161507329624.0
2024-06-28 00:00:00+00:00,161412052205.0
2024-06-29 00:00:00+00:00,161167254158.0
2024-06-30 00:00:00+00:00,161147631713.0
2024-07-01 00:00:00+00:00,160905446788.0
2024-07-02 00:00:00+00:00,161112492538.0
2024-07-03 00:00:00+00:00,161026570735.0
2024-07-04 00:00:00+00:00,161090270584.0
2024-07-05 00:00:00+00:00,161415870498.0
2024-07-06 00:00:00+00:00,161779801103.0
2024-07-07 00:00:00+00:00,161851930267.0
2024-07-08 00:00:00+00:00,161873243872.0
2024-07-09 00:00:00+00:00,161879435498.0
2024-07-10 00:00:00+00:00,162179907624.0
2024-07-11 00:00:00+00:00,162633783935.0
2024-07-12 00:00:00+00:00,162603731811.0
2024-07-13 00:00:00+00:00,162313576440.0
2024-07-14 00:00:00+00:00,162592443578.0
2024-07-15 00:00:00+00:00,162991620866.0
2024-07-16 00:00:00+00:00,163064180600.0
2024-07-17 00:00:00+00:00,163354265917.0
2024-07-18 00:00:00+00:00,163529411754.0
2024-07-19 00:00:00+00:00,163517374761.0
2024-07-20 00:00:00+00:00,164468586672.0
2024-07-21 00:00:00+00:00,164471674175.0
2024-07-22 00:00:00+00:00,164465012235.0
2024-07-23 00:00:00+00:00,164575424323.0
2024-07-24 00:00:00+00:00,164796617241.0
2024-07-25 00:00:00+00:00,164626176495.0
2024-07-26 00:00:00+00:00,164178626579.0
2024-07-27 00:00:00+00:00,164415149910.0
2024-07-28 00:00:00+00:00,164588217961.0
2024-07-29 00:00:00+00:00,164566860746.0
2024-07-30 00:00:00+00:00,164208015692.0
2024-07-31 00:00:00+00:00,164163362146.0
2024-08-01 00:00:00+00:00,164108992062.0
2024-08-02 00:00:00+00:00,163709173025.0
2024-08-03 00:00:00+00:00,163822506911.0
2024-08-04 00:00:00+00:00,163897142054.0
2024-08-05 00:00:00+00:00,164045588294.0
2024-08-06 00:00:00+00:00,164126075018.0
2024-08-07 00:00:00+00:00,164601428022.0
2024-08-08 00:00:00+00:00,166228704460.0
2024-08-09 00:00:00+00:00,165860812891.0
2024-08-10 00:00:00+00:00,166082299605.0
2024-08-11 00:00:00+00:00,165692723038.0
2024-08-12 00:00:00+00:00,166114676907.0
2024-08-13 00:00:00+00:00,166487848664.0
2024-08-14 00:00:00+00:00,166823263759.0
2024-08-15 00:00:00+00:00,167459384766.0
2024-08-16 00:00:00+00:00,167688170143.0
2024-08-17 00:00:00+00:00,168291537169.0
2024-08-18 00:00:00+00:00,168382824524.0
2024-08-19 00:00:00+00:00,168365949349.0
2024-08-20 00:00:00+00:00,168339020717.0
2024-08-21 00:00:00+00:00,168771402996.0
2024-08-22 00:00:00+00:00,169040404983.0
2024-08-23 00:00:00+00:00,169179827729.0
2024-08-24 00:00:00+00:00,169800572303.0
2024-08-25 00:00:00+00:00,170148425092.0
2024-08-26 00:00:00+00:00,170130298173.0
2024-08-27 00:00:00+00:00,169872384957.0
2024-08-28 00:00:00+00:00,169807824692.0
2024-08-29 00:00:00+00:00,170032321228.0
2024-08-30 00:00:00+00:00,170251464361.0
2024-08-31 00:00:00+00:00,170165471856.0
2024-09-01 00:00:00+00:00,169863936454.0
2024-09-02 00:00:00+00:00,170335396321.0
2024-09-03 00:00:00+00:00,170200840563.0
2024-09-04 00:00:00+00:00,169827202522.0
2024-09-05 00:00:00+00:00,170149879405.0
2024-09-06 00:00:00+00:00,169858900924.0
2024-09-07 00:00:00+00:00,169820696964.0
2024-09-08 00:00:00+00:00,170079277104.0
2024-09-09 00:00:00+00:00,170049383071.0
2024-09-10 00:00:00+00:00,170722758216.0
2024-09-11 00:00:00+00:00,170590192916.0
2024-09-12 00:00:00+00:00,170602842542.0
2024-09-13 00:00:00+00:00,170378188843.0
2024-09-14 00:00:00+00:00,171143202979.0
2024-09-15 00:00:00+00:00,171819568976.0
2024-09-16 00:00:00+00:00,171471077591.0
2024-09-17 00:00:00+00:00,171108278936.0
2024-09-18 00:00:00+00:00,171707600001.0
2024-09-19 00:00:00+00:00,171934453671.0
2024-09-20 00:00:00+00:00,171833561719.0
2024-09-21 00:00:00+00:00,172411757099.0
2024-09-22 00:00:00+00:00,172654301570.0
2024-09-23 00:00:00+00:00,172565164894.0
2024-09-24 00:00:00+00:00,172461031973.0
2024-09-25 00:00:00+00:00,172495602488.0
2024-09-26 00:00:00+00:00,172720449683.0
2024-09-27 00:00:00+00:00,173169186920.0
2024-09-28 00:00:00+00:00,172912060600.0
2024-09-29 00:00:00+00:00,172937944389.0
2024-09-30 00:00:00+00:00,172926930198.0
2024-10-01 00:00:00+00:00,172281427438.0
2024-10-02 00:00:00+00:00,172692608334.0
2024-10-03 00:00:00+00:00,172817960872.0
2024-10-04 00:00:00+00:00,172682863016.0
2024-10-05 00:00:00+00:00,172718255123.0
2024-10-06 00:00:00+00:00,173500936072.0
2024-10-07 00:00:00+00:00,172279339721.0
2024-10-08 00:00:00+00:00,172857718495.0
2024-10-09 00:00:00+00:00,172942056895.0
2024-10-10 00:00:00+00:00,172980464366.0
2024-10-11 00:00:00+00:00,172600657818.0
2024-10-12 00:00:00+00:00,172973055450.0
2024-10-13 00:00:00+00:00,173251667975.0
2024-10-14 00:00:00+00:00,173567076503.0
2024-10-15 00:00:00+00:00,172852412587.0
2024-10-16 00:00:00+00:00,172908244767.0
2024-10-17 00:00:00+00:00,172607601669.0
2024-10-18 00:00:00+00:00,172579900005.0
2024-10-19 00:00:00+00:00,172897687156.0
2024-10-20 00:00:00+00:00,172920661244.0
2024-10-21 00:00:00+00:00,172817499000.0
2024-10-22 00:00:00+00:00,173001297573.0
2024-10-23 00:00:00+00:00,172871920072.0
2024-10-24 00:00:00+00:00,172361485076.0
2024-10-25 00:00:00+00:00,171725392035.0
2024-10-26 00:00:00+00:00,172599578242.0
2024-10-27 00:00:00+00:00,172680321525.0
2024-10-28 00:00:00+00:00,173105011910.0
2024-10-29 00:00:00+00:00,172343685396.0
2024-10-30 00:00:00+00:00,172948091484.0
2024-10-31 00:00:00+00:00,173202208899.0
2024-11-01 00:00:00+00:00,172636179461.0
2024-11-02 00:00:00+00:00,173089998581.0
2024-11-03 00:00:00+00:00,173160241207.0
2024-11-04 00:00:00+00:00,173458241896.0
2024-11-05 00:00:00+00:00,174869397970.0
2024-11-06 00:00:00+00:00,175000636319.0
2024-11-07 00:00:00+00:00,176754463620.0
2024-11-08 00:00:00+00:00,177479975720.0
2024-11-09 00:00:00+00:00,178645604575.0
2024-11-10 00:00:00+00:00,178670422065.0
2024-11-11 00:00:00+00:00,179934895110.0
2024-11-12 00:00:00+00:00,180569772804.0
2024-11-13 00:00:00+00:00,180742247482.0
2024-11-14 00:00:00+00:00,181789143969.0
2024-11-15 00:00:00+00:00,184036870280.0
2024-11-16 00:00:00+00:00,184237476029.0
2024-11-17 00:00:00+00:00,184590711112.0
2024-11-18 00:00:00+00:00,185024535468.0
2024-11-19 00:00:00+00:00,185259480100.0
2024-11-20 00:00:00+00:00,185933886061.0
2024-11-21 00:00:00+00:00,187741918906.0
2024-11-22 00:00:00+00:00,188568706281.0
2024-11-23 00:00:00+00:00,190480624744.0
2024-11-24 00:00:00+00:00,192269568126.0
2024-11-25 00:00:00+00:00,192612295864.0
2024-11-26 00:00:00+00:00,191519827622.0
2024-11-27 00:00:00+00:00,191886661162.0
2024-11-28 00:00:00+00:00,193474933969.0
2024-11-29 00:00:00+00:00,194398042816.0
2024-11-30 00:00:00+00:00,195154129939.0
2024-12-01 00:00:00+00:00,193265087597.0
2024-12-02 00:00:00+00:00,193542496596.0
2024-12-03 00:00:00+00:00,194477674913.0
2024-12-04 00:00:00+00:00,194821667164.0
2024-12-05 00:00:00+00:00,196137286466.0
2024-12-06 00:00:00+00:00,196715735174.0
2024-12-07 00:00:00+00:00,197857993288.0
2024-12-08 00:00:00+00:00,198295483599.0
2024-12-09 00:00:00+00:00,199187733827.0
2024-12-10 00:00:00+00:00,199255992786.0
2024-12-11 00:00:00+00:00,199651989667.0
2024-12-12 00:00:00+00:00,201892168163.0
2024-12-13 00:00:00+00:00,202376017948.0
2024-12-14 00:00:00+00:00,203278264733.0
2024-12-15 00:00:00+00:00,203557283090.0
2024-12-16 00:00:00+00:00,203653164332.0
2024-12-17 00:00:00+00:00,204158819598.0
2024-12-18 00:00:00+00:00,204355380712.0
2024-12-19 00:00:00+00:00,204583181774.0
2024-12-20 00:00:00+00:00,205087706086.0
2024-12-21 00:00:00+00:00,205146553619.0
2024-12-22 00:00:00+00:00,205190869774.0
2024-12-23 00:00:00+00:00,205861726099.0
2024-12-24 00:00:00+00:00,205368947774.0
2024-12-25 00:00:00+00:00,205794504859.0
2024-12-26 00:00:00+00:00,206064401148.0
2024-12-27 00:00:00+00:00,206560580408.0
2024-12-28 00:00:00+00:00,206827582570.0
2024-12-29 00:00:00+00:00,206597761977.0
2024-12-30 00:00:00+00:00,206134398972.0
2024-12-31 00:00:00+00:00,205447255733.0
2025-01-01 00:00:00+00:00,204800406636.0
2025-01-02 00:00:00+00:00,204352561153.0
2025-01-03 00:00:00+00:00,206270875763.0
2025-01-04 00:00:00+00:00,208007693412.0
2025-01-05 00:00:00+00:00,207963449513.0
2025-01-06 00:00:00+00:00,207907894945.0
2025-01-07 00:00:00+00:00,208177840586.0
2025-01-08 00:00:00+00:00,207642943556.0
2025-01-09 00:00:00+00:00,207745342194.0
2025-01-10 00:00:00+00:00,207487191379.0
2025-01-11 00:00:00+00:00,207665839146.0
2025-01-12 00:00:00+00:00,207559154130.0
2025-01-13 00:00:00+00:00,207860983944.0
2025-01-14 00:00:00+00:00,207778990015.0
2025-01-15 00:00:00+00:00,208076643451.0
2025-01-16 00:00:00+00:00,208933118522.0
2025-01-17 00:00:00+00:00,209149391728.0
2025-01-18 00:00:00+00:00,210867448569.0
2025-01-19 00:00:00+00:00,210843748728.0
2025-01-20 00:00:00+00:00,211215049079.0
2025-01-21 00:00:00+00:00,211268321809.0
2025-01-22 00:00:00+00:00,213986101041.0
2025-01-23 00:00:00+00:00,215291338885.0
2025-01-24 00:00:00+00:00,216040458922.0
2025-01-25 00:00:00+00:00,216654789862.0
2025-01-26 00:00:00+00:00,216693307807.0
2025-01-27 00:00:00+00:00,216655464886.0
2025-01-28 00:00:00+00:00,216867338887.0
2025-01-29 00:00:00+00:00,217324321254.0
2025-01-30 00:00:00+00:00,217535343706.0
2025-01-31 00:00:00+00:00,218194949323.0
2025-02-01 00:00:00+00:00,218393686940.0
2025-02-02 00:00:00+00:00,218476699606.0
2025-02-03 00:00:00+00:00,218525962937.0
2025-02-04 00:00:00+00:00,219305561477.0
2025-02-05 00:00:00+00:00,221982517199.0
2025-02-06 00:00:00+00:00,223305049009.0
2025-02-07 00:00:00+00:00,223749514581.0
2025-02-08 00:00:00+00:00,224881193886.0
2025-02-09 00:00:00+00:00,224962817849.0
2025-02-10 00:00:00+00:00,225101861821.0
2025-02-11 00:00:00+00:00,225271231196.0
2025-02-12 00:00:00+00:00,225312403473.0
2025-02-13 00:00:00+00:00,225551977618.0
2025-02-14 00:00:00+00:00,225733095533.0
2025-02-15 00:00:00+00:00,226056014823.0
2025-02-16 00:00:00+00:00,226199099626.0
2025-02-17 00:00:00+00:00,226418840003.0
2025-02-18 00:00:00+00:00,226142253227.0
2025-02-19 00:00:00+00:00,226051735441.0
2025-02-20 00:00:00+00:00,226862830706.0
2025-02-21 00:00:00+00:00,226777388215.0
2025-02-22 00:00:00+00:00,227473664329.0
2025-02-23 00:00:00+00:00,227252173331.0
2025-02-24 00:00:00+00:00,227402691238.0
2025-02-25 00:00:00+00:00,226800563389.0
2025-02-26 00:00:00+00:00,225685967900.0
2025-02-27 00:00:00+00:00,225104028555.0
2025-02-28 00:00:00+00:00,225087960049.0
2025-03-01 00:00:00+00:00,225961151181.0
2025-03-02 00:00:00+00:00,225250448643.0
2025-03-03 00:00:00+00:00,225230480255.0
2025-03-04 00:00:00+00:00,225367026341.0
2025-03-05 00:00:00+00:00,225911855807.0
2025-03-06 00:00:00+00:00,226907418964.0
2025-03-07 00:00:00+00:00,226989277442.0
2025-03-08 00:00:00+00:00,228084307529.0
2025-03-09 00:00:00+00:00,228169797106.0
2025-03-10 00:00:00+00:00,228057375637.0
2025-03-11 00:00:00+00:00,227667014275.0
2025-03-12 00:00:00+00:00,228444740249.0
2025-03-13 00:00:00+00:00,228835317944.0
2025-03-14 00:00:00+00:00,229026333322.0
2025-03-15 00:00:00+00:00,229809301113.0
2025-03-16 00:00:00+00:00,229953205178.0
2025-03-17 00:00:00+00:00,229914463996.0
2025-03-18 00:00:00+00:00,230102891031.0
2025-03-19 00:00:00+00:00,230430172081.0
2025-03-20 00:00:00+00:00,231014403224.0
2025-03-21 00:00:00+00:00,230895047724.0
2025-03-22 00:00:00+00:00,231680910254.0
2025-03-23 00:00:00+00:00,232627392625.0
2025-03-24 00:00:00+00:00,232978695846.0
2025-03-25 00:00:00+00:00,233992652045.0
2025-03-26 00:00:00+00:00,235096513651.0
2025-03-27 00:00:00+00:00,235228467200.0
2025-03-28 00:00:00+00:00,234591849581.0
2025-03-29 00:00:00+00:00,234013830536.0
2025-03-30 00:00:00+00:00,234254597807.0
2025-03-31 00:00:00+00:00,234203740057.0
2025-04-01 00:00:00+00:00,234402971596.0
2025-04-02 00:00:00+00:00,234612712906.0
2025-04-03 00:00:00+00:00,235008076385.0
2025-04-04 00:00:00+00:00,235139130641.0
2025-04-05 00:00:00+00:00,234650242948.0
2025-04-06 00:00:00+00:00,234349556721.0
2025-04-07 00:00:00+00:00,233895396193.0
2025-04-08 00:00:00+00:00,233512923224.0
2025-04-09 00:00:00+00:00,233134605158.0
2025-04-10 00:00:00+00:00,233253831825.0
2025-04-11 00:00:00+00:00,233097212169.0
2025-04-12 00:00:00+00:00,232966746113.0
2025-04-13 00:00:00+00:00,233328272061.0
2025-04-14 00:00:00+00:00,233126476930.0
2025-04-15 00:00:00+00:00,233086671939.0
2025-04-16 00:00:00+00:00,233533617271.0
2025-04-17 00:00:00+00:00,233709218722.0
2025-04-18 00:00:00+00:00,234224403912.0
2025-04-19 00:00:00+00:00,233690402739.0
2025-04-20 00:00:00+00:00,233740482710.0
2025-04-21 00:00:00+00:00,233918325438.0
2025-04-22 00:00:00+00:00,234087232697.0
2025-04-23 00:00:00+00:00,235288586554.0
2025-04-24 00:00:00+00:00,235810579235.0
2025-04-25 00:00:00+00:00,236865313104.0
2025-04-26 00:00:00+00:00,237491058483.0
2025-04-27 00:00:00+00:00,238124002235.0
2025-04-28 00:00:00+00:00,238843525984.0
2025-04-29 00:00:00+00:00,239542721662.0
2025-04-30 00:00:00+00:00,241010780299.0
2025-05-01 00:00:00+00:00,241273396701.0
2025-05-02 00:00:00+00:00,241425541566.0
2025-05-03 00:00:00+00:00,241840435914.0
2025-05-04 00:00:00+00:00,242214669627.0
2025-05-05 00:00:00+00:00,242180305178.0
2025-05-06 00:00:00+00:00,242060987388.0
2025-05-07 00:00:00+00:00,241286543589.0
2025-05-08 00:00:00+00:00,241424538250.0
2025-05-09 00:00:00+00:00,242061740178.0
2025-05-10 00:00:00+00:00,241944045692.0
2025-05-11 00:00:00+00:00,242163036475.0
2025-05-12 00:00:00+00:00,242170780308.0
2025-05-13 00:00:00+00:00,241631142006.0
2025-05-14 00:00:00+00:00,241484511028.0
2025-05-15 00:00:00+00:00,241897505693.0
2025-05-16 00:00:00+00:00,242457414694.0
2025-05-17 00:00:00+00:00,243000049798.0
2025-05-18 00:00:00+00:00,243057813733.0
2025-05-19 00:00:00+00:00,243205062616.0
2025-05-20 00:00:00+00:00,243143209035.0
2025-05-21 00:00:00+00:00,243463816614.0
2025-05-22 00:00:00+00:00,244488565383.0
2025-05-23 00:00:00+00:00,245009525715.0
2025-05-24 00:00:00+00:00,245332588188.0
2025-05-25 00:00:00+00:00,245626842516.0
2025-05-26 00:00:00+00:00,245636295101.0
2025-05-27 00:00:00+00:00,245875808011.0
2025-05-28 00:00:00+00:00,245650015592.0
2025-05-29 00:00:00+00:00,245646159870.0
2025-05-30 00:00:00+00:00,245823345399.0
2025-05-31 00:00:00+00:00,245978576263.0
2025-06-01 00:00:00+00:00,246104995024.0
2025-06-02 00:00:00+00:00,246357402802.0
2025-06-03 00:00:00+00:00,246989681504.0
2025-06-04 00:00:00+00:00,247676937900.0
2025-06-05 00:00:00+00:00,248083355185.0
2025-06-06 00:00:00+00:00,247871631646.0
2025-06-07 00:00:00+00:00,248537191481.0
2025-06-08 00:00:00+00:00,248874175747.0
2025-06-09 00:00:00+00:00,248887838274.0
2025-06-10 00:00:00+00:00,249238260288.0
2025-06-11 00:00:00+00:00,248979557794.0
2025-06-12 00:00:00+00:00,249541879869.0
2025-06-13 00:00:00+00:00,249494625283.0
2025-06-14 00:00:00+00:00,250301253003.0
2025-06-15 00:00:00+00:00,250221802501.0
2025-06-16 00:00:00+00:00,250168777492.0
2025-06-17 00:00:00+00:00,250078565049.0
2025-06-18 00:00:00+00:00,250258514482.0
2025-06-19 00:00:00+00:00,250293562584.0
2025-06-20 00:00:00+00:00,250182938865.0
2025-06-21 00:00:00+00:00,249967251300.0
2025-06-22 00:00:00+00:00,249956106810.0
2025-06-23 00:00:00+00:00,250134293383.0
2025-06-24 00:00:00+00:00,249584459697.0
2025-06-25 00:00:00+00:00,251352320182.0
2025-06-26 00:00:00+00:00,251175614458.0
2025-06-27 00:00:00+00:00,251341851775.0
2025-06-28 00:00:00+00:00,251658172384.0
2025-06-29 00:00:00+00:00,251986039955.0
2025-06-30 00:00:00+00:00,251981259025.0
2025-07-01 00:00:00+00:00,252254042408.0
2025-07-02 00:00:00+00:00,252518088474.0
2025-07-03 00:00:00+00:00,252916010780.0
2025-07-04 00:00:00+00:00,253221792568.0
2025-07-05 00:00:00+00:00,253373538411.0
2025-07-06 00:00:00+00:00,253601986924.0
2025-07-07 00:00:00+00:00,253632602362.0
2025-07-08 00:00:00+00:00,253809559807.0
2025-07-09 00:00:00+00:00,253740783483.0
2025-07-10 00:00:00+00:00,254206638802.0
2025-07-11 00:00:00+00:00,255356000389.0
2025-07-12 00:00:00+00:00,256309638099.0
2025-07-13 00:00:00+00:00,256581578591.0
2025-07-14 00:00:00+00:00,256738779975.0
2025-07-15 00:00:00+00:00,256379446769.0
2025-07-16 00:00:00+00:00,255354974941.0
2025-07-17 00:00:00+00:00,258049040472.0
2025-07-18 00:00:00+00:00,258850271641.0
2025-07-19 00:00:00+00:00,259312630117.0
2025-07-20 00:00:00+00:00,259666837715.0
2025-07-21 00:00:00+00:00,260043573930.0
2025-07-22 00:00:00+00:00,260496616024.0
2025-07-23 00:00:00+00:00,260984141949.0
2025-07-24 00:00:00+00:00,261993148918.0
2025-07-25 00:00:00+00:00,263136953970.0
2025-07-26 00:00:00+00:00,262937049456.0
2025-07-27 00:00:00+00:00,263546934062.0
2025-07-28 00:00:00+00:00,263901390163.0
2025-07-29 00:00:00+00:00,263861729558.0
2025-07-30 00:00:00+00:00,263916095124.0
2025-07-31 00:00:00+00:00,264557735385.0
2025-08-01 00:00:00+00:00,265092823697.0
2025-08-02 00:00:00+00:00,265357445884.0
2025-08-03 00:00:00+00:00,265363956566.0
2025-08-04 00:00:00+00:00,265919480359.0
2025-08-05 00:00:00+00:00,266412938714.0
2025-08-06 00:00:00+00:00,266565155662.0
2025-08-07 00:00:00+00:00,266689116530.0
2025-08-08 00:00:00+00:00,267619840150.0
2025-08-09 00:00:00+00:00,268214485385.0
2025-08-10 00:00:00+00:00,268937137462.0
2025-08-11 00:00:00+00:00,268316344514.0
2025-08-12 00:00:00+00:00,269050046931.0
2025-08-13 00:00:00+00:00,269916103592.0
2025-08-14 00:00:00+00:00,271559868004.0
2025-08-15 00:00:00+00:00,273207826642.0
2025-08-16 00:00:00+00:00,274727941421.0
2025-08-17 00:00:00+00:00,274685300022.0
2025-08-18 00:00:00+00:00,275503550108.0
2025-08-19 00:00:00+00:00,275525087430.0
2025-08-20 00:00:00+00:00,275483238732.0
2025-08-21 00:00:00+00:00,275885123200.0
2025-08-22 00:00:00+00:00,274766842070.0
2025-08-23 00:00:00+00:00,274670593540.0
2025-08-24 00:00:00+00:00,276010436080.0
2025-08-25 00:00:00+00:00,276081252682.0
2025-08-26 00:00:00+00:00,277936584490.0
2025-08-27 00:00:00+00:00,278214605075.0
2025-08-28 00:00:00+00:00,278755409692.0
2025-08-29 00:00:00+00:00,281126969967.0
2025-08-30 00:00:00+00:00,281300169945.0
2025-08-31 00:00:00+00:00,281662424982.0
2025-09-01 00:00:00+00:00,282404371290.0
2025-09-02 00:00:00+00:00,282402323614.0
2025-09-03 00:00:00+00:00,281554437284.0
2025-09-04 00:00:00+00:00,283410271970.0
2025-09-05 00:00:00+00:00,286035823015.0
2025-09-06 00:00:00+00:00,284482437157.0
2025-09-07 00:00:00+00:00,284542897470.0
2025-09-08 00:00:00+00:00,284309600540.0
2025-09-09 00:00:00+00:00,284470258148.0
2025-09-10 00:00:00+00:00,284971387102.0
2025-09-11 00:00:00+00:00,285084724014.0
2025-09-12 00:00:00+00:00,285878810507.0
2025-09-13 00:00:00+00:00,287259893129.0
2025-09-14 00:00:00+00:00,287971736677.0
2025-09-15 00:00:00+00:00,288000383920.0
2025-09-16 00:00:00+00:00,288305619800.0
2025-09-17 00:00:00+00:00,289103098543.0
2025-09-18 00:00:00+00:00,289298179453.0
2025-09-19 00:00:00+00:00,290415323496.0
2025-09-20 00:00:00+00:00,291204137091.0
2025-09-21 00:00:00+00:00,291413558874.0
2025-09-22 00:00:00+00:00,291409284716.0
2025-09-23 00:00:00+00:00,292284020132.0
2025-09-24 00:00:00+00:00,293110655644.0
2025-09-25 00:00:00+00:00,293909164554.0
2025-09-26 00:00:00+00:00,294064775768.0
2025-09-27 00:00:00+00:00,294802355221.0
2025-09-28 00:00:00+00:00,294999808376.0
2025-09-29 00:00:00+00:00,295239000684.0
2025-09-30 00:00:00+00:00,296051526810.0
2025-10-01 00:00:00+00:00,297474600277.0
2025-10-02 00:00:00+00:00,298375317178.0
2025-10-03 00:00:00+00:00,299559077393.0
2025-10-04 00:00:00+00:00,301086295007.0
2025-10-05 00:00:00+00:00,301613369081.0
2025-10-06 00:00:00+00:00,301147574971.0
2025-10-07 00:00:00+00:00,301821009761.0
2025-10-08 00:00:00+00:00,302614528563.0
2025-10-09 00:00:00+00:00,302630848537.0
2025-10-10 00:00:00+00:00,302852872878.0
2025-10-11 00:00:00+00:00,303181026137.0
2025-10-12 00:00:00+00:00,302742651305.0
2025-10-13 00:00:00+00:00,302799233388.0
2025-10-14 00:00:00+00:00,303686185891.0
2025-10-15 00:00:00+00:00,304918955407.0
2025-10-16 00:00:00+00:00,305734378424.0
2025-10-17 00:00:00+00:00,305803381780.0
2025-10-18 00:00:00+00:00,306073880586.0
2025-10-19 00:00:00+00:00,306099678921.0
2025-10-20 00:00:00+00:00,306375318223.0
2025-10-21 00:00:00+00:00,306334300116.0
2025-10-22 00:00:00+00:00,307367893746.0
2025-10-23 00:00:00+00:00,306771663388.0
2025-10-24 00:00:00+00:00,306966910881.0
2025-10-25 00:00:00+00:00,307591238218.0
2025-10-26 00:00:00+00:00,307350558383.0
2025-10-27 00:00:00+00:00,307209247509.0
2025-10-28 00:00:00+00:00,306858277797.0
2025-10-29 00:00:00+00:00,307040344040.0
2025-10-30 00:00:00+00:00,306317157048.0
2025-10-31 00:00:00+00:00,305936039561.0
2025-11-01 00:00:00+00:00,305964396563.0
2025-11-02 00:00:00+00:00,306116686148.0
2025-11-03 00:00:00+00:00,305863505596.0
2025-11-04 00:00:00+00:00,305813544622.0
2025-11-05 00:00:00+00:00,304641129901.0
2025-11-06 00:00:00+00:00,304479245789.0
2025-11-07 00:00:00+00:00,303828988078.0
2025-11-08 00:00:00+00:00,304175330888.0
2025-11-09 00:00:00+00:00,303638435833.0
2025-11-10 00:00:00+00:00,303579849048.0
2025-11-11 00:00:00+00:00,303791032165.0
2025-11-12 00:00:00+00:00,304155849035.0
2025-11-13 00:00:00+00:00,304195559172.0
2025-11-14 00:00:00+00:00,303652705002.0
2025-11-15 00:00:00+00:00,302970474279.0
2025-11-16 00:00:00+00:00,302850126150.0
2025-11-17 00:00:00+00:00,302507858977.0
2025-11-18 00:00:00+00:00,302135471451.0
2025-11-19 00:00:00+00:00,301995870151.0
2025-11-20 00:00:00+00:00,301775269883.0
2025-11-21 00:00:00+00:00,301718482604.0
2025-11-22 00:00:00+00:00,301437081161.0
2025-11-23 00:00:00+00:00,301617941012.0
2025-11-24 00:00:00+00:00,301376576419.0
2025-11-25 00:00:00+00:00,302689862302.0
2025-11-26 00:00:00+00:00,303253921090.0
2025-11-27 00:00:00+00:00,304078270709.0
2025-11-28 00:00:00+00:00,304503947715.0
2025-11-29 00:00:00+00:00,305061523517.0
2025-11-30 00:00:00+00:00,305225435426.0
2025-12-01 00:00:00+00:00,304917299321.0
2025-12-02 00:00:00+00:00,305766657819.0
2025-12-03 00:00:00+00:00,306550227147.0
2025-12-04 00:00:00+00:00,306501594456.0
2025-12-05 00:00:00+00:00,307013395553.0
2025-12-06 00:00:00+00:00,307216461767.0
2025-12-07 00:00:00+00:00,307170872366.0
2025-12-08 00:00:00+00:00,307365432754.0
2025-12-09 00:00:00+00:00,307718314850.0
2025-12-10 00:00:00+00:00,307878596200.0
2025-12-11 00:00:00+00:00,307979598889.0
2025-12-12 00:00:00+00:00,308951664862.0
2025-12-13 00:00:00+00:00,309028089667.0
2025-12-14 00:00:00+00:00,308909328506.0
2025-12-15 00:00:00+00:00,308609460040.0
2025-12-16 00:00:00+00:00,308395860733.0
2025-12-17 00:00:00+00:00,308385407794.0
2025-12-18 00:00:00+00:00,308316552736.0
2025-12-19 00:00:00+00:00,307768212358.0
2025-12-20 00:00:00+00:00,308259874261.0
2025-12-21 00:00:00+00:00,309331698393.0
2025-12-22 00:00:00+00:00,308100482946.0
2025-12-23 00:00:00+00:00,308189565734.0
2025-12-24 00:00:00+00:00,307797505219.0
2025-12-25 00:00:00+00:00,307292227985.0
2025-12-26 00:00:00+00:00,307461816754.0
2025-12-27 00:00:00+00:00,307392668935.0
2025-12-28 00:00:00+00:00,307271905089.0
2025-12-29 00:00:00+00:00,307116507825.0
2025-12-30 00:00:00+00:00,306997859490.0
2025-12-31 00:00:00+00:00,306661529478.0
2026-01-01 00:00:00+00:00,305918486001.0
2026-01-02 00:00:00+00:00,305947738296.0
2026-01-03 00:00:00+00:00,306728661822.0
2026-01-04 00:00:00+00:00,306625769142.0
2026-01-05 00:00:00+00:00,306966275955.0
2026-01-06 00:00:00+00:00,307516239089.0
2026-01-07 00:00:00+00:00,307093052478.0
2026-01-08 00:00:00+00:00,306835741530.0
2026-01-09 00:00:00+00:00,306478333516.0
2026-01-10 00:00:00+00:00,306796599653.0
2026-01-11 00:00:00+00:00,306657570177.0
2026-01-12 00:00:00+00:00,306657725856.0
2026-01-13 00:00:00+00:00,306118860970.0
2026-01-14 00:00:00+00:00,307633929751.0
2026-01-15 00:00:00+00:00,308538235246.0
2026-01-16 00:00:00+00:00,309403751027.0
2026-01-17 00:00:00+00:00,309974702522.0
2026-01-18 00:00:00+00:00,310256575678.0
2026-01-19 00:00:00+00:00,310072150521.0
2026-01-20 00:00:00+00:00,309868486136.0
2026-01-21 00:00:00+00:00,308173391931.0
2026-01-22 00:00:00+00:00,307646494550.0
2026-01-23 00:00:00+00:00,307354091568.0
2026-01-24 00:00:00+00:00,307765264261.0
2026-01-25 00:00:00+00:00,307740915590.0
2026-01-26 00:00:00+00:00,307686134442.0
2026-01-27 00:00:00+00:00,307124760223.0
2026-01-28 00:00:00+00:00,307059338862.0
2026-01-29 00:00:00+00:00,306746948022.0
2026-01-30 00:00:00+00:00,305422453438.0
2026-01-31 00:00:00+00:00,304364181496.0
2026-02-01 00:00:00+00:00,303754017728.0
2026-02-02 00:00:00+00:00,304080869681.0
2026-02-03 00:00:00+00:00,304321740691.0
2026-02-04 00:00:00+00:00,304546421053.0
2026-02-05 00:00:00+00:00,304611706598.0
2026-02-06 00:00:00+00:00,303897405142.0
2026-02-07 00:00:00+00:00,304238765262.0
2026-02-08 00:00:00+00:00,304780699505.0
2026-02-09 00:00:00+00:00,305978440965.0
2026-02-10 00:00:00+00:00,305696913148.0
2026-02-11 00:00:00+00:00,305274802454.0
2026-02-12 00:00:00+00:00,305171069519.0
2026-02-13 00:00:00+00:00,304960208545.0
2026-02-14 00:00:00+00:00,305831313145.0
2026-02-15 00:00:00+00:00,305940642927.0
2026-02-16 00:00:00+00:00,306080924594.0
2026-02-17 00:00:00+00:00,306313886193.0
2026-02-18 00:00:00+00:00,305928354091.0
2026-02-19 00:00:00+00:00,306185981662.0
2026-02-20 00:00:00+00:00,306194378869.0
2026-02-21 00:00:00+00:00,305746368463.0
2026-02-22 00:00:00+00:00,305676667628.0
2026-02-23 00:00:00+00:00,306838139296.0
2026-02-24 00:00:00+00:00,306646051361.0
2026-02-25 00:00:00+00:00,306889263532.0
2026-02-26 00:00:00+00:00,307519496151.0
2026-02-27 00:00:00+00:00,307024006277.0
2026-02-28 00:00:00+00:00,307311314610.0
2026-03-01 00:00:00+00:00,307603172429.0
2026-03-02 00:00:00+00:00,307221371341.0
2026-03-03 00:00:00+00:00,308327969928.0
2026-03-04 00:00:00+00:00,308582242430.0
2026-03-05 00:00:00+00:00,309533011261.0
2026-03-06 00:00:00+00:00,310568025020.0
2026-03-07 00:00:00+00:00,310751427889.0
2026-03-08 00:00:00+00:00,310772525571.0
2026-03-09 00:00:00+00:00,310931795185.0
2026-03-10 00:00:00+00:00,311967750925.0
2026-03-11 00:00:00+00:00,312282784885.0
2026-03-12 00:00:00+00:00,312592954483.0
2026-03-13 00:00:00+00:00,313216665638.0
2026-03-14 00:00:00+00:00,313674688795.0
2026-03-15 00:00:00+00:00,313630124596.0
2026-03-16 00:00:00+00:00,313599619287.0
2026-03-17 00:00:00+00:00,313665530287.0
2026-03-18 00:00:00+00:00,313799968208.0
2026-03-19 00:00:00+00:00,313333859587.0
2026-03-20 00:00:00+00:00,313677792409.0
2026-03-21 00:00:00+00:00,313842589982.0
2026-03-22 00:00:00+00:00,313841743583.0
2026-03-23 00:00:00+00:00,313806377050.0
2026-03-24 00:00:00+00:00,313242913604.0
2026-03-25 00:00:00+00:00,313364079656.0
2026-03-26 00:00:00+00:00,313476621299.0
2026-03-27 00:00:00+00:00,312983328639.0
2026-03-28 00:00:00+00:00,312842356158.0
2026-03-29 00:00:00+00:00,312768581170.0
2026-03-30 00:00:00+00:00,312894474600.0
2026-03-31 00:00:00+00:00,313170485799.0
2026-04-01 00:00:00+00:00,313936912652.0
2026-04-02 00:00:00+00:00,314163658962.0
2026-04-03 00:00:00+00:00,314436464431.0
2026-04-04 00:00:00+00:00,314835669426.0
2026-04-05 00:00:00+00:00,314762562027.0
2026-04-06 00:00:00+00:00,314778032679.0
2026-04-07 00:00:00+00:00,314297465901.0
2026-04-08 00:00:00+00:00,315000454667.0
2026-04-09 00:00:00+00:00,315025048716.0
2026-04-10 00:00:00+00:00,315441105957.0
2026-04-11 00:00:00+00:00,316150489820.0
2026-04-12 00:00:00+00:00,316231256277.0
2026-04-13 00:00:00+00:00,316326120350.0
2026-04-14 00:00:00+00:00,316465721743.0
2026-04-15 00:00:00+00:00,317511375242.0
2026-04-16 00:00:00+00:00,317557894914.0
2026-04-17 00:00:00+00:00,318060241864.0
2026-04-18 00:00:00+00:00,318903438024.0
2026-04-19 00:00:00+00:00,319068967627.0
2026-04-20 00:00:00+00:00,318145348571.0
2026-04-21 00:00:00+00:00,318203061257.0
2026-04-22 00:00:00+00:00,318925512394.0
2026-04-23 00:00:00+00:00,318532544321.0
2026-04-24 00:00:00+00:00,318264839250.0
2026-04-25 00:00:00+00:00,318090708254.0
2026-04-26 00:00:00+00:00,318197287628.0
2026-04-27 00:00:00+00:00,318179043089.0
2026-04-28 00:00:00+00:00,317963997628.0
2026-04-29 00:00:00+00:00,318094222624.0
2026-04-30 00:00:00+00:00,317297326439.0
2026-05-01 00:00:00+00:00,317984250383.0
2026-05-02 00:00:00+00:00,318213568649.0
2026-05-03 00:00:00+00:00,318282689565.0
2026-05-04 00:00:00+00:00,318625653870.0
2026-05-05 00:00:00+00:00,319158807111.0
2026-05-06 00:00:00+00:00,320048955023.0
2026-05-07 00:00:00+00:00,320318535922.0
2026-05-08 00:00:00+00:00,320580511551.0
2026-05-09 00:00:00+00:00,319224960721.0
2026-05-10 00:00:00+00:00,319962236474.0
2026-05-11 00:00:00+00:00,320244557993.0
2026-05-12 00:00:00+00:00,320452357591.0
2026-05-13 00:00:00+00:00,320207244206.0
2026-05-14 00:00:00+00:00,319777082017.0
2026-05-15 00:00:00+00:00,319893061516.0
2026-05-16 00:00:00+00:00,320573242931.0
2026-05-17 00:00:00+00:00,320869531836.0
2026-05-18 00:00:00+00:00,320771166041.0
2026-05-19 00:00:00+00:00,320526923818.0
2026-05-20 00:00:00+00:00,320016587314.0
2026-05-21 00:00:00+00:00,319515611314.0
2026-05-22 00:00:00+00:00,320278677461.0
2026-05-23 00:00:00+00:00,320342139219.0
2026-05-24 00:00:00+00:00,320278897788.0
2026-05-25 00:00:00+00:00,320015527739.0
2026-05-26 00:00:00+00:00,320169136872.0
2026-05-27 00:00:00+00:00,319828193570.0
2026-05-28 00:00:00+00:00,319212213859.0
2026-05-29 00:00:00+00:00,318262731668.0
2026-05-30 00:00:00+00:00,317829817201.0
2026-05-31 00:00:00+00:00,317595249365.0
2026-06-01 00:00:00+00:00,317385185706.0
2026-06-02 00:00:00+00:00,317385503661.0
2026-06-03 00:00:00+00:00,316700365315.0
2026-06-04 00:00:00+00:00,315966148155.0
2026-06-05 00:00:00+00:00,314653438925.0
2026-06-06 00:00:00+00:00,314085491653.0
2026-06-07 00:00:00+00:00,313614178479.0
2026-06-08 00:00:00+00:00,313741131602.0
2026-06-09 00:00:00+00:00,314197547302.0
2026-06-10 00:00:00+00:00,313220496690.0
2026-06-11 00:00:00+00:00,313127388561.0
2026-06-12 00:00:00+00:00,312983506664.0
2026-06-13 00:00:00+00:00,312589097831.0
2026-06-14 00:00:00+00:00,312647643357.0
2026-06-15 00:00:00+00:00,312549837466.0
2026-06-16 00:00:00+00:00,313001115638.0
2026-06-17 00:00:00+00:00,312879379112.0
2026-06-18 00:00:00+00:00,312533566610.0
2026-06-19 00:00:00+00:00,312708910963.0
2026-06-20 00:00:00+00:00,312737430016.0
2026-06-21 00:00:00+00:00,312796350957.0
2026-06-22 00:00:00+00:00,312864922392.0
2026-06-23 00:00:00+00:00,312899232529.0
2026-06-24 00:00:00+00:00,312266306496.0
2026-06-25 00:00:00+00:00,311901110370.0
2026-06-26 00:00:00+00:00,312009003058.0
2026-06-27 00:00:00+00:00,310598993822.0
2026-06-28 00:00:00+00:00,310593069864.0
2026-06-29 00:00:00+00:00,310252129042.0
2026-06-30 00:00:00+00:00,309582693182.0
2026-07-01 00:00:00+00:00,308836886461.0
2026-07-02 00:00:00+00:00,308981113751.0
2026-07-03 00:00:00+00:00,308769351269.0
2026-07-04 00:00:00+00:00,308612218184.0
2026-07-05 00:00:00+00:00,308517464362.0
2026-07-06 00:00:00+00:00,309508945312.0
2026-07-07 00:00:00+00:00,309044994131.0
2026-07-08 00:00:00+00:00,308343758088.0
2026-07-09 00:00:00+00:00,308347570022.0
2026-07-10 00:00:00+00:00,309233489619.0
2026-07-11 00:00:00+00:00,309607715758.0
2026-07-12 00:00:00+00:00,309535444717.0
2026-07-13 00:00:00+00:00,309277318391.0
2026-07-14 00:00:00+00:00,308016832196.0
2026-07-15 00:00:00+00:00,308292430608.0
2026-07-16 00:00:00+00:00,307582837211.0
2026-07-17 00:00:00+00:00,307810254260.0
2026-07-18 00:00:00+00:00,308064542359.0
2026-07-19 00:00:00+00:00,308110717673.0
2026-07-20 00:00:00+00:00,307939739858.0
2026-07-21 00:00:00+00:00,307693005547.0
2026-07-22 00:00:00+00:00,307878873214.0
2026-07-23 00:00:00+00:00,307512780542.0
2026-07-24 00:00:00+00:00,308352893456.0
2026-07-25 00:00:00+00:00,308389063212.0
2026-07-26 00:00:00+00:00,308223755032.0
2026-07-27 00:00:00+00:00,307824354205.0
2026-07-28 00:00:00+00:00,306725454476.0
2026-07-29 00:00:00+00:00,306392609446.0
2026-07-30 00:00:00+00:00,306126746930.0
2026-07-31 00:00:00+00:00,305374331907.0
2026-08-01 00:00:00+00:00,305400766678.0
2026-08-02 00:00:00+00:00,305311820510.0
2026-08-03 00:00:00+00:00,305201591093.0
2026-08-04 00:00:00+00:00,305460774720.0
2026-08-05 00:00:00+00:00,305659303403.0
2026-08-06 00:00:00+00:00,305826696016.0
2026-08-07 00:00:00+00:00,305971430710.0
2026-08-08 00:00:00+00:00,306008417583.0
2026-08-09 00:00:00+00:00,306005150228.0
2026-08-10 00:00:00+00:00,306077939952.0
2026-08-11 00:00:00+00:00,305161605824.0
2026-08-12 00:00:00+00:00,306101952541.0
2026-08-13 00:00:00+00:00,306202522199.0
2026-08-14 00:00:00+00:00,306104250965.0
2026-08-15 00:00:00+00:00,306260299664.0
2026-08-16 00:00:00+00:00,306162961450.0
2026-08-17 00:00:00+00:00,306163526363.0
2026-08-18 00:00:00+00:00,306271746868.0
2026-08-19 00:00:00+00:00,306249000253.0
2026-08-20 00:00:00+00:00,306942863690.0
2026-08-21 00:00:00+00:00,307915493988.0
2026-08-22 00:00:00+00:00,308186279650.0
2026-08-23 00:00:00+00:00,308304463016.0
2026-08-24 00:00:00+00:00,308386900230.0
2026-08-25 00:00:00+00:00,308519546397.0
2026-08-26 00:00:00+00:00,308799470975.0
2026-08-27 00:00:00+00:00,309124252100.0
2026-08-28 00:00:00+00:00,309180274228.0
2026-08-29 00:00:00+00:00,308809445182.0
2026-08-30 00:00:00+00:00,308719080122.0
2026-08-31 00:00:00+00:00,308837981914.0
2026-09-01 00:00:00+00:00,308793547553.0
2026-09-02 00:00:00+00:00,308765851777.0
2026-09-03 00:00:00+00:00,309130301385.0
2026-09-04 00:00:00+00:00,310176119112.0
2026-09-05 00:00:00+00:00,310363903537.0
2026-09-06 00:00:00+00:00,310429008257.0
2026-09-07 00:00:00+00:00,310455695432.0
2026-09-08 00:00:00+00:00,310320407526.0
2026-09-09 00:00:00+00:00,310558010979.0
2026-09-10 00:00:00+00:00,310403478758.0
2026-09-11 00:00:00+00:00,310047720998.0
2026-09-12 00:00:00+00:00,310233106315.0
2026-09-13 00:00:00+00:00,310213510596.0
2026-09-14 00:00:00+00:00,310099755482.0
2026-09-15 00:00:00+00:00,310286070987.0
2026-09-16 00:00:00+00:00,309519343577.0
2026-09-17 00:00:00+00:00,309507143418.0
2026-09-18 00:00:00+00:00,309519353146.0
2026-09-19 00:00:00+00:00,310016997435.0
2026-09-20 00:00:00+00:00,309993889506.0
2026-09-21 00:00:00+00:00,310176316366.0
2026-09-22 00:00:00+00:00,311848976661.0
2026-09-23 00:00:00+00:00,309416937898.0
2026-09-24 00:00:00+00:00,308662369742.0
2026-09-25 00:00:00+00:00,310012347516.0
2026-09-26 00:00:00+00:00,309293606306.0
2026-09-27 00:00:00+00:00,311566134296.53
