time,open,high,low,close,volume
2023-07-31 12:20:00+00:00,5.255000114440918,5.257999897003174,5.244999885559082,5.248000144958496,0
2023-08-01 12:20:00+00:00,5.269999980926514,5.275000095367432,5.260000228881836,5.260000228881836,0
2023-08-02 12:20:00+00:00,5.263000011444092,5.264999866485596,5.260000228881836,5.260000228881836,0
2023-08-03 12:20:00+00:00,5.252999782562256,5.26800012588501,5.2179999351501465,5.257999897003174,0
2023-08-04 12:20:00+00:00,5.252999782562256,5.255000114440918,5.25,5.252999782562256,0
2023-08-07 12:20:00+00:00,5.244999885559082,5.260000228881836,5.244999885559082,5.260000228881836,0
2023-08-08 12:20:00+00:00,5.2779998779296875,5.2829999923706055,5.269999980926514,5.275000095367432,0
2023-08-09 12:20:00+00:00,5.284999847412109,5.284999847412109,5.099999904632568,5.28000020980835,0
2023-08-10 12:20:00+00:00,5.2729997634887695,5.2729997634887695,5.244999885559082,5.26800012588501,0
2023-08-11 12:20:00+00:00,5.255000114440918,5.2729997634887695,5.252999782562256,5.264999866485596,0
2023-08-14 12:20:00+00:00,5.264999866485596,5.2729997634887695,5.264999866485596,5.269999980926514,0
2023-08-15 12:20:00+00:00,5.28000020980835,5.284999847412109,5.269999980926514,5.28000020980835,0
2023-08-16 12:20:00+00:00,5.28000020980835,5.284999847412109,5.28000020980835,5.284999847412109,0
2023-08-17 12:20:00+00:00,5.2829999923706055,5.2829999923706055,5.264999866485596,5.2779998779296875,0
2023-08-18 12:20:00+00:00,5.269999980926514,5.2779998779296875,5.264999866485596,5.2779998779296875,0
2023-08-21 12:20:00+00:00,5.2779998779296875,5.2829999923706055,5.275000095367432,5.28000020980835,0
2023-08-22 12:20:00+00:00,5.293000221252441,5.300000190734863,5.293000221252441,5.295000076293945,0
2023-08-23 12:20:00+00:00,5.289999961853027,5.297999858856201,5.269999980926514,5.295000076293945,0
2023-08-24 12:20:00+00:00,5.295000076293945,5.302999973297119,5.289999961853027,5.302999973297119,0
2023-08-25 12:20:00+00:00,5.297999858856201,5.315000057220459,5.297999858856201,5.315000057220459,0
2023-08-28 12:20:00+00:00,5.320000171661377,5.324999809265137,5.317999839782715,5.322999954223633,0
2023-08-29 12:20:00+00:00,5.335000038146973,5.340000152587891,5.317999839782715,5.320000171661377,0
2023-08-30 12:20:00+00:00,5.317999839782715,5.317999839782715,5.309999942779541,5.315000057220459,0
2023-08-31 12:20:00+00:00,5.304999828338623,5.313000202178955,5.295000076293945,5.297999858856201,0
2023-09-01 12:20:00+00:00,5.288000106811523,5.288000106811523,5.21999979019165,5.26800012588501,0
2023-09-05 12:20:00+00:00,5.2729997634887695,5.284999847412109,5.248000144958496,5.2779998779296875,0
2023-09-06 12:20:00+00:00,5.308000087738037,5.309999942779541,5.199999809265137,5.300000190734863,0
2023-09-07 12:20:00+00:00,5.293000221252441,5.293000221252441,5.2829999923706055,5.2829999923706055,0
2023-09-08 12:20:00+00:00,5.2829999923706055,5.293000221252441,5.275000095367432,5.293000221252441,0
2023-09-11 12:20:00+00:00,5.288000106811523,5.300000190734863,5.288000106811523,5.293000221252441,0
2023-09-12 12:20:00+00:00,5.304999828338623,5.308000087738037,5.304999828338623,5.304999828338623,0
2023-09-13 12:20:00+00:00,5.313000202178955,5.315000057220459,5.26800012588501,5.304999828338623,0
2023-09-14 12:20:00+00:00,5.297999858856201,5.304999828338623,5.284999847412109,5.295000076293945,0
2023-09-15 12:20:00+00:00,5.297999858856201,5.302999973297119,5.293000221252441,5.297999858856201,0
2023-09-18 12:20:00+00:00,5.297999858856201,5.304999828338623,5.297999858856201,5.300000190734863,0
2023-09-19 12:20:00+00:00,5.304999828338623,5.313000202178955,5.304999828338623,5.309999942779541,0
2023-09-20 12:20:00+00:00,5.315000057220459,5.320000171661377,5.199999809265137,5.315000057220459,0
2023-09-21 12:20:00+00:00,5.304999828338623,5.309999942779541,5.295000076293945,5.304999828338623,0
2023-09-22 12:20:00+00:00,5.304999828338623,5.313000202178955,5.297999858856201,5.304999828338623,0
2023-09-25 12:20:00+00:00,5.313000202178955,5.315000057220459,5.302999973297119,5.313000202178955,0
2023-09-26 12:20:00+00:00,5.322999954223633,5.324999809265137,5.313000202178955,5.324999809265137,0
2023-09-27 12:20:00+00:00,5.324999809265137,5.333000183105469,5.309999942779541,5.329999923706055,0
2023-09-28 12:20:00+00:00,5.333000183105469,5.333000183105469,5.308000087738037,5.308000087738037,0
2023-09-29 12:20:00+00:00,5.295000076293945,5.304999828338623,5.288000106811523,5.300000190734863,0
2023-10-02 12:20:00+00:00,5.309999942779541,5.320000171661377,5.309999942779541,5.315000057220459,0
2023-10-03 12:20:00+00:00,5.335000038146973,5.340000152587891,5.333000183105469,5.340000152587891,0
2023-10-04 12:20:00+00:00,5.329999923706055,5.335000038146973,5.199999809265137,5.335000038146973,0
2023-10-05 12:20:00+00:00,5.328000068664551,5.333000183105469,5.322999954223633,5.324999809265137,0
2023-10-06 12:20:00+00:00,5.333000183105469,5.3480000495910645,5.329999923706055,5.3480000495910645,0
2023-10-09 12:20:00+00:00,5.3480000495910645,5.3480000495910645,5.3480000495910645,5.3480000495910645,0
2023-10-10 12:20:00+00:00,5.320000171661377,5.328000068664551,5.317999839782715,5.322999954223633,0
2023-10-11 12:20:00+00:00,5.340000152587891,5.3480000495910645,5.199999809265137,5.335000038146973,0
2023-10-12 12:20:00+00:00,5.328000068664551,5.340000152587891,5.324999809265137,5.335000038146973,0
2023-10-13 12:20:00+00:00,5.333000183105469,5.333000183105469,5.320000171661377,5.328000068664551,0
2023-10-16 12:20:00+00:00,5.329999923706055,5.333000183105469,5.324999809265137,5.328000068664551,0
2023-10-17 12:20:00+00:00,5.335000038146973,5.340000152587891,5.333000183105469,5.340000152587891,0
2023-10-18 12:20:00+00:00,5.3379998207092285,5.340000152587891,5.324999809265137,5.329999923706055,0
2023-10-19 12:20:00+00:00,5.328000068664551,5.328000068664551,5.304999828338623,5.309999942779541,0
2023-10-20 12:20:00+00:00,5.297999858856201,5.300000190734863,5.293000221252441,5.300000190734863,0
2023-10-23 12:20:00+00:00,5.297999858856201,5.302999973297119,5.289999961853027,5.293000221252441,0
2023-10-24 12:20:00+00:00,5.309999942779541,5.315000057220459,5.304999828338623,5.308000087738037,0
2023-10-25 12:20:00+00:00,5.308000087738037,5.315000057220459,5.199999809265137,5.315000057220459,0
2023-10-26 12:20:00+00:00,5.313000202178955,5.313000202178955,5.297999858856201,5.300000190734863,0
2023-10-27 12:20:00+00:00,5.300000190734863,5.308000087738037,5.300000190734863,5.304999828338623,0
2023-10-30 12:20:00+00:00,5.304999828338623,5.313000202178955,5.302999973297119,5.313000202178955,0
2023-10-31 12:20:00+00:00,5.317999839782715,5.322999954223633,5.317999839782715,5.320000171661377,0
2023-11-01 12:20:00+00:00,5.317999839782715,5.322999954223633,5.257999897003174,5.300000190734863,0
2023-11-02 12:20:00+00:00,5.289999961853027,5.289999961853027,5.263000011444092,5.269999980926514,0
2023-11-03 12:20:00+00:00,5.263000011444092,5.263000011444092,5.230000019073486,5.252999782562256,0
2023-11-06 13:20:00+00:00,5.257999897003174,5.264999866485596,5.257999897003174,5.260000228881836,0
2023-11-07 13:20:00+00:00,5.275000095367432,5.2779998779296875,5.2729997634887695,5.2729997634887695,0
2023-11-08 13:20:00+00:00,5.275000095367432,5.2779998779296875,5.26800012588501,5.26800012588501,0
2023-11-09 13:20:00+00:00,5.26800012588501,5.26800012588501,5.255000114440918,5.263000011444092,0
2023-11-10 13:20:00+00:00,5.257999897003174,5.257999897003174,5.244999885559082,5.25,0
2023-11-13 13:20:00+00:00,5.248000144958496,5.260000228881836,5.248000144958496,5.260000228881836,0
2023-11-14 13:20:00+00:00,5.28000020980835,5.28000020980835,5.248000144958496,5.252999782562256,0
2023-11-15 13:20:00+00:00,5.25,5.257999897003174,5.224999904632568,5.255000114440918,0
2023-11-16 13:20:00+00:00,5.248000144958496,5.248000144958496,5.230000019073486,5.243000030517578,0
2023-11-17 13:20:00+00:00,5.232999801635742,5.23799991607666,5.230000019073486,5.232999801635742,0
2023-11-20 13:20:00+00:00,5.232999801635742,5.239999771118164,5.232999801635742,5.23799991607666,0
2023-11-21 13:20:00+00:00,5.263000011444092,5.263000011444092,5.252999782562256,5.255000114440918,0
2023-11-22 13:20:00+00:00,5.260000228881836,5.269999980926514,5.099999904632568,5.264999866485596,0
2023-11-24 13:20:00+00:00,5.257999897003174,5.257999897003174,5.25,5.252999782562256,0
2023-11-27 13:20:00+00:00,5.257999897003174,5.263000011444092,5.257999897003174,5.257999897003174,0
2023-11-28 13:20:00+00:00,5.269999980926514,5.269999980926514,5.255000114440918,5.260000228881836,0
2023-11-29 13:20:00+00:00,5.252999782562256,5.252999782562256,5.23799991607666,5.239999771118164,0
2023-11-30 13:20:00+00:00,5.23799991607666,5.244999885559082,5.230000019073486,5.23799991607666,0
2023-12-01 13:20:00+00:00,5.230000019073486,5.232999801635742,5.204999923706055,5.215000152587891,0
2023-12-04 13:20:00+00:00,5.2230000495910645,5.228000164031982,5.2230000495910645,5.2230000495910645,0
2023-12-05 13:20:00+00:00,5.23799991607666,5.243000030517578,5.235000133514404,5.243000030517578,0
2023-12-06 13:20:00+00:00,5.244999885559082,5.244999885559082,5.239999771118164,5.243000030517578,0
2023-12-07 13:20:00+00:00,5.239999771118164,5.239999771118164,5.228000164031982,5.232999801635742,0
2023-12-08 13:20:00+00:00,5.230000019073486,5.235000133514404,5.208000183105469,5.232999801635742,0
2023-12-11 13:20:00+00:00,5.235000133514404,5.235000133514404,5.2230000495910645,5.232999801635742,0
2023-12-12 13:20:00+00:00,5.257999897003174,5.260000228881836,5.23799991607666,5.248000144958496,0
2023-12-13 13:20:00+00:00,5.248000144958496,5.25,5.192999839782715,5.2230000495910645,0
2023-12-14 13:20:00+00:00,5.204999923706055,5.215000152587891,5.199999809265137,5.215000152587891,0
2023-12-15 13:20:00+00:00,5.208000183105469,5.228000164031982,5.208000183105469,5.224999904632568,0
2023-12-18 13:20:00+00:00,5.21999979019165,5.230000019073486,5.2179999351501465,5.224999904632568,0
2023-12-19 13:20:00+00:00,5.243000030517578,5.243000030517578,5.235000133514404,5.23799991607666,0
2023-12-20 13:20:00+00:00,5.239999771118164,5.243000030517578,5.099999904632568,5.230000019073486,0
2023-12-21 13:20:00+00:00,5.21999979019165,5.21999979019165,5.204999923706055,5.210000038146973,0
2023-12-22 13:20:00+00:00,5.199999809265137,5.210000038146973,5.172999858856201,5.208000183105469,0
2023-12-26 13:20:00+00:00,5.210000038146973,5.2230000495910645,5.197999954223633,5.203000068664551,0
2023-12-27 13:20:00+00:00,5.230000019073486,5.235000133514404,5.099999904632568,5.235000133514404,0
2023-12-28 13:20:00+00:00,5.2179999351501465,5.228000164031982,5.2179999351501465,5.2179999351501465,0
2023-12-29 13:20:00+00:00,5.204999923706055,5.208000183105469,5.144999980926514,5.179999828338623,0
2024-01-02 13:20:00+00:00,5.183000087738037,5.215000152587891,5.183000087738037,5.2129998207092285,0
2024-01-03 13:20:00+00:00,5.235000133514404,5.235000133514404,5.230000019073486,5.235000133514404,0
2024-01-04 13:20:00+00:00,5.230000019073486,5.232999801635742,5.2230000495910645,5.228000164031982,0
2024-01-05 13:20:00+00:00,5.228000164031982,5.232999801635742,5.215000152587891,5.21999979019165,0
2024-01-08 13:20:00+00:00,5.228000164031982,5.228000164031982,5.2179999351501465,5.21999979019165,0
2024-01-09 13:20:00+00:00,5.230000019073486,5.235000133514404,5.228000164031982,5.230000019073486,0
2024-01-10 13:20:00+00:00,5.21999979019165,5.224999904632568,5.2179999351501465,5.224999904632568,0
2024-01-11 13:20:00+00:00,5.2179999351501465,5.228000164031982,5.203000068664551,5.2179999351501465,0
2024-01-12 13:20:00+00:00,5.2129998207092285,5.2129998207092285,5.190000057220459,5.197999954223633,0
2024-01-16 13:20:00+00:00,5.208000183105469,5.215000152587891,5.203000068664551,5.203000068664551,0
2024-01-17 13:20:00+00:00,5.21999979019165,5.224999904632568,5.099999904632568,5.215000152587891,0
2024-01-18 13:20:00+00:00,5.204999923706055,5.208000183105469,5.195000171661377,5.199999809265137,0
2024-01-19 13:20:00+00:00,5.195000171661377,5.199999809265137,5.190000057220459,5.197999954223633,0
2024-01-22 13:20:00+00:00,5.197999954223633,5.208000183105469,5.195000171661377,5.199999809265137,0
2024-01-23 13:20:00+00:00,5.2129998207092285,5.2129998207092285,5.210000038146973,5.210000038146973,0
2024-01-24 13:20:00+00:00,5.210000038146973,5.2129998207092285,5.203000068664551,5.210000038146973,0
2024-01-25 13:20:00+00:00,5.208000183105469,5.210000038146973,5.195000171661377,5.195000171661377,0
2024-01-26 13:20:00+00:00,5.192999839782715,5.203000068664551,5.188000202178955,5.199999809265137,0
2024-01-29 13:20:00+00:00,5.203000068664551,5.203000068664551,5.199999809265137,5.199999809265137,0
2024-01-30 13:20:00+00:00,5.199999809265137,5.208000183105469,5.197999954223633,5.203000068664551,0
2024-01-31 13:20:00+00:00,5.204999923706055,5.204999923706055,5.135000228881836,5.188000202178955,0
2024-02-01 13:20:00+00:00,5.195000171661377,5.199999809265137,5.192999839782715,5.199999809265137,0
2024-02-02 13:20:00+00:00,5.199999809265137,5.21999979019165,5.188000202178955,5.210000038146973,0
2024-02-05 13:20:00+00:00,5.208000183105469,5.228000164031982,5.204999923706055,5.228000164031982,0
2024-02-06 13:20:00+00:00,5.224999904632568,5.228000164031982,5.215000152587891,5.2230000495910645,0
2024-02-07 13:20:00+00:00,5.21999979019165,5.224999904632568,5.2179999351501465,5.2230000495910645,0
2024-02-08 13:20:00+00:00,5.215000152587891,5.21999979019165,5.2129998207092285,5.2179999351501465,0
2024-02-09 13:20:00+00:00,5.2179999351501465,5.224999904632568,5.215000152587891,5.21999979019165,0
2024-02-12 13:20:00+00:00,5.215000152587891,5.228000164031982,5.215000152587891,5.228000164031982,0
2024-02-13 13:20:00+00:00,5.224999904632568,5.244999885559082,5.21999979019165,5.232999801635742,0
2024-02-14 13:20:00+00:00,5.230000019073486,5.230000019073486,5.2179999351501465,5.2179999351501465,0
2024-02-15 13:20:00+00:00,5.215000152587891,5.2179999351501465,5.208000183105469,5.2179999351501465,0
2024-02-16 13:20:00+00:00,5.2129998207092285,5.228000164031982,5.210000038146973,5.2230000495910645,0
2024-02-20 13:20:00+00:00,5.21999979019165,5.2230000495910645,5.2129998207092285,5.2129998207092285,0
2024-02-21 13:20:00+00:00,5.224999904632568,5.235000133514404,5.2230000495910645,5.235000133514404,0
2024-02-22 13:20:00+00:00,5.230000019073486,5.23799991607666,5.230000019073486,5.232999801635742,0
2024-02-23 13:20:00+00:00,5.23799991607666,5.239999771118164,5.235000133514404,5.239999771118164,0
2024-02-26 13:20:00+00:00,5.243000030517578,5.252999782562256,5.243000030517578,5.25,0
2024-02-27 13:20:00+00:00,5.244999885559082,5.25,5.243000030517578,5.244999885559082,0
2024-02-28 13:20:00+00:00,5.23799991607666,5.239999771118164,5.235000133514404,5.239999771118164,0
2024-02-29 13:20:00+00:00,5.232999801635742,5.235000133514404,5.21999979019165,5.2230000495910645,0
2024-03-01 13:20:00+00:00,5.2179999351501465,5.2230000495910645,5.215000152587891,5.215000152587891,0
2024-03-04 13:20:00+00:00,5.2179999351501465,5.228000164031982,5.2179999351501465,5.2230000495910645,0
2024-03-05 13:20:00+00:00,5.232999801635742,5.232999801635742,5.2230000495910645,5.224999904632568,0
2024-03-06 13:20:00+00:00,5.230000019073486,5.232999801635742,5.230000019073486,5.230000019073486,0
2024-03-07 13:20:00+00:00,5.228000164031982,5.230000019073486,5.228000164031982,5.228000164031982,0
2024-03-08 13:20:00+00:00,5.2230000495910645,5.230000019073486,5.208000183105469,5.228000164031982,0
2024-03-11 12:20:00+00:00,5.232999801635742,5.243000030517578,5.232999801635742,5.239999771118164,0
2024-03-12 12:20:00+00:00,5.239999771118164,5.243000030517578,5.228000164031982,5.239999771118164,0
2024-03-13 12:20:00+00:00,5.244999885559082,5.244999885559082,5.23799991607666,5.23799991607666,0
2024-03-14 12:20:00+00:00,5.23799991607666,5.239999771118164,5.232999801635742,5.23799991607666,0
2024-03-15 12:20:00+00:00,5.235000133514404,5.23799991607666,5.235000133514404,5.23799991607666,0
2024-03-18 12:20:00+00:00,5.23799991607666,5.243000030517578,5.235000133514404,5.23799991607666,0
2024-03-19 12:20:00+00:00,5.235000133514404,5.239999771118164,5.235000133514404,5.23799991607666,0
2024-03-20 12:20:00+00:00,5.239999771118164,5.239999771118164,5.177999973297119,5.228000164031982,0
2024-03-21 12:20:00+00:00,5.224999904632568,5.228000164031982,5.224999904632568,5.228000164031982,0
2024-03-22 12:20:00+00:00,5.2230000495910645,5.2230000495910645,5.21999979019165,5.21999979019165,0
2024-03-25 12:20:00+00:00,5.2179999351501465,5.2230000495910645,5.215000152587891,5.2179999351501465,0
2024-03-26 12:20:00+00:00,5.215000152587891,5.21999979019165,5.215000152587891,5.2179999351501465,0
2024-03-27 12:20:00+00:00,5.21999979019165,5.21999979019165,5.215000152587891,5.215000152587891,0
2024-03-28 12:20:00+00:00,5.2129998207092285,5.215000152587891,5.192999839782715,5.203000068664551,0
2024-04-01 12:20:00+00:00,5.204999923706055,5.228000164031982,5.204999923706055,5.2179999351501465,0
2024-04-02 12:20:00+00:00,5.21999979019165,5.21999979019165,5.208000183105469,5.2129998207092285,0
2024-04-03 12:20:00+00:00,5.210000038146973,5.215000152587891,5.208000183105469,5.210000038146973,0
2024-04-04 12:20:00+00:00,5.203000068664551,5.204999923706055,5.203000068664551,5.203000068664551,0
2024-04-05 12:20:00+00:00,5.199999809265137,5.2179999351501465,5.192999839782715,5.215000152587891,0
2024-04-08 12:20:00+00:00,5.215000152587891,5.224999904632568,5.215000152587891,5.2230000495910645,0
2024-04-09 12:20:00+00:00,5.2230000495910645,5.224999904632568,5.2179999351501465,5.21999979019165,0
2024-04-10 12:20:00+00:00,5.21999979019165,5.244999885559082,5.164999961853027,5.243000030517578,0
2024-04-11 12:20:00+00:00,5.23799991607666,5.239999771118164,5.232999801635742,5.23799991607666,0
2024-04-12 12:20:00+00:00,5.230000019073486,5.230000019073486,5.228000164031982,5.230000019073486,0
2024-04-15 12:20:00+00:00,5.23799991607666,5.243000030517578,5.235000133514404,5.23799991607666,0
2024-04-16 12:20:00+00:00,5.23799991607666,5.243000030517578,5.232999801635742,5.232999801635742,0
2024-04-17 12:20:00+00:00,5.23799991607666,5.243000030517578,5.23799991607666,5.239999771118164,0
2024-04-18 12:20:00+00:00,5.243000030517578,5.248000144958496,5.239999771118164,5.243000030517578,0
2024-04-19 12:20:00+00:00,5.243000030517578,5.244999885559082,5.243000030517578,5.244999885559082,0
2024-04-22 12:20:00+00:00,5.244999885559082,5.248000144958496,5.244999885559082,5.244999885559082,0
2024-04-23 12:20:00+00:00,5.244999885559082,5.248000144958496,5.244999885559082,5.244999885559082,0
2024-04-24 12:20:00+00:00,5.252999782562256,5.255000114440918,5.252999782562256,5.255000114440918,0
2024-04-25 12:20:00+00:00,5.248000144958496,5.252999782562256,5.243000030517578,5.244999885559082,0
2024-04-26 12:20:00+00:00,5.239999771118164,5.239999771118164,5.23799991607666,5.23799991607666,0
2024-04-29 12:20:00+00:00,5.243000030517578,5.248000144958496,5.239999771118164,5.243000030517578,0
2024-04-30 12:20:00+00:00,5.243000030517578,5.248000144958496,5.239999771118164,5.244999885559082,0
2024-05-01 12:20:00+00:00,5.25,5.255000114440918,5.208000183105469,5.25,0
2024-05-02 12:20:00+00:00,5.243000030517578,5.243000030517578,5.23799991607666,5.23799991607666,0
2024-05-03 12:20:00+00:00,5.23799991607666,5.23799991607666,5.2230000495910645,5.235000133514404,0
2024-05-06 12:20:00+00:00,5.23799991607666,5.243000030517578,5.235000133514404,5.239999771118164,0
2024-05-07 12:20:00+00:00,5.239999771118164,5.243000030517578,5.239999771118164,5.243000030517578,0
2024-05-08 12:20:00+00:00,5.244999885559082,5.244999885559082,5.244999885559082,5.244999885559082,0
2024-05-09 12:20:00+00:00,5.244999885559082,5.244999885559082,5.239999771118164,5.239999771118164,0
2024-05-10 12:20:00+00:00,5.239999771118164,5.244999885559082,5.23799991607666,5.243000030517578,0
2024-05-13 12:20:00+00:00,5.239999771118164,5.244999885559082,5.239999771118164,5.239999771118164,0
2024-05-14 12:20:00+00:00,5.239999771118164,5.243000030517578,5.235000133514404,5.235000133514404,0
2024-05-15 12:20:00+00:00,5.239999771118164,5.243000030517578,5.235000133514404,5.239999771118164,0
2024-05-16 12:20:00+00:00,5.239999771118164,5.243000030517578,5.23799991607666,5.243000030517578,0
2024-05-17 12:20:00+00:00,5.239999771118164,5.243000030517578,5.239999771118164,5.239999771118164,0
2024-05-20 12:20:00+00:00,5.239999771118164,5.239999771118164,5.23799991607666,5.239999771118164,0
2024-05-21 12:20:00+00:00,5.23799991607666,5.239999771118164,5.235000133514404,5.239999771118164,0
2024-05-22 12:20:00+00:00,5.243000030517578,5.244999885559082,5.239999771118164,5.244999885559082,0
2024-05-23 12:20:00+00:00,5.239999771118164,5.248000144958496,5.23799991607666,5.244999885559082,0
2024-05-24 12:20:00+00:00,5.244999885559082,5.248000144958496,5.244999885559082,5.244999885559082,0
2024-05-28 12:20:00+00:00,5.248000144958496,5.25,5.248000144958496,5.248000144958496,0
2024-05-29 12:20:00+00:00,5.25,5.25,5.25,5.25,0
2024-05-30 12:20:00+00:00,5.248000144958496,5.25,5.248000144958496,5.248000144958496,0
2024-05-31 12:20:00+00:00,5.248000144958496,5.248000144958496,5.243000030517578,5.244999885559082,0
2024-06-03 12:20:00+00:00,5.244999885559082,5.244999885559082,5.243000030517578,5.243000030517578,0
2024-06-04 12:20:00+00:00,5.243000030517578,5.243000030517578,5.239999771118164,5.239999771118164,0
2024-06-05 12:20:00+00:00,5.244999885559082,5.244999885559082,5.239999771118164,5.239999771118164,0
2024-06-06 12:20:00+00:00,5.23799991607666,5.23799991607666,5.230000019073486,5.232999801635742,0
2024-06-07 12:20:00+00:00,5.230000019073486,5.243000030517578,5.228000164031982,5.23799991607666,0
2024-06-10 12:20:00+00:00,5.232999801635742,5.235000133514404,5.232999801635742,5.232999801635742,0
2024-06-11 12:20:00+00:00,5.239999771118164,5.244999885559082,5.239999771118164,5.244999885559082,0
2024-06-12 12:20:00+00:00,5.244999885559082,5.244999885559082,5.23799991607666,5.243000030517578,0
2024-06-13 12:20:00+00:00,5.239999771118164,5.243000030517578,5.232999801635742,5.239999771118164,0
2024-06-14 12:20:00+00:00,5.23799991607666,5.239999771118164,5.23799991607666,5.239999771118164,0
2024-06-17 12:20:00+00:00,5.236999988555908,5.244999885559082,5.236999988555908,5.243000030517578,0
2024-06-18 12:20:00+00:00,5.244999885559082,5.244999885559082,5.230000019073486,5.235000133514404,0
2024-06-20 12:20:00+00:00,5.228000164031982,5.230000019073486,5.224999904632568,5.224999904632568,0
2024-06-21 12:20:00+00:00,5.21999979019165,5.2230000495910645,5.2129998207092285,5.215000152587891,0
2024-06-24 12:20:00+00:00,5.215000152587891,5.215000152587891,5.208000183105469,5.210000038146973,0
2024-06-25 12:20:00+00:00,5.224999904632568,5.224999904632568,5.2230000495910645,5.2230000495910645,0
2024-06-26 12:20:00+00:00,5.23199987411499,5.23199987411499,5.230000019073486,5.230000019073486,0
2024-06-27 12:20:00+00:00,5.228000164031982,5.228000164031982,5.21999979019165,5.2230000495910645,0
2024-06-28 12:20:00+00:00,5.21999979019165,5.2230000495910645,5.2129998207092285,5.2129998207092285,0
2024-07-01 12:20:00+00:00,5.215000152587891,5.2230000495910645,5.215000152587891,5.2179999351501465,0
2024-07-02 12:20:00+00:00,5.228000164031982,5.23199987411499,5.224999904632568,5.228000164031982,0
2024-07-03 12:20:00+00:00,5.228000164031982,5.230000019073486,5.150000095367432,5.230000019073486,0
2024-07-05 12:20:00+00:00,5.2230000495910645,5.228000164031982,5.210000038146973,5.224999904632568,0
2024-07-08 12:20:00+00:00,5.228000164031982,5.228000164031982,5.2179999351501465,5.2179999351501465,0
2024-07-09 12:20:00+00:00,5.2230000495910645,5.228000164031982,5.2230000495910645,5.224999904632568,0
2024-07-10 12:20:00+00:00,5.224999904632568,5.228000164031982,5.224999904632568,5.224999904632568,0
2024-07-11 12:20:00+00:00,5.2179999351501465,5.2179999351501465,5.197999954223633,5.197999954223633,0
2024-07-12 12:20:00+00:00,5.197999954223633,5.199999809265137,5.188000202178955,5.197999954223633,0
2024-07-15 12:20:00+00:00,5.195000171661377,5.195000171661377,5.188000202178955,5.192999839782715,0
2024-07-16 12:20:00+00:00,5.188000202178955,5.192999839782715,5.184999942779541,5.192999839782715,0
2024-07-17 12:20:00+00:00,5.195000171661377,5.197999954223633,5.192999839782715,5.195000171661377,0
2024-07-18 12:20:00+00:00,5.195000171661377,5.195000171661377,5.190000057220459,5.192999839782715,0
2024-07-19 12:20:00+00:00,5.190000057220459,5.195000171661377,5.190000057220459,5.192999839782715,0
2024-07-22 12:20:00+00:00,5.192999839782715,5.192999839782715,5.184999942779541,5.190000057220459,0
2024-07-23 12:20:00+00:00,5.175000190734863,5.175000190734863,5.172999858856201,5.172999858856201,0
2024-07-24 12:20:00+00:00,5.175000190734863,5.175000190734863,5.164999961853027,5.170000076293945,0
2024-07-25 12:20:00+00:00,5.1579999923706055,5.163000106811523,5.138000011444092,5.159999847412109,0
2024-07-26 12:20:00+00:00,5.1579999923706055,5.1579999923706055,5.15500020980835,5.15500020980835,0
2024-07-29 12:20:00+00:00,5.15500020980835,5.15500020980835,5.135000228881836,5.146999835968018,0
2024-07-30 12:20:00+00:00,5.14300012588501,5.144999980926514,5.132999897003174,5.135000228881836,0
2024-07-31 12:20:00+00:00,5.130000114440918,5.135000228881836,5.118000030517578,5.135000228881836,0
2024-08-01 12:20:00+00:00,5.127999782562256,5.127999782562256,5.111999988555908,5.114999771118164,0
2024-08-02 12:20:00+00:00,5.0980000495910645,5.0980000495910645,5.010000228881836,5.03000020980835,0
2024-08-05 12:20:00+00:00,4.947999954223633,5.074999809265137,4.909999847412109,5.059999942779541,0
2024-08-06 12:20:00+00:00,5.072999954223633,5.079999923706055,5.063000202178955,5.079999923706055,0
2024-08-07 12:20:00+00:00,5.079999923706055,5.085000038146973,5.070000171661377,5.079999923706055,0
2024-08-08 12:20:00+00:00,5.072999954223633,5.085000038146973,5.065000057220459,5.083000183105469,0
2024-08-09 12:20:00+00:00,5.072999954223633,5.074999809265137,5.059999942779541,5.074999809265137,0
2024-08-12 12:20:00+00:00,5.072999954223633,5.078000068664551,5.072999954223633,5.072999954223633,0
2024-08-13 12:20:00+00:00,5.065000057220459,5.067999839782715,5.052999973297119,5.052999973297119,0
2024-08-14 12:20:00+00:00,5.050000190734863,5.067999839782715,4.9730000495910645,5.063000202178955,0
2024-08-15 12:20:00+00:00,5.057000160217285,5.083000183105469,5.047999858856201,5.079999923706055,0
2024-08-16 12:20:00+00:00,5.070000171661377,5.078000068664551,5.067999839782715,5.074999809265137,0
2024-08-19 12:20:00+00:00,5.072999954223633,5.074999809265137,5.057000160217285,5.063000202178955,0
2024-08-20 12:20:00+00:00,5.047999858856201,5.047999858856201,5.0329999923706055,5.0329999923706055,0
2024-08-21 12:20:00+00:00,5.025000095367432,5.025000095367432,4.954999923706055,5.005000114440918,0
2024-08-22 12:20:00+00:00,5.01800012588501,5.025000095367432,5.013000011444092,5.025000095367432,0
2024-08-23 12:20:00+00:00,5.01800012588501,5.019999980926514,4.998000144958496,5.0,0
2024-08-26 12:20:00+00:00,5.0,5.007999897003174,4.998000144958496,4.998000144958496,0
2024-08-27 12:20:00+00:00,4.978000164031982,4.978000164031982,4.9679999351501465,4.9679999351501465,0
2024-08-28 12:20:00+00:00,4.960000038146973,4.965000152587891,4.953000068664551,4.954999923706055,0
2024-08-29 12:20:00+00:00,4.953000068664551,4.965000152587891,4.947999954223633,4.965000152587891,0
2024-08-30 12:20:00+00:00,4.960000038146973,4.96999979019165,4.960000038146973,4.9679999351501465,0
2024-09-03 12:20:00+00:00,4.965000152587891,4.9730000495910645,4.9629998207092285,4.96999979019165,0
2024-09-04 12:20:00+00:00,4.954999923706055,4.960000038146973,4.90500020980835,4.947999954223633,0
2024-09-05 12:20:00+00:00,4.934999942779541,4.947999954223633,4.927999973297119,4.932000160217285,0
2024-09-06 12:20:00+00:00,4.9079999923706055,4.914999961853027,4.820000171661377,4.9079999923706055,0
2024-09-09 12:20:00+00:00,4.914999961853027,4.925000190734863,4.894999980926514,4.894999980926514,0
2024-09-10 12:20:00+00:00,4.880000114440918,4.882999897003174,4.835000038146973,4.835000038146973,0
2024-09-11 12:20:00+00:00,4.84499979019165,4.875,4.802999973297119,4.875,0
2024-09-12 12:20:00+00:00,4.85699987411499,4.85699987411499,4.840000152587891,4.840000152587891,0
2024-09-13 12:20:00+00:00,4.784999847412109,4.788000106811523,4.760000228881836,4.763000011444092,0
2024-09-16 12:20:00+00:00,4.7230000495910645,4.748000144958496,4.697000026702881,4.744999885559082,0
2024-09-17 12:20:00+00:00,4.743000030517578,4.75,4.73199987411499,4.735000133514404,0
2024-09-18 12:20:00+00:00,4.736999988555908,4.75,4.59499979019165,4.614999771118164,0
2024-09-19 12:20:00+00:00,4.614999771118164,4.618000030517578,4.5929999351501465,4.5929999351501465,0
2024-09-20 12:20:00+00:00,4.590000152587891,4.5929999351501465,4.543000221252441,4.545000076293945,0
2024-09-23 12:20:00+00:00,4.545000076293945,4.547999858856201,4.5,4.502999782562256,0
2024-09-24 12:20:00+00:00,4.514999866485596,4.51800012588501,4.494999885559082,4.494999885559082,0
2024-09-25 12:20:00+00:00,4.493000030517578,4.494999885559082,4.478000164031982,4.486999988555908,0
2024-09-26 12:20:00+00:00,4.46999979019165,4.4730000495910645,4.458000183105469,4.4679999351501465,0
2024-09-27 12:20:00+00:00,4.478000164031982,4.48199987411499,4.4629998207092285,4.48199987411499,0
2024-09-30 12:20:00+00:00,4.48199987411499,4.505000114440918,4.480000019073486,4.498000144958496,0
2024-10-01 12:20:00+00:00,4.502999782562256,4.502999782562256,4.478000164031982,4.48199987411499,0
2024-10-02 12:20:00+00:00,4.489999771118164,4.494999885559082,4.465000152587891,4.4730000495910645,0
2024-10-03 12:20:00+00:00,4.4629998207092285,4.4730000495910645,4.449999809265137,4.465000152587891,0
2024-10-04 12:20:00+00:00,4.460000038146973,4.507999897003174,4.440000057220459,4.505000114440918,0
2024-10-07 12:20:00+00:00,4.5,4.5279998779296875,4.489999771118164,4.525000095367432,0
2024-10-08 12:20:00+00:00,4.5279998779296875,4.534999847412109,4.521999835968018,4.5279998779296875,0
2024-10-09 12:20:00+00:00,4.525000095367432,4.534999847412109,4.519999980926514,4.534999847412109,0
2024-10-10 12:20:00+00:00,4.525000095367432,4.5329999923706055,4.502999782562256,4.53000020980835,0
2024-10-11 12:20:00+00:00,4.51800012588501,4.519999980926514,4.5,4.514999866485596,0
2024-10-14 12:20:00+00:00,4.51800012588501,4.51800012588501,4.51800012588501,4.51800012588501,0
2024-10-15 12:20:00+00:00,4.521999835968018,4.521999835968018,4.502999782562256,4.514999866485596,0
2024-10-16 12:20:00+00:00,4.5,4.502999782562256,4.498000144958496,4.502999782562256,0
2024-10-17 12:20:00+00:00,4.498000144958496,4.519999980926514,4.498000144958496,4.514999866485596,0
2024-10-18 12:20:00+00:00,4.514999866485596,4.51800012588501,4.510000228881836,4.513000011444092,0
2024-10-21 12:20:00+00:00,4.513000011444092,4.51800012588501,4.510000228881836,4.51800012588501,0
2024-10-22 12:20:00+00:00,4.5,4.5,4.493000030517578,4.5,0
2024-10-23 12:20:00+00:00,4.489999771118164,4.510000228881836,4.489999771118164,4.505000114440918,0
2024-10-24 12:20:00+00:00,4.493000030517578,4.498000144958496,4.485000133514404,4.486999988555908,0
2024-10-25 12:20:00+00:00,4.478000164031982,4.510000228881836,4.478000164031982,4.510000228881836,0
2024-10-28 12:20:00+00:00,4.502999782562256,4.507999897003174,4.480000019073486,4.48199987411499,0
2024-10-29 12:20:00+00:00,4.485000133514404,4.485000133514404,4.478000164031982,4.480000019073486,0
2024-10-30 12:20:00+00:00,4.48199987411499,4.485000133514404,4.460000038146973,4.4629998207092285,0
2024-10-31 12:20:00+00:00,4.460000038146973,4.460000038146973,4.422999858856201,4.432000160217285,0
2024-11-01 12:20:00+00:00,4.427999973297119,4.427999973297119,4.39300012588501,4.400000095367432,0
2024-11-04 13:20:00+00:00,4.394999980926514,4.420000076293945,4.385000228881836,4.418000221252441,0
2024-11-05 13:20:00+00:00,4.425000190734863,4.427999973297119,4.420000076293945,4.422999858856201,0
2024-11-06 13:20:00+00:00,4.427999973297119,4.434999942779541,4.420000076293945,4.429999828338623,0
2024-11-07 13:20:00+00:00,4.413000106811523,4.427999973297119,4.4029998779296875,4.420000076293945,0
2024-11-08 13:20:00+00:00,4.413000106811523,4.422999858856201,4.409999847412109,4.422999858856201,0
2024-11-11 13:20:00+00:00,4.414999961853027,4.414999961853027,4.414999961853027,4.414999961853027,0
2024-11-12 13:20:00+00:00,4.420000076293945,4.425000190734863,4.420000076293945,4.422999858856201,0
2024-11-13 13:20:00+00:00,4.418000221252441,4.422999858856201,4.385000228881836,4.389999866485596,0
2024-11-14 13:20:00+00:00,4.377999782562256,4.389999866485596,4.377999782562256,4.382999897003174,0
2024-11-15 13:20:00+00:00,4.389999866485596,4.396999835968018,4.385000228881836,4.39300012588501,0
2024-11-18 13:20:00+00:00,4.394999980926514,4.4029998779296875,4.39300012588501,4.4029998779296875,0
2024-11-19 13:20:00+00:00,4.4079999923706055,4.409999847412109,4.4029998779296875,4.4079999923706055,0
2024-11-20 13:20:00+00:00,4.409999847412109,4.414999961853027,4.409999847412109,4.409999847412109,0
2024-11-21 13:20:00+00:00,4.4029998779296875,4.413000106811523,4.400000095367432,4.413000106811523,0
2024-11-22 13:20:00+00:00,4.4079999923706055,4.420000076293945,4.4079999923706055,4.414999961853027,0
2024-11-25 13:20:00+00:00,4.413000106811523,4.413000106811523,4.4029998779296875,4.40500020980835,0
2024-11-26 13:20:00+00:00,4.396999835968018,4.4079999923706055,4.394999980926514,4.394999980926514,0
2024-11-27 13:20:00+00:00,4.388000011444092,4.396999835968018,4.385000228881836,4.385000228881836,0
2024-11-29 13:20:00+00:00,4.385000228881836,4.388000011444092,4.368000030517578,4.373000144958496,0
2024-12-02 13:20:00+00:00,4.375,4.396999835968018,4.375,4.380000114440918,0
2024-12-03 13:20:00+00:00,4.364999771118164,4.368000030517578,4.353000164031982,4.35699987411499,0
2024-12-04 13:20:00+00:00,4.355000019073486,4.355000019073486,4.340000152587891,4.34499979019165,0
2024-12-05 13:20:00+00:00,4.340000152587891,4.340000152587891,4.328000068664551,4.329999923706055,0
2024-12-06 13:20:00+00:00,4.329999923706055,4.333000183105469,4.295000076293945,4.295000076293945,0
2024-12-09 13:20:00+00:00,4.289999961853027,4.297999858856201,4.289999961853027,4.293000221252441,0
2024-12-10 13:20:00+00:00,4.293000221252441,4.295000076293945,4.284999847412109,4.284999847412109,0
2024-12-11 13:20:00+00:00,4.28000020980835,4.28000020980835,4.25,4.255000114440918,0
2024-12-12 13:20:00+00:00,4.248000144958496,4.25,4.21999979019165,4.2230000495910645,0
2024-12-13 13:20:00+00:00,4.2179999351501465,4.21999979019165,4.2179999351501465,4.2179999351501465,0
2024-12-16 13:20:00+00:00,4.215000152587891,4.23199987411499,4.215000152587891,4.228000164031982,0
2024-12-17 13:20:00+00:00,4.236999988555908,4.243000030517578,4.23199987411499,4.239999771118164,0
2024-12-18 13:20:00+00:00,4.23199987411499,4.243000030517578,4.21999979019165,4.23199987411499,0
2024-12-19 13:20:00+00:00,4.224999904632568,4.224999904632568,4.2179999351501465,4.21999979019165,0
2024-12-20 13:20:00+00:00,4.2179999351501465,4.21999979019165,4.2129998207092285,4.215000152587891,0
2024-12-23 13:20:00+00:00,4.2179999351501465,4.224999904632568,4.215000152587891,4.215000152587891,0
2024-12-24 13:20:00+00:00,4.21999979019165,4.21999979019165,4.150000095367432,4.199999809265137,0
2024-12-26 13:20:00+00:00,4.210000038146973,4.224999904632568,4.204999923706055,4.215000152587891,0
2024-12-27 13:20:00+00:00,4.203000068664551,4.208000183105469,4.175000190734863,4.177999973297119,0
2024-12-30 13:20:00+00:00,4.177999973297119,4.184999942779541,4.172999858856201,4.182000160217285,0
2024-12-31 13:20:00+00:00,4.210000038146973,4.2179999351501465,4.15500020980835,4.208000183105469,0
2025-01-02 13:20:00+00:00,4.208000183105469,4.2129998207092285,4.199999809265137,4.208000183105469,0
2025-01-03 13:20:00+00:00,4.197000026702881,4.197000026702881,4.190000057220459,4.192999839782715,0
2025-01-06 13:20:00+00:00,4.188000202178955,4.192999839782715,4.184999942779541,4.190000057220459,0
2025-01-07 13:20:00+00:00,4.195000171661377,4.210000038146973,4.195000171661377,4.203000068664551,0
2025-01-08 13:20:00+00:00,4.204999923706055,4.204999923706055,4.203000068664551,4.204999923706055,0
2025-01-10 13:20:00+00:00,4.197000026702881,4.2129998207092285,4.195000171661377,4.2129998207092285,0
2025-01-13 13:20:00+00:00,4.2179999351501465,4.2230000495910645,4.2179999351501465,4.2179999351501465,0
2025-01-14 13:20:00+00:00,4.21999979019165,4.21999979019165,4.2129998207092285,4.2129998207092285,0
2025-01-15 13:20:00+00:00,4.215000152587891,4.215000152587891,4.197000026702881,4.204999923706055,0
2025-01-16 13:20:00+00:00,4.199999809265137,4.203000068664551,4.179999828338623,4.195000171661377,0
2025-01-17 13:20:00+00:00,4.192999839782715,4.203000068664551,4.190000057220459,4.192999839782715,0
2025-01-21 13:20:00+00:00,4.190000057220459,4.197000026702881,4.190000057220459,4.197000026702881,0
2025-01-22 13:20:00+00:00,4.210000038146973,4.215000152587891,4.210000038146973,4.215000152587891,0
2025-01-23 13:20:00+00:00,4.2129998207092285,4.2129998207092285,4.210000038146973,4.2129998207092285,0
2025-01-24 13:20:00+00:00,4.208000183105469,4.208000183105469,4.203000068664551,4.204999923706055,0
2025-01-27 13:20:00+00:00,4.197000026702881,4.199999809265137,4.184999942779541,4.188000202178955,0
2025-01-28 13:20:00+00:00,4.192999839782715,4.192999839782715,4.188000202178955,4.190000057220459,0
2025-01-29 13:20:00+00:00,4.184999942779541,4.190000057220459,4.172999858856201,4.188000202178955,0
2025-01-30 13:20:00+00:00,4.182000160217285,4.184999942779541,4.179999828338623,4.182000160217285,0
2025-01-31 13:20:00+00:00,4.184999942779541,4.188000202178955,4.182000160217285,4.188000202178955,0
2025-02-03 13:20:00+00:00,4.188000202178955,4.190000057220459,4.188000202178955,4.190000057220459,0
2025-02-04 13:20:00+00:00,4.2129998207092285,4.215000152587891,4.210000038146973,4.2129998207092285,0
2025-02-05 13:20:00+00:00,4.210000038146973,4.2129998207092285,4.210000038146973,4.210000038146973,0
2025-02-06 13:20:00+00:00,4.210000038146973,4.2129998207092285,4.208000183105469,4.2129998207092285,0
2025-02-07 13:20:00+00:00,4.208000183105469,4.228000164031982,4.204999923706055,4.228000164031982,0
2025-02-10 13:20:00+00:00,4.224999904632568,4.228000164031982,4.2230000495910645,4.228000164031982,0
2025-02-11 13:20:00+00:00,4.224999904632568,4.224999904632568,4.2230000495910645,4.224999904632568,0
2025-02-12 13:20:00+00:00,4.224999904632568,4.235000133514404,4.215000152587891,4.228000164031982,0
2025-02-13 13:20:00+00:00,4.2179999351501465,4.21999979019165,4.2129998207092285,4.2129998207092285,0
2025-02-14 13:20:00+00:00,4.210000038146973,4.2129998207092285,4.203000068664551,4.2129998207092285,0
2025-02-18 13:20:00+00:00,4.2129998207092285,4.2179999351501465,4.204999923706055,4.2129998207092285,0
2025-02-19 13:20:00+00:00,4.21999979019165,4.2230000495910645,4.2179999351501465,4.2179999351501465,0
2025-02-20 13:20:00+00:00,4.210000038146973,4.210000038146973,4.203000068664551,4.204999923706055,0
2025-02-21 13:20:00+00:00,4.199999809265137,4.203000068664551,4.197000026702881,4.197000026702881,0
2025-02-24 13:20:00+00:00,4.199999809265137,4.203000068664551,4.190000057220459,4.190000057220459,0
2025-02-25 13:20:00+00:00,4.179999828338623,4.184999942779541,4.179999828338623,4.182000160217285,0
2025-02-26 13:20:00+00:00,4.182000160217285,4.192999839782715,4.182000160217285,4.192999839782715,0
2025-02-27 13:20:00+00:00,4.190000057220459,4.197000026702881,4.188000202178955,4.195000171661377,0
2025-02-28 13:20:00+00:00,4.188000202178955,4.192999839782715,4.188000202178955,4.192999839782715,0
2025-03-03 13:20:00+00:00,4.188000202178955,4.192999839782715,4.188000202178955,4.192999839782715,0
2025-03-04 13:20:00+00:00,4.184999942779541,4.195000171661377,4.179999828338623,4.195000171661377,0
2025-03-05 13:20:00+00:00,4.195000171661377,4.208000183105469,4.192999839782715,4.204999923706055,0
2025-03-06 13:20:00+00:00,4.197000026702881,4.199999809265137,4.192999839782715,4.197000026702881,0
2025-03-07 13:20:00+00:00,4.188000202178955,4.197000026702881,4.182000160217285,4.197000026702881,0
2025-03-10 12:20:00+00:00,4.192999839782715,4.192999839782715,4.184999942779541,4.184999942779541,0
2025-03-11 12:20:00+00:00,4.184999942779541,4.195000171661377,4.184999942779541,4.195000171661377,0
2025-03-12 12:20:00+00:00,4.197000026702881,4.208000183105469,4.192999839782715,4.197000026702881,0
2025-03-13 12:20:00+00:00,4.192999839782715,4.192999839782715,4.184999942779541,4.188000202178955,0
2025-03-14 12:20:00+00:00,4.188000202178955,4.192999839782715,4.184999942779541,4.188000202178955,0
2025-03-17 12:20:00+00:00,4.188000202178955,4.195000171661377,4.184999942779541,4.188000202178955,0
2025-03-18 12:20:00+00:00,4.195000171661377,4.195000171661377,4.190000057220459,4.195000171661377,0
2025-03-19 12:20:00+00:00,4.195000171661377,4.199999809265137,4.188000202178955,4.190000057220459,0
2025-03-20 12:20:00+00:00,4.182000160217285,4.184999942779541,4.182000160217285,4.182000160217285,0
2025-03-21 12:20:00+00:00,4.184999942779541,4.184999942779541,4.179999828338623,4.184999942779541,0
2025-03-24 12:20:00+00:00,4.188000202178955,4.188000202178955,4.182000160217285,4.182000160217285,0
2025-03-25 12:20:00+00:00,4.188000202178955,4.188000202178955,4.182000160217285,4.182000160217285,0
2025-03-26 12:20:00+00:00,4.184999942779541,4.192999839782715,4.184999942779541,4.190000057220459,0
2025-03-27 12:20:00+00:00,4.188000202178955,4.188000202178955,4.184999942779541,4.188000202178955,0
2025-03-28 12:20:00+00:00,4.177999973297119,4.188000202178955,4.175000190734863,4.188000202178955,0
2025-03-31 12:20:00+00:00,4.182000160217285,4.192999839782715,4.182000160217285,4.192999839782715,0
2025-04-01 12:20:00+00:00,4.197000026702881,4.199999809265137,4.197000026702881,4.199999809265137,0
2025-04-02 12:20:00+00:00,4.195000171661377,4.204999923706055,4.195000171661377,4.203000068664551,0
2025-04-03 12:20:00+00:00,4.182000160217285,4.188000202178955,4.179999828338623,4.184999942779541,0
2025-04-04 12:20:00+00:00,4.139999866485596,4.163000106811523,4.09499979019165,4.15500020980835,0
2025-04-07 12:20:00+00:00,4.119999885559082,4.15500020980835,4.118000030517578,4.150000095367432,0
2025-04-08 12:20:00+00:00,4.175000190734863,4.190000057220459,4.175000190734863,4.177999973297119,0
2025-04-09 12:20:00+00:00,4.203000068664551,4.243000030517578,4.203000068664551,4.228000164031982,0
2025-04-10 12:20:00+00:00,4.197000026702881,4.203000068664551,4.184999942779541,4.197000026702881,0
2025-04-11 12:20:00+00:00,4.179999828338623,4.2129998207092285,4.179999828338623,4.2129998207092285,0
2025-04-14 12:20:00+00:00,4.204999923706055,4.215000152587891,4.190000057220459,4.195000171661377,0
2025-04-15 12:20:00+00:00,4.210000038146973,4.210000038146973,4.199999809265137,4.199999809265137,0
2025-04-16 12:20:00+00:00,4.195000171661377,4.210000038146973,4.192999839782715,4.208000183105469,0
2025-04-17 12:20:00+00:00,4.197000026702881,4.208000183105469,4.190000057220459,4.204999923706055,0
2025-04-21 12:20:00+00:00,4.204999923706055,4.2179999351501465,4.199999809265137,4.210000038146973,0
2025-04-22 12:20:00+00:00,4.210000038146973,4.2129998207092285,4.210000038146973,4.2129998207092285,0
2025-04-23 12:20:00+00:00,4.203000068664551,4.208000183105469,4.203000068664551,4.208000183105469,0
2025-04-24 12:20:00+00:00,4.197000026702881,4.197000026702881,4.190000057220459,4.197000026702881,0
2025-04-25 12:20:00+00:00,4.192999839782715,4.195000171661377,4.192999839782715,4.192999839782715,0
2025-04-28 12:20:00+00:00,4.192999839782715,4.197000026702881,4.190000057220459,4.192999839782715,0
2025-04-29 12:20:00+00:00,4.195000171661377,4.195000171661377,4.190000057220459,4.190000057220459,0
2025-04-30 12:20:00+00:00,4.188000202178955,4.192999839782715,4.188000202178955,4.190000057220459,0
2025-05-01 12:20:00+00:00,4.175000190734863,4.190000057220459,4.170000076293945,4.184999942779541,0
2025-05-02 12:20:00+00:00,4.182000160217285,4.210000038146973,4.175000190734863,4.208000183105469,0
2025-05-05 12:20:00+00:00,4.204999923706055,4.2129998207092285,4.204999923706055,4.208000183105469,0
2025-05-06 12:20:00+00:00,4.2129998207092285,4.2129998207092285,4.210000038146973,4.210000038146973,0
2025-05-07 12:20:00+00:00,4.210000038146973,4.215000152587891,4.163000106811523,4.215000152587891,0
2025-05-08 12:20:00+00:00,4.208000183105469,4.2179999351501465,4.204999923706055,4.215000152587891,0
2025-05-09 12:20:00+00:00,4.210000038146973,4.215000152587891,4.210000038146973,4.215000152587891,0
2025-05-12 12:20:00+00:00,4.252999782562256,4.28000020980835,4.25,4.28000020980835,0
2025-05-13 12:20:00+00:00,4.288000106811523,4.289999961853027,4.2829999923706055,4.284999847412109,0
2025-05-14 12:20:00+00:00,4.2829999923706055,4.288000106811523,4.2829999923706055,4.284999847412109,0
2025-05-15 12:20:00+00:00,4.271999835968018,4.271999835968018,4.257999897003174,4.257999897003174,0
2025-05-16 12:20:00+00:00,4.243000030517578,4.243000030517578,4.235000133514404,4.236999988555908,0
2025-05-19 12:20:00+00:00,4.239999771118164,4.244999885559082,4.239999771118164,4.239999771118164,0
2025-05-20 12:20:00+00:00,4.260000228881836,4.263000011444092,4.243000030517578,4.248000144958496,0
2025-05-21 12:20:00+00:00,4.248000144958496,4.248000144958496,4.23199987411499,4.235000133514404,0
2025-05-22 12:20:00+00:00,4.228000164031982,4.235000133514404,4.228000164031982,4.23199987411499,0
2025-05-23 12:20:00+00:00,4.230000019073486,4.236999988555908,4.224999904632568,4.230000019073486,0
2025-05-27 12:20:00+00:00,4.230000019073486,4.236999988555908,4.199999809265137,4.203000068664551,0
2025-05-28 12:20:00+00:00,4.224999904632568,4.228000164031982,4.2230000495910645,4.224999904632568,0
2025-05-29 12:20:00+00:00,4.21999979019165,4.23199987411499,4.21999979019165,4.230000019073486,0
2025-05-30 12:20:00+00:00,4.228000164031982,4.235000133514404,4.224999904632568,4.23199987411499,0
2025-06-02 12:20:00+00:00,4.224999904632568,4.23199987411499,4.224999904632568,4.23199987411499,0
2025-06-03 12:20:00+00:00,4.239999771118164,4.239999771118164,4.235000133514404,4.235000133514404,0
2025-06-04 12:20:00+00:00,4.239999771118164,4.244999885559082,4.236999988555908,4.239999771118164,0
2025-06-05 12:20:00+00:00,4.230000019073486,4.236999988555908,4.224999904632568,4.23199987411499,0
2025-06-06 12:20:00+00:00,4.23199987411499,4.236999988555908,4.230000019073486,4.23199987411499,0
2025-06-09 12:20:00+00:00,4.23199987411499,4.243000030517578,4.23199987411499,4.239999771118164,0
2025-06-10 12:20:00+00:00,4.244999885559082,4.25,4.244999885559082,4.25,0
2025-06-11 12:20:00+00:00,4.25,4.252999782562256,4.243000030517578,4.25,0
2025-06-12 12:20:00+00:00,4.248000144958496,4.304999828338623,4.244999885559082,4.257999897003174,0
2025-06-13 12:20:00+00:00,4.244999885559082,4.255000114440918,4.239999771118164,4.239999771118164,0
2025-06-16 12:20:00+00:00,4.248000144958496,4.248000144958496,4.244999885559082,4.248000144958496,0
2025-06-17 12:20:00+00:00,4.2230000495910645,4.224999904632568,4.2179999351501465,4.2179999351501465,0
2025-06-18 12:20:00+00:00,4.2230000495910645,4.228000164031982,4.179999828338623,4.2230000495910645,0
2025-06-20 12:20:00+00:00,4.2129998207092285,4.215000152587891,4.192999839782715,4.195000171661377,0
2025-06-23 12:20:00+00:00,4.197000026702881,4.197000026702881,4.15500020980835,4.1579999923706055,0
2025-06-24 12:20:00+00:00,4.175000190734863,4.188000202178955,4.172999858856201,4.182000160217285,0
2025-06-25 12:20:00+00:00,4.188000202178955,4.190000057220459,4.179999828338623,4.188000202178955,0
2025-06-26 12:20:00+00:00,4.182000160217285,4.192999839782715,4.179999828338623,4.192999839782715,0
2025-06-27 12:20:00+00:00,4.204999923706055,4.208000183105469,4.192999839782715,4.197000026702881,0
2025-06-30 12:20:00+00:00,4.184999942779541,4.199999809265137,4.182000160217285,4.190000057220459,0
2025-07-01 12:20:00+00:00,4.2179999351501465,4.224999904632568,4.208000183105469,4.224999904632568,0
2025-07-02 12:20:00+00:00,4.203000068664551,4.224999904632568,4.203000068664551,4.2230000495910645,0
2025-07-03 12:20:00+00:00,4.2179999351501465,4.239999771118164,4.210000038146973,4.239999771118164,0
2025-07-07 12:20:00+00:00,4.244999885559082,4.248000144958496,4.236999988555908,4.244999885559082,0
2025-07-08 12:20:00+00:00,4.236999988555908,4.25,4.236999988555908,4.25,0
2025-07-09 12:20:00+00:00,4.25,4.25,4.243000030517578,4.244999885559082,0
2025-07-10 12:20:00+00:00,4.239999771118164,4.244999885559082,4.239999771118164,4.239999771118164,0
2025-07-11 12:20:00+00:00,4.243000030517578,4.243000030517578,4.23199987411499,4.236999988555908,0
2025-07-14 12:20:00+00:00,4.23199987411499,4.23199987411499,4.228000164031982,4.228000164031982,0
2025-07-15 12:20:00+00:00,4.235000133514404,4.243000030517578,4.224999904632568,4.23199987411499,0
2025-07-16 12:20:00+00:00,4.230000019073486,4.235000133514404,4.215000152587891,4.224999904632568,0
2025-07-17 12:20:00+00:00,4.228000164031982,4.235000133514404,4.2230000495910645,4.235000133514404,0
2025-07-18 12:20:00+00:00,4.235000133514404,4.235000133514404,4.228000164031982,4.230000019073486,0
2025-07-21 12:20:00+00:00,4.228000164031982,4.230000019073486,4.2179999351501465,4.2230000495910645,0
2025-07-22 12:20:00+00:00,4.230000019073486,4.23199987411499,4.228000164031982,4.230000019073486,0
2025-07-23 12:20:00+00:00,4.230000019073486,4.239999771118164,4.224999904632568,4.239999771118164,0
2025-07-24 12:20:00+00:00,4.236999988555908,4.244999885559082,4.236999988555908,4.244999885559082,0
2025-07-25 12:20:00+00:00,4.239999771118164,4.244999885559082,4.236999988555908,4.244999885559082,0
2025-07-28 12:20:00+00:00,4.243000030517578,4.25,4.230000019073486,4.235000133514404,0
2025-07-29 12:20:00+00:00,4.23199987411499,4.235000133514404,4.228000164031982,4.230000019073486,0
2025-07-30 12:20:00+00:00,4.23199987411499,4.235000133514404,4.2129998207092285,4.23199987411499,0
2025-07-31 12:20:00+00:00,4.23199987411499,4.235000133514404,4.228000164031982,4.235000133514404,0
2025-08-01 12:20:00+00:00,4.228000164031982,4.228000164031982,4.144999980926514,4.182000160217285,0
2025-08-04 12:20:00+00:00,4.177999973297119,4.177999973297119,4.1529998779296875,4.1529998779296875,0
2025-08-05 12:20:00+00:00,4.1529998779296875,4.15500020980835,4.150000095367432,4.150000095367432,0
2025-08-06 12:20:00+00:00,4.1529998779296875,4.1529998779296875,4.125,4.132999897003174,0
2025-08-07 12:20:00+00:00,4.127999782562256,4.138000011444092,4.125,4.138000011444092,0
2025-08-08 12:20:00+00:00,4.127999782562256,4.132999897003174,4.127999782562256,4.132999897003174,0
2025-08-11 12:20:00+00:00,4.135000228881836,4.146999835968018,4.132999897003174,4.14300012588501,0
2025-08-12 12:20:00+00:00,4.14300012588501,4.14300012588501,4.114999771118164,4.130000114440918,0
2025-08-13 12:20:00+00:00,4.118000030517578,4.119999885559082,4.103000164031982,4.110000133514404,0
2025-08-14 12:20:00+00:00,4.0929999351501465,4.114999771118164,4.090000152587891,4.111999988555908,0
2025-08-15 12:20:00+00:00,4.103000164031982,4.111999988555908,4.0980000495910645,4.111999988555908,0
2025-08-18 12:20:00+00:00,4.10699987411499,4.123000144958496,4.10699987411499,4.123000144958496,0
2025-08-19 12:20:00+00:00,4.114999771118164,4.118000030517578,4.110000133514404,4.110000133514404,0
2025-08-20 12:20:00+00:00,4.111999988555908,4.114999771118164,4.103000164031982,4.114999771118164,0
2025-08-21 12:20:00+00:00,4.111999988555908,4.132999897003174,4.110000133514404,4.127999782562256,0
2025-08-22 12:20:00+00:00,4.123000144958496,4.123000144958496,4.078000068664551,4.0879998207092285,0
2025-08-25 12:20:00+00:00,4.0980000495910645,4.103000164031982,4.0879998207092285,4.0929999351501465,0
2025-08-26 12:20:00+00:00,4.090000152587891,4.0929999351501465,4.085000038146973,4.0879998207092285,0
2025-08-27 12:20:00+00:00,4.079999923706055,4.079999923706055,4.059999942779541,4.059999942779541,0
2025-08-28 12:20:00+00:00,4.072000026702881,4.078000068664551,4.067999839782715,4.072000026702881,0
2025-08-29 12:20:00+00:00,4.072000026702881,4.072000026702881,4.039999961853027,4.043000221252441,0
2025-09-02 12:20:00+00:00,4.043000221252441,4.045000076293945,4.0279998779296875,4.0320000648498535,0
2025-09-03 12:20:00+00:00,4.034999847412109,4.034999847412109,4.010000228881836,4.01800012588501,0
2025-09-04 12:20:00+00:00,4.002999782562256,4.013000011444092,3.994999885559082,3.997999906539917,0
2025-09-05 12:20:00+00:00,3.9649999141693115,3.9649999141693115,3.8980000019073486,3.9100000858306885,0
2025-09-08 12:20:00+00:00,3.9079999923706055,3.927999973297119,3.8980000019073486,3.927999973297119,0
2025-09-09 12:20:00+00:00,3.940000057220459,3.943000078201294,3.9230000972747803,3.943000078201294,0
2025-09-10 12:20:00+00:00,3.940000057220459,3.940000057220459,3.930000066757202,3.930000066757202,0
2025-09-11 12:20:00+00:00,3.937999963760376,3.940000057220459,3.9100000858306885,3.927999973297119,0
2025-09-12 12:20:00+00:00,3.927999973297119,3.934999942779541,3.927999973297119,3.927999973297119,0
2025-09-15 12:20:00+00:00,3.924999952316284,3.930000066757202,3.8929998874664307,3.9000000953674316,0
2025-09-16 12:20:00+00:00,3.9000000953674316,3.9000000953674316,3.890000104904175,3.890000104904175,0
2025-09-17 12:20:00+00:00,3.875,3.880000114440918,3.7980000972747803,3.868000030517578,0
2025-09-18 12:20:00+00:00,3.86299991607666,3.880000114440918,3.859999895095825,3.880000114440918,0
2025-09-19 12:20:00+00:00,3.878000020980835,3.878000020980835,3.878000020980835,3.878000020980835,0
2025-09-22 12:20:00+00:00,3.872999906539917,3.875,3.8399999141693115,3.8480000495910645,0
2025-09-23 12:20:00+00:00,3.8450000286102295,3.8480000495910645,3.8429999351501465,3.8450000286102295,0
2025-09-24 12:20:00+00:00,3.8499999046325684,3.8580000400543213,3.8480000495910645,3.8580000400543213,0
2025-09-25 12:20:00+00:00,3.890000104904175,3.8980000019073486,3.878000020980835,3.882999897003174,0
2025-09-26 12:20:00+00:00,3.868000030517578,3.875,3.8480000495910645,3.859999895095825,0
2025-09-29 12:20:00+00:00,3.8499999046325684,3.865000009536743,3.8480000495910645,3.86299991607666,0
2025-09-30 12:20:00+00:00,3.8499999046325684,3.8529999256134033,3.8399999141693115,3.8450000286102295,0
2025-10-01 12:20:00+00:00,3.8350000381469727,3.8450000286102295,3.8350000381469727,3.8450000286102295,0
2025-10-02 12:20:00+00:00,3.8380000591278076,3.8499999046325684,3.8380000591278076,3.8480000495910645,0
2025-10-03 12:20:00+00:00,3.8429999351501465,3.859999895095825,3.8429999351501465,3.8580000400543213,0
2025-10-06 12:20:00+00:00,3.859999895095825,3.859999895095825,3.8550000190734863,3.859999895095825,0
2025-10-07 12:20:00+00:00,3.8399999141693115,3.8429999351501465,3.8380000591278076,3.8429999351501465,0
2025-10-08 12:20:00+00:00,3.8380000591278076,3.8450000286102295,3.8380000591278076,3.8429999351501465,0
2025-10-09 12:20:00+00:00,3.8399999141693115,3.8580000400543213,3.8399999141693115,3.8529999256134033,0
2025-10-10 12:20:00+00:00,3.8499999046325684,3.8580000400543213,3.8499999046325684,3.8529999256134033,0
2025-10-13 12:20:00+00:00,3.8529999256134033,3.8529999256134033,3.8529999256134033,3.8529999256134033,0
2025-10-14 12:20:00+00:00,3.8450000286102295,3.8529999256134033,3.8450000286102295,3.8529999256134033,0
2025-10-15 12:20:00+00:00,3.8399999141693115,3.86299991607666,3.8399999141693115,3.8580000400543213,0
2025-10-16 12:20:00+00:00,3.8529999256134033,3.8580000400543213,3.822999954223633,3.8529999256134033,0
2025-10-17 12:20:00+00:00,3.8350000381469727,3.8399999141693115,3.8299999237060547,3.8320000171661377,0
2025-10-20 12:20:00+00:00,3.819999933242798,3.825000047683716,3.7980000972747803,3.7980000972747803,0
2025-10-21 12:20:00+00:00,3.7799999713897705,3.7899999618530273,3.7750000953674316,3.7850000858306885,0
2025-10-22 12:20:00+00:00,3.7880001068115234,3.7899999618530273,3.7880001068115234,3.7880001068115234,0
2025-10-23 12:20:00+00:00,3.7829999923706055,3.7880001068115234,3.7799999713897705,3.7880001068115234,0
2025-10-24 12:20:00+00:00,3.7829999923706055,3.7829999923706055,3.743000030517578,3.763000011444092,0
2025-10-27 12:20:00+00:00,3.75,3.755000114440918,3.7179999351501465,3.7179999351501465,0
2025-10-28 12:20:00+00:00,3.7249999046325684,3.7300000190734863,3.7200000286102295,3.7200000286102295,0
2025-10-29 12:20:00+00:00,3.7130000591278076,3.7300000190734863,3.700000047683716,3.7300000190734863,0
2025-10-30 12:20:00+00:00,3.759999990463257,3.7880001068115234,3.755000114440918,3.756999969482422,0
2025-10-31 12:20:00+00:00,3.740000009536743,3.743000030517578,3.7149999141693115,3.7179999351501465,0
2025-11-03 13:20:00+00:00,3.7279999256134033,3.7880001068115234,3.7279999256134033,3.7829999923706055,0
2025-11-04 13:20:00+00:00,3.796999931335449,3.799999952316284,3.7880001068115234,3.7929999828338623,0
2025-11-05 13:20:00+00:00,3.7850000858306885,3.7929999828338623,3.7850000858306885,3.7880001068115234,0
2025-11-06 13:20:00+00:00,3.7720000743865967,3.7750000953674316,3.756999969482422,3.763000011444092,0
2025-11-07 13:20:00+00:00,3.756999969482422,3.756999969482422,3.753000020980835,3.756999969482422,0
2025-11-10 13:20:00+00:00,3.7699999809265137,3.7829999923706055,3.7679998874664307,3.7829999923706055,0
2025-11-11 13:20:00+00:00,3.7829999923706055,3.7829999923706055,3.7829999923706055,3.7829999923706055,0
2025-11-12 13:20:00+00:00,3.7720000743865967,3.7799999713897705,3.7720000743865967,3.7780001163482666,0
2025-11-13 13:20:00+00:00,3.7899999618530273,3.796999931335449,3.7899999618530273,3.7929999828338623,0
2025-11-14 13:20:00+00:00,3.7799999713897705,3.7899999618530273,3.7780001163482666,3.7880001068115234,0
2025-11-17 13:20:00+00:00,3.7799999713897705,3.7850000858306885,3.7699999809265137,3.7720000743865967,0
2025-11-18 13:20:00+00:00,3.7799999713897705,3.7799999713897705,3.765000104904175,3.7720000743865967,0
2025-11-19 13:20:00+00:00,3.7699999809265137,3.7750000953674316,3.759999990463257,3.7720000743865967,0
2025-11-20 13:20:00+00:00,3.7780001163482666,3.7780001163482666,3.759999990463257,3.7750000953674316,0
2025-11-21 13:20:00+00:00,3.740000009536743,3.744999885559082,3.736999988555908,3.740000009536743,0
2025-11-24 13:20:00+00:00,3.7300000190734863,3.734999895095825,3.7230000495910645,3.7300000190734863,0
2025-11-25 13:20:00+00:00,3.736999988555908,3.740000009536743,3.7300000190734863,3.7320001125335693,0
2025-11-26 13:20:00+00:00,3.736999988555908,3.756999969482422,3.7130000591278076,3.753000020980835,0
2025-11-28 13:20:00+00:00,3.7200000286102295,3.7249999046325684,3.684999942779541,3.697000026702881,0
2025-12-01 13:20:00+00:00,3.700000047683716,3.7230000495910645,3.693000078201294,3.693000078201294,0
2025-12-02 13:20:00+00:00,3.690000057220459,3.690000057220459,3.671999931335449,3.671999931335449,0
2025-12-03 13:20:00+00:00,3.6549999713897705,3.6579999923706055,3.628000020980835,3.634999990463257,0
2025-12-04 13:20:00+00:00,3.5929999351501465,3.611999988555908,3.5929999351501465,3.611999988555908,0
2025-12-05 13:20:00+00:00,3.6070001125335693,3.611999988555908,3.5999999046325684,3.6029999256134033,0
2025-12-08 13:20:00+00:00,3.619999885559082,3.638000011444092,3.618000030517578,3.618000030517578,0
2025-12-09 13:20:00+00:00,3.628000020980835,3.631999969482422,3.625,3.631999969482422,0
2025-12-10 13:20:00+00:00,3.634999990463257,3.638000011444092,3.578000068664551,3.5929999351501465,0
2025-12-11 13:20:00+00:00,3.572000026702881,3.572000026702881,3.565000057220459,3.568000078201294,0
2025-12-12 13:20:00+00:00,3.555000066757202,3.555000066757202,3.5250000953674316,3.5250000953674316,0
2025-12-15 13:20:00+00:00,3.5250000953674316,3.5399999618530273,3.5250000953674316,3.5380001068115234,0
2025-12-16 13:20:00+00:00,3.556999921798706,3.556999921798706,3.5380001068115234,3.5450000762939453,0
2025-12-17 13:20:00+00:00,3.5450000762939453,3.552999973297119,3.5399999618530273,3.5429999828338623,0
2025-12-18 13:20:00+00:00,3.5280001163482666,3.5280001163482666,3.5179998874664307,3.5220000743865967,0
2025-12-19 13:20:00+00:00,3.513000011444092,3.5280001163482666,3.513000011444092,3.5220000743865967,0
2025-12-22 13:20:00+00:00,3.5199999809265137,3.5299999713897705,3.5199999809265137,3.5280001163482666,0
2025-12-23 13:20:00+00:00,3.552999973297119,3.562999963760376,3.546999931335449,3.546999931335449,0
2025-12-24 13:20:00+00:00,3.552999973297119,3.559999942779541,3.5250000953674316,3.555000066757202,0
2025-12-26 13:20:00+00:00,3.5450000762939453,3.546999931335449,3.5429999828338623,3.5429999828338623,0
2025-12-29 13:20:00+00:00,3.5350000858306885,3.5429999828338623,3.5299999713897705,3.5380001068115234,0
2025-12-30 13:20:00+00:00,3.555000066757202,3.555000066757202,3.5399999618530273,3.5399999618530273,0
2025-12-31 13:20:00+00:00,3.5399999618530273,3.546999931335449,3.5329999923706055,3.546999931335449,0
2026-01-02 13:20:00+00:00,3.5350000858306885,3.5380001068115234,3.5329999923706055,3.5329999923706055,0
2026-01-05 13:20:00+00:00,3.5299999713897705,3.5329999923706055,3.513000011444092,3.515000104904175,0
2026-01-06 13:20:00+00:00,3.5299999713897705,3.5299999713897705,3.5179998874664307,3.5199999809265137,0
2026-01-07 13:20:00+00:00,3.515000104904175,3.5220000743865967,3.513000011444092,3.515000104904175,0
2026-01-08 13:20:00+00:00,3.506999969482422,3.513000011444092,3.506999969482422,3.506999969482422,0
2026-01-09 13:20:00+00:00,3.509999990463257,3.5179998874664307,3.506999969482422,3.513000011444092,0
2026-01-12 13:20:00+00:00,3.515000104904175,3.546999931335449,3.515000104904175,3.5329999923706055,0
2026-01-13 13:20:00+00:00,3.549999952316284,3.562999963760376,3.546999931335449,3.559999942779541,0
2026-01-14 13:20:00+00:00,3.552999973297119,3.559999942779541,3.549999952316284,3.559999942779541,0
2026-01-15 13:20:00+00:00,3.552999973297119,3.568000078201294,3.552999973297119,3.565000057220459,0
2026-01-16 13:20:00+00:00,3.556999921798706,3.559999942779541,3.556999921798706,3.556999921798706,0
2026-01-20 13:20:00+00:00,3.546999931335449,3.572000026702881,3.546999931335449,3.572000026702881,0
2026-01-21 13:20:00+00:00,3.5799999237060547,3.5899999141693115,3.578000068664551,3.5880000591278076,0
2026-01-22 13:20:00+00:00,3.5880000591278076,3.5899999141693115,3.5850000381469727,3.5880000591278076,0
2026-01-23 13:20:00+00:00,3.5799999237060547,3.5820000171661377,3.5799999237060547,3.5820000171661377,0
2026-01-26 13:20:00+00:00,3.578000068664551,3.5850000381469727,3.572000026702881,3.575000047683716,0
2026-01-27 13:20:00+00:00,3.575000047683716,3.575000047683716,3.569999933242798,3.569999933242798,0
2026-01-28 13:20:00+00:00,3.572000026702881,3.5980000495910645,3.546999931335449,3.5820000171661377,0
2026-01-29 13:20:00+00:00,3.5799999237060547,3.5820000171661377,3.578000068664551,3.5799999237060547,0
2026-01-30 13:20:00+00:00,3.572000026702881,3.578000068664551,3.572000026702881,3.572000026702881,0
2026-02-02 13:20:00+00:00,3.569999933242798,3.5820000171661377,3.569999933242798,3.578000068664551,0
2026-02-03 13:20:00+00:00,3.5899999141693115,3.5950000286102295,3.5899999141693115,3.5899999141693115,0
2026-02-04 13:20:00+00:00,3.5950000286102295,3.5980000495910645,3.5929999351501465,3.5950000286102295,0
2026-02-05 13:20:00+00:00,3.5880000591278076,3.5899999141693115,3.569999933242798,3.578000068664551,0
2026-02-06 13:20:00+00:00,3.578000068664551,3.5899999141693115,3.578000068664551,3.5899999141693115,0
2026-02-09 13:20:00+00:00,3.5850000381469727,3.5929999351501465,3.5820000171661377,3.5929999351501465,0
2026-02-10 13:20:00+00:00,3.5899999141693115,3.5929999351501465,3.5899999141693115,3.5899999141693115,0
2026-02-11 13:20:00+00:00,3.5950000286102295,3.6070001125335693,3.5899999141693115,3.5999999046325684,0
2026-02-12 13:20:00+00:00,3.5980000495910645,3.5980000495910645,3.5929999351501465,3.5980000495910645,0
2026-02-13 13:20:00+00:00,3.5899999141693115,3.5929999351501465,3.5850000381469727,3.5929999351501465,0
2026-02-17 13:20:00+00:00,3.5880000591278076,3.5980000495910645,3.5880000591278076,3.5929999351501465,0
2026-02-18 13:20:00+00:00,3.5929999351501465,3.6050000190734863,3.5929999351501465,3.6029999256134033,0
2026-02-19 13:20:00+00:00,3.5999999046325684,3.5999999046325684,3.5929999351501465,3.5950000286102295,0
2026-02-20 13:20:00+00:00,3.5899999141693115,3.5980000495910645,3.5899999141693115,3.5950000286102295,0
2026-02-23 13:20:00+00:00,3.5950000286102295,3.5950000286102295,3.5850000381469727,3.5880000591278076,0
2026-02-24 13:20:00+00:00,3.5880000591278076,3.5880000591278076,3.5850000381469727,3.5880000591278076,0
2026-02-25 13:20:00+00:00,3.5880000591278076,3.5880000591278076,3.5820000171661377,3.5880000591278076,0
2026-02-26 13:20:00+00:00,3.5880000591278076,3.5880000591278076,3.5820000171661377,3.5880000591278076,0
2026-02-27 13:20:00+00:00,3.5799999237060547,3.5799999237060547,3.578000068664551,3.578000068664551,0
2026-03-02 13:20:00+00:00,3.5799999237060547,3.5899999141693115,3.5799999237060547,3.5899999141693115,0
2026-03-03 13:20:00+00:00,3.6050000190734863,3.6050000190734863,3.5950000286102295,3.5950000286102295,0
2026-03-04 13:20:00+00:00,3.5950000286102295,3.5950000286102295,3.5899999141693115,3.5950000286102295,0
2026-03-05 13:20:00+00:00,3.5899999141693115,3.5929999351501465,3.5880000591278076,3.5880000591278076,0
2026-03-06 13:20:00+00:00,3.5850000381469727,3.5850000381469727,3.568000078201294,3.569999933242798,0
2026-03-09 12:20:00+00:00,3.5799999237060547,3.5929999351501465,3.578000068664551,3.5929999351501465,0
2026-03-10 12:20:00+00:00,3.5999999046325684,3.5999999046325684,3.5950000286102295,3.5950000286102295,0
2026-03-11 12:20:00+00:00,3.5999999046325684,3.5999999046325684,3.5950000286102295,3.5999999046325684,0
2026-03-12 12:20:00+00:00,3.5950000286102295,3.6070001125335693,3.5950000286102295,3.6050000190734863,0
2026-03-13 12:20:00+00:00,3.5999999046325684,3.6050000190734863,3.5980000495910645,3.6029999256134033,0
2026-03-16 12:20:00+00:00,3.5999999046325684,3.6050000190734863,3.5980000495910645,3.6050000190734863,0
2026-03-17 12:20:00+00:00,3.6050000190734863,3.6050000190734863,3.6050000190734863,3.6050000190734863,0
2026-03-18 12:20:00+00:00,3.6070001125335693,3.611999988555908,3.6050000190734863,3.609999895095825,0
2026-03-19 12:20:00+00:00,3.609999895095825,3.625,3.6050000190734863,3.611999988555908,0
2026-03-20 12:20:00+00:00,3.609999895095825,3.619999885559082,3.609999895095825,3.618000030517578,0
2026-03-23 12:20:00+00:00,3.609999895095825,3.630000114440918,3.6070001125335693,3.611999988555908,0
2026-03-24 12:20:00+00:00,3.619999885559082,3.625,3.615000009536743,3.619999885559082,0
2026-03-25 12:20:00+00:00,3.609999895095825,3.619999885559082,3.609999895095825,3.619999885559082,0
2026-03-26 12:20:00+00:00,3.618000030517578,3.619999885559082,3.611999988555908,3.619999885559082,0
2026-03-27 12:20:00+00:00,3.615000009536743,3.619999885559082,3.6050000190734863,3.6070001125335693,0
2026-03-30 12:20:00+00:00,3.5980000495910645,3.5980000495910645,3.5799999237060547,3.5980000495910645,0
2026-03-31 12:20:00+00:00,3.6050000190734863,3.611999988555908,3.5980000495910645,3.5999999046325684,0
2026-04-01 12:20:00+00:00,3.5999999046325684,3.6050000190734863,3.5999999046325684,3.6050000190734863,0
2026-04-02 12:20:00+00:00,3.609999895095825,3.609999895095825,3.6029999256134033,3.6070001125335693,0
2026-04-06 12:20:00+00:00,3.609999895095825,3.622999906539917,3.6070001125335693,3.622999906539917,0
2026-04-07 12:20:00+00:00,3.630000114440918,3.630000114440918,3.611999988555908,3.615000009536743,0
2026-04-08 12:20:00+00:00,3.5980000495910645,3.6050000190734863,3.5950000286102295,3.5999999046325684,0
2026-04-09 12:20:00+00:00,3.5929999351501465,3.5929999351501465,3.5850000381469727,3.5880000591278076,0
2026-04-10 12:20:00+00:00,3.5850000381469727,3.5929999351501465,3.5850000381469727,3.5929999351501465,0
2026-04-13 12:20:00+00:00,3.5980000495910645,3.6070001125335693,3.5950000286102295,3.6029999256134033,0
2026-04-14 12:20:00+00:00,3.609999895095825,3.615000009536743,3.609999895095825,3.611999988555908,0
2026-04-15 12:20:00+00:00,3.609999895095825,3.618000030517578,3.609999895095825,3.611999988555908,0
2026-04-16 12:20:00+00:00,3.6050000190734863,3.609999895095825,3.6050000190734863,3.609999895095825,0
2026-04-17 12:20:00+00:00,3.6050000190734863,3.6050000190734863,3.5950000286102295,3.5999999046325684,0
2026-04-20 12:20:00+00:00,3.5999999046325684,3.6050000190734863,3.5980000495910645,3.5980000495910645,0
2026-04-21 12:20:00+00:00,3.6029999256134033,3.6050000190734863,3.5980000495910645,3.5980000495910645,0
2026-04-22 12:20:00+00:00,3.5950000286102295,3.5980000495910645,3.5950000286102295,3.5950000286102295,0
2026-04-23 12:20:00+00:00,3.5880000591278076,3.5950000286102295,3.5850000381469727,3.5950000286102295,0
2026-04-24 12:20:00+00:00,3.5899999141693115,3.5929999351501465,3.5899999141693115,3.5929999351501465,0
2026-04-27 12:20:00+00:00,3.5899999141693115,3.5929999351501465,3.5850000381469727,3.5899999141693115,0
2026-04-28 12:20:00+00:00,3.5929999351501465,3.5929999351501465,3.5899999141693115,3.5899999141693115,0
2026-04-29 12:20:00+00:00,3.5880000591278076,3.5929999351501465,3.5880000591278076,3.5899999141693115,0
2026-04-30 12:20:00+00:00,3.5850000381469727,3.5850000381469727,3.5820000171661377,3.5850000381469727,0
2026-05-01 12:20:00+00:00,3.5799999237060547,3.5820000171661377,3.569999933242798,3.575000047683716,0
2026-05-04 12:20:00+00:00,3.5799999237060547,3.5950000286102295,3.578000068664551,3.5899999141693115,0
2026-05-05 12:20:00+00:00,3.5999999046325684,3.6029999256134033,3.5999999046325684,3.5999999046325684,0
2026-05-06 12:20:00+00:00,3.5980000495910645,3.5999999046325684,3.5950000286102295,3.5999999046325684,0
2026-05-07 12:20:00+00:00,3.5950000286102295,3.5980000495910645,3.5899999141693115,3.5980000495910645,0
2026-05-08 12:20:00+00:00,3.5950000286102295,3.5980000495910645,3.5929999351501465,3.5950000286102295,0
2026-05-11 12:20:00+00:00,3.5950000286102295,3.5999999046325684,3.5929999351501465,3.5999999046325684,0
2026-05-12 12:20:00+00:00,3.6070001125335693,3.609999895095825,3.6029999256134033,3.6029999256134033,0
2026-05-13 12:20:00+00:00,3.6050000190734863,3.609999895095825,3.5999999046325684,3.5999999046325684,0
2026-05-14 12:20:00+00:00,3.5929999351501465,3.5929999351501465,3.5880000591278076,3.5880000591278076,0
2026-05-15 12:20:00+00:00,3.5950000286102295,3.5950000286102295,3.5880000591278076,3.5880000591278076,0
2026-05-18 12:20:00+00:00,3.5899999141693115,3.5899999141693115,3.568000078201294,3.568000078201294,0
2026-05-19 12:20:00+00:00,3.5850000381469727,3.5850000381469727,3.575000047683716,3.575000047683716,0
2026-05-20 12:20:00+00:00,3.568000078201294,3.569999933242798,3.549999952316284,3.556999921798706,0
2026-05-21 12:20:00+00:00,3.562999963760376,3.5820000171661377,3.562999963760376,3.5820000171661377,0
2026-05-22 12:20:00+00:00,3.572000026702881,3.5899999141693115,3.569999933242798,3.5850000381469727,0
2026-05-26 12:20:00+00:00,3.5799999237060547,3.5820000171661377,3.5799999237060547,3.5820000171661377,0
2026-05-27 12:20:00+00:00,3.5880000591278076,3.5880000591278076,3.5820000171661377,3.5850000381469727,0
2026-05-28 12:20:00+00:00,3.5850000381469727,3.5899999141693115,3.5820000171661377,3.5899999141693115,0
2026-05-29 12:20:00+00:00,3.5850000381469727,3.5880000591278076,3.5820000171661377,3.5880000591278076,0
2026-06-01 12:20:00+00:00,3.5899999141693115,3.625,3.5899999141693115,3.619999885559082,0
2026-06-02 12:20:00+00:00,3.618000030517578,3.622999906539917,3.618000030517578,3.618000030517578,0
2026-06-03 12:20:00+00:00,3.618000030517578,3.622999906539917,3.618000030517578,3.622999906539917,0
2026-06-04 12:20:00+00:00,3.619999885559082,3.619999885559082,3.619999885559082,3.619999885559082,0
2026-06-05 12:20:00+00:00,3.615000009536743,3.630000114440918,3.615000009536743,3.625,0
2026-06-08 12:20:00+00:00,3.622999906539917,3.628000020980835,3.622999906539917,3.628000020980835,0
2026-06-09 12:20:00+00:00,3.634999990463257,3.634999990463257,3.634999990463257,3.634999990463257,0
2026-06-10 12:20:00+00:00,3.631999969482422,3.634999990463257,3.631999969482422,3.634999990463257,0
2026-06-11 12:20:00+00:00,3.628000020980835,3.631999969482422,3.619999885559082,3.622999906539917,0
2026-06-12 12:20:00+00:00,3.619999885559082,3.622999906539917,3.615000009536743,3.618000030517578,0
2026-06-15 12:20:00+00:00,3.615000009536743,3.619999885559082,3.611999988555908,3.618000030517578,0
2026-06-16 12:20:00+00:00,3.631999969482422,3.634999990463257,3.630000114440918,3.630000114440918,0
2026-06-17 12:20:00+00:00,3.630000114440918,3.6500000953674316,3.625,3.6470000743865967,0
2026-06-18 12:20:00+00:00,3.6579999923706055,3.6630001068115234,3.6530001163482666,3.6579999923706055,0
2026-06-22 12:20:00+00:00,3.6600000858306885,3.681999921798706,3.6600000858306885,3.680000066757202,0
2026-06-23 12:20:00+00:00,3.693000078201294,3.694999933242798,3.690000057220459,3.690000057220459,0
2026-06-24 12:20:00+00:00,3.690000057220459,3.693000078201294,3.687999963760376,3.690000057220459,0
2026-06-25 12:20:00+00:00,3.693000078201294,3.693000078201294,3.674999952316284,3.680000066757202,0
2026-06-26 12:20:00+00:00,3.6679999828338623,3.6700000762939453,3.6579999923706055,3.6630001068115234,0
2026-06-29 12:20:00+00:00,3.6579999923706055,3.684999942779541,3.6579999923706055,3.680000066757202,0
2026-06-30 12:20:00+00:00,3.734999895095825,3.740000009536743,3.7320001125335693,3.7320001125335693,0
2026-07-01 12:20:00+00:00,3.7320001125335693,3.736999988555908,3.700000047683716,3.700000047683716,0
2026-07-02 12:20:00+00:00,3.687999963760376,3.687999963760376,3.6470000743865967,3.6679999828338623,0
2026-07-06 12:20:00+00:00,3.6600000858306885,3.697000026702881,3.6600000858306885,3.690000057220459,0
2026-07-07 12:20:00+00:00,3.7249999046325684,3.7249999046325684,3.7249999046325684,3.7249999046325684,0
2026-07-08 12:20:00+00:00,3.7249999046325684,3.7279999256134033,3.7230000495910645,3.7230000495910645,0
2026-07-09 12:20:00+00:00,3.703000068664551,3.703000068664551,3.680000066757202,3.681999921798706,0
2026-07-10 12:20:00+00:00,3.674999952316284,3.694999933242798,3.674999952316284,3.694999933242798,0
2026-07-13 12:20:00+00:00,3.703000068664551,3.743000030517578,3.703000068664551,3.7279999256134033,0
2026-07-14 12:20:00+00:00,3.75,3.75,3.693000078201294,3.700000047683716,0
2026-07-15 12:20:00+00:00,3.700000047683716,3.700000047683716,3.671999931335449,3.687999963760376,0
2026-07-16 12:20:00+00:00,3.684999942779541,3.697000026702881,3.684999942779541,3.697000026702881,0
2026-07-17 12:20:00+00:00,3.693000078201294,3.7070000171661377,3.684999942779541,3.7070000171661377,0
2026-07-20 12:20:00+00:00,3.7049999237060547,3.7179999351501465,3.703000068664551,3.7049999237060547,0
2026-07-21 12:20:00+00:00,3.7200000286102295,3.734999895095825,3.7200000286102295,3.7300000190734863,0
2026-07-22 12:20:00+00:00,3.7300000190734863,3.753000020980835,3.7300000190734863,3.744999885559082,0
2026-07-23 12:20:00+00:00,3.755000114440918,3.799999952316284,3.755000114440918,3.799999952316284,0
2026-07-24 12:20:00+00:00,3.7880001068115234,3.805000066757202,3.7880001068115234,3.805000066757202,0
2026-07-27 12:20:00+00:00,3.799999952316284,3.819999933242798,3.796999931335449,3.796999931335449,0
2026-07-28 12:20:00+00:00,3.805000066757202,3.806999921798706,3.75,3.759999990463257,0
2026-07-29 12:20:00+00:00,3.763000011444092,3.7799999713897705,3.6549999713897705,3.6579999923706055,0
2026-07-30 12:20:00+00:00,3.6679999828338623,3.674999952316284,3.6470000743865967,3.674999952316284,0
2026-07-31 12:20:00+00:00,3.674999952316284,3.687999963760376,3.674999952316284,3.681999921798706,0
2026-08-03 12:20:00+00:00,3.687999963760376,3.7049999237060547,3.687999963760376,3.700000047683716,0
2026-08-04 12:20:00+00:00,3.734999895095825,3.734999895095825,3.7279999256134033,3.7300000190734863,0
2026-08-05 12:20:00+00:00,3.7300000190734863,3.734999895095825,3.7249999046325684,3.7249999046325684,0
2026-08-06 12:20:00+00:00,3.7279999256134033,3.734999895095825,3.7279999256134033,3.7320001125335693,0
2026-08-07 12:20:00+00:00,3.7300000190734863,3.7300000190734863,3.697000026702881,3.7100000381469727,0
2026-08-10 12:20:00+00:00,3.7149999141693115,3.7200000286102295,3.7149999141693115,3.7179999351501465,0
2026-08-11 12:20:00+00:00,3.7300000190734863,3.7300000190734863,3.7249999046325684,3.7300000190734863,0
2026-08-12 12:20:00+00:00,3.7200000286102295,3.7279999256134033,3.7049999237060547,3.7070000171661377,0
2026-08-13 12:20:00+00:00,3.703000068664551,3.7049999237060547,3.693000078201294,3.7049999237060547,0
2026-08-14 12:20:00+00:00,3.697000026702881,3.700000047683716,3.694999933242798,3.697000026702881,0
2026-08-17 12:20:00+00:00,3.694999933242798,3.7049999237060547,3.694999933242798,3.703000068664551,0
2026-08-18 12:20:00+00:00,3.7100000381469727,3.7130000591278076,3.7049999237060547,3.7049999237060547,0
2026-08-19 12:20:00+00:00,3.700000047683716,3.7070000171661377,3.697000026702881,3.700000047683716,0
2026-08-20 12:20:00+00:00,3.700000047683716,3.7049999237060547,3.697000026702881,3.703000068664551,0
2026-08-21 12:20:00+00:00,3.697000026702881,3.7179999351501465,3.697000026702881,3.7100000381469727,0
2026-08-24 12:20:00+00:00,3.7049999237060547,3.7179999351501465,3.703000068664551,3.703000068664551,0
2026-08-25 12:20:00+00:00,3.7049999237060547,3.7100000381469727,3.703000068664551,3.7049999237060547,0
2026-08-26 12:20:00+00:00,3.694999933242798,3.700000047683716,3.684999942779541,3.690000057220459,0
2026-08-27 12:20:00+00:00,3.680000066757202,3.684999942779541,3.677999973297119,3.677999973297119,0
2026-08-28 12:20:00+00:00,3.674999952316284,3.734999895095825,3.6600000858306885,3.7300000190734863,0
2026-08-31 12:20:00+00:00,3.7279999256134033,3.743000030517578,3.7279999256134033,3.7320001125335693,0
2026-09-01 12:20:00+00:00,3.765000104904175,3.7780001163482666,3.765000104904175,3.7720000743865967,0
2026-09-02 12:20:00+00:00,3.7750000953674316,3.7750000953674316,3.7699999809265137,3.7720000743865967,0
2026-09-03 12:20:00+00:00,3.7679998874664307,3.7679998874664307,3.740000009536743,3.740000009536743,0
2026-09-04 12:20:00+00:00,3.744999885559082,3.7699999809265137,3.7300000190734863,3.756999969482422,0
2026-09-08 12:20:00+00:00,3.765000104904175,3.7780001163482666,3.759999990463257,3.7750000953674316,0
2026-09-09 12:20:00+00:00,3.802999973297119,3.812999963760376,3.7950000762939453,3.805000066757202,0
2026-09-10 12:20:00+00:00,3.806999921798706,3.8480000495910645,3.802999973297119,3.8450000286102295,0
2026-09-11 12:20:00+00:00,3.8399999141693115,3.9130001068115234,3.8299999237060547,3.9130001068115234,0
2026-09-14 12:20:00+00:00,3.9079999923706055,3.934999942779541,3.9079999923706055,3.934999942779541,0
2026-09-15 12:20:00+00:00,3.953000068664551,3.9600000381469727,3.953000068664551,3.9600000381469727,0
2026-09-16 12:20:00+00:00,3.950000047683716,3.9700000286102295,3.9200000762939453,3.9700000286102295,0
2026-09-17 12:20:00+00:00,3.9570000171661377,3.9649999141693115,3.9570000171661377,3.9649999141693115,0
2026-09-18 12:20:00+00:00,3.9649999141693115,3.9820001125335693,3.9649999141693115,3.9779999256134033,0
2026-09-21 12:20:00+00:00,3.9730000495910645,3.986999988555908,3.9730000495910645,3.9820001125335693,0
2026-09-22 12:20:00+00:00,4.005000114440918,4.010000228881836,4.002999782562256,4.005000114440918,0
2026-09-23 12:20:00+00:00,4.005000114440918,4.03000020980835,4.002999782562256,4.0279998779296875,0
2026-09-24 12:20:00+00:00,4.0279998779296875,4.072000026702881,4.0279998779296875,4.067999839782715,0
2026-09-25 12:20:00+00:00,4.065000057220459,4.0879998207092285,4.057000160217285,4.070000171661377,0
2026-09-28 12:20:00+00:00,4.074999809265137,4.088000297546387,4.050000190734863,4.057000160217285,0
